chrom	pos	ref_allele	alt_allele	driver_stat	20GCContent	20CpGCount	20CpG_obs_exp	40GCContent	40CpGCount	40CpG_obs_exp	60GCContent	60CpGCount	60CpG_obs_exp	80GCContent	80CpGCount	80CpG_obs_exp	100GCContent	100CpGCount	100CpG_obs_exp	200GCContent	200CpGCount	200CpG_obs_exp	500GCContent	500CpGCount	500CpG_obs_exp	1000GCContent	1000CpGCount	1000CpG_obs_exp	2000GCContent	2000CpGCount	2000CpG_obs_exp
chr1	803749	T	TA	0	10.0	0	0.0	20.0	0	0.0	25.0	0	0.0	30.0	0	0.0	32.0	0	0.0	40.0	0	0.0	37.2	3	0.18	43.6	8	0.17	42.0	17	0.19
chr1	1641722	TTCCTCCTCC	T	0	55.0	0	0.0	60.0	0	0.0	58.33	1	0.4	58.75	1	0.22	59.0	1	0.18	58.0	6	0.48	56.0	18	0.48	54.7	44	0.6	58.25	94	0.56
chr1	1716453	C	CTTTCTT	0	45.0	1	1.11	47.5	4	2.05	46.67	5	1.75	42.5	5	1.52	46.0	7	1.36	48.0	11	1.02	49.8	18	0.61	46.9	29	0.54	45.95	48	0.46
chr1	1752907	C	CCCT	0	65.0	0	0.0	62.5	0	0.0	65.0	1	0.18	65.0	3	0.36	64.0	4	0.39	62.5	11	0.56	59.4	19	0.43	60.3	34	0.37	58.85	70	0.4
chr1	1752907	CCCT	C	0	65.0	0	0.0	62.5	0	0.0	65.0	1	0.18	65.0	3	0.36	64.0	4	0.39	62.5	11	0.56	59.4	19	0.43	60.3	34	0.37	58.85	70	0.4
chr1	1919187	CAGCGGCAGG	C	0	80.0	2	0.63	82.5	6	0.88	75.0	8	0.96	75.0	10	0.9	77.0	14	0.95	75.5	22	0.79	75.4	54	0.76	73.9	101	0.75	69.85	149	0.61
chr1	2192905	T	TTTG	0	40.0	1	1.25	50.0	2	0.8	55.0	3	0.66	55.0	4	0.67	56.0	5	0.64	57.5	6	0.36	57.6	13	0.32	53.4	25	0.35	57.85	68	0.41
chr1	2327506	C	CA	0	40.0	0	0.0	42.5	0	0.0	41.67	0	0.0	40.0	0	0.0	40.0	0	0.0	47.5	4	0.37	51.4	15	0.45	52.4	33	0.49	59.5	80	0.45
chr1	2498646	G	GGTGGGGGCC	0	80.0	1	0.51	75.0	1	0.19	76.67	5	0.6	73.75	5	0.48	75.0	6	0.46	71.0	11	0.44	68.4	22	0.38	68.0	36	0.31	66.6	55	0.25
chr1	2529504	C	CGCG	0	90.0	4	1.11	90.0	9	1.25	85.0	10	1.01	83.75	13	0.98	85.0	16	0.94	84.0	36	1.05	74.0	62	0.92	69.5	103	0.86	68.8	187	0.79
chr1	2629378	CCAG	C	0	70.0	1	0.41	70.0	1	0.2	71.67	1	0.14	70.0	3	0.31	71.0	6	0.49	74.0	18	0.66	74.8	38	0.54	72.9	74	0.56	69.15	120	0.51
chr1	3021842	CAGA	C	0	55.0	0	0.0	55.0	0	0.0	56.67	0	0.0	57.5	0	0.0	60.0	1	0.11	61.5	5	0.27	58.8	20	0.47	61.4	38	0.4	60.05	67	0.37
chr1	6469121	TTCC	T	0	65.0	1	0.91	62.5	1	0.4	61.67	1	0.24	62.5	1	0.15	61.0	2	0.26	63.5	5	0.25	61.0	10	0.22	60.9	18	0.19	60.1	42	0.23
chr1	6469121	TTCCTCC	T	0	65.0	1	0.91	62.5	1	0.4	61.67	1	0.24	62.5	1	0.15	61.0	2	0.26	63.5	5	0.25	61.0	10	0.22	60.9	18	0.19	60.1	42	0.23
chr1	8656261	CTCTTTG	C	0	55.0	1	0.83	55.0	3	1.03	55.0	5	1.15	51.25	5	1.03	52.0	7	1.09	53.5	11	0.81	44.8	19	0.79	41.3	22	0.53	43.9	44	0.46
chr1	10365417	A	AC	0	55.0	1	0.67	47.5	1	0.45	48.33	2	0.58	46.25	2	0.48	48.0	3	0.52	50.5	6	0.48	53.0	13	0.37	48.6	23	0.39	47.25	47	0.42
chr1	10639082	CTCGTCG	C	0	70.0	3	1.22	70.0	8	1.64	68.33	11	1.59	71.25	16	1.6	73.0	22	1.71	76.0	38	1.39	81.6	92	1.11	76.5	145	0.99	70.05	220	0.9
chr1	11650721	C	CGCG	0	75.0	4	1.43	82.5	8	1.18	78.33	9	0.99	76.25	11	0.96	78.0	14	0.94	75.5	22	0.79	70.4	39	0.64	64.6	52	0.51	59.6	72	0.42
chr1	12879724	C	CG	0	65.0	1	0.48	60.0	1	0.29	56.67	2	0.42	52.5	2	0.37	48.0	2	0.35	52.0	2	0.15	49.0	5	0.17	48.2	10	0.17	47.1	13	0.12
chr1	13778625	T	TGAA	0	50.0	0	0.0	47.5	0	0.0	48.33	0	0.0	45.0	0	0.0	48.0	1	2.13	50.0	4	0.43	49.4	8	0.27	46.9	24	0.44	44.95	38	0.38
chr1	13779898	A	ACTC	0	35.0	0	0.0	42.5	0	0.0	38.33	0	0.0	36.25	0	0.0	36.0	0	0.0	40.0	0	0.0	47.6	8	0.29	44.6	12	0.24	48.2	40	0.35
chr1	15493811	A	AC	0	60.0	0	0.0	67.5	0	0.0	61.67	0	0.0	61.25	1	0.16	63.0	1	0.11	59.5	2	0.12	60.0	10	0.22	56.9	16	0.2	53.4	38	0.27
chr1	15935986	C	CGTCCCT	0	75.0	1	0.56	80.0	1	0.36	75.0	1	0.23	71.25	1	0.16	69.0	1	0.12	66.5	2	0.1	63.8	18	0.36	62.0	31	0.33	57.9	50	0.3
chr1	16400809	G	GCTT	0	50.0	0	0.0	62.5	2	0.53	63.33	3	0.5	58.75	4	0.58	59.0	5	0.58	58.5	6	0.35	57.0	7	0.17	52.2	13	0.19	51.1	30	0.23
chr1	16565776	C	CT	0	55.0	0	0.0	57.5	0	0.0	58.33	0	0.0	51.25	0	0.0	49.0	0	0.0	48.5	0	0.0	45.0	1	0.04	44.8	5	0.1	43.25	13	0.14
chr1	16565780	TG	T	0	60.0	0	0.0	60.0	0	0.0	61.67	0	0.0	52.5	0	0.0	48.0	0	0.0	49.5	0	0.0	45.0	1	0.04	44.8	5	0.1	43.25	13	0.14
chr1	17618488	CCCT	C	0	65.0	1	0.91	70.0	3	1.25	70.0	3	0.83	66.25	3	0.46	68.0	4	0.4	67.5	9	0.4	64.4	18	0.36	59.7	27	0.31	59.6	53	0.3
chr1	19081799	G	GC	0	60.0	0	0.0	57.5	0	0.0	60.0	2	0.54	56.25	2	0.46	56.0	3	0.57	54.5	6	0.57	51.0	12	0.38	51.4	24	0.37	49.75	36	0.29
chr1	19270779	TC	T	0	60.0	1	0.57	70.0	3	0.62	66.67	3	0.46	63.75	3	0.37	63.0	3	0.31	60.5	6	0.33	58.8	10	0.23	57.7	20	0.24	53.4	36	0.26
chr1	20553773	CGAG	C	0	65.0	1	0.91	65.0	1	0.3	71.67	7	1.0	72.5	9	0.97	73.0	11	0.9	74.5	24	0.88	77.6	69	0.92	73.8	120	0.89	69.15	182	0.76
chr1	21474941	TGTCTCCCAG	T	0	55.0	0	0.0	50.0	0	0.0	48.33	0	0.0	43.75	0	0.0	42.0	0	0.0	40.0	0	0.0	41.4	1	0.05	39.5	3	0.08	41.2	7	0.08
chr1	21706891	G	GA	0	10.0	0	0.0	20.0	0	0.0	23.33	0	0.0	23.75	0	0.0	24.0	0	0.0	31.0	1	0.21	37.4	6	0.35	39.0	10	0.27	36.55	19	0.29
chr1	21706891	GA	G	0	10.0	0	0.0	20.0	0	0.0	23.33	0	0.0	23.75	0	0.0	24.0	0	0.0	31.0	1	0.21	37.4	6	0.35	39.0	10	0.27	36.55	19	0.29
chr1	21977913	GC	G	0	55.0	0	0.0	52.5	0	0.0	50.0	1	0.27	46.25	2	0.47	47.0	4	0.73	49.5	4	0.34	45.6	4	0.16	48.2	11	0.19	50.35	26	0.21
chr1	23640403	T	TAAG	0	40.0	0	0.0	35.0	0	0.0	33.33	0	0.0	36.25	0	0.0	39.0	0	0.0	44.0	1	0.1	46.0	2	0.08	48.0	7	0.12	49.95	21	0.17
chr1	26183818	AC	A	0	70.0	2	1.0	57.5	2	0.67	61.67	3	0.58	65.0	5	0.67	66.0	6	0.6	66.0	7	0.35	64.0	9	0.18	62.8	21	0.22	60.55	30	0.17
chr1	26282333	TGGGGCCG	T	0	75.0	1	0.45	75.0	2	0.38	76.67	3	0.42	73.75	5	0.54	74.0	7	0.61	72.0	14	0.6	67.2	27	0.49	63.8	39	0.39	60.05	51	0.28
chr1	26282343	ACCGGGACCGGGACTGGG	A	0	85.0	2	0.57	77.5	3	0.61	78.33	5	0.6	77.5	6	0.57	75.0	7	0.59	72.5	14	0.6	67.2	27	0.49	64.1	39	0.38	60.2	51	0.28
chr1	26282356	CTGGGGCCGGG	C	0	85.0	3	0.91	85.0	5	0.76	80.0	6	0.7	80.0	8	0.69	80.0	9	0.63	73.0	16	0.66	67.6	27	0.49	64.3	39	0.38	60.2	51	0.28
chr1	26282367	ACCGGGACC	A	0	85.0	2	0.57	82.5	4	0.7	85.0	8	0.81	81.25	9	0.75	79.0	9	0.64	73.0	16	0.67	68.0	27	0.48	64.8	40	0.38	60.25	52	0.29
chr1	26282373	ACC	A	0	80.0	3	0.95	82.5	4	0.7	83.33	8	0.83	82.5	9	0.71	76.0	9	0.69	71.5	15	0.65	68.4	27	0.47	64.8	41	0.39	60.1	52	0.29
chr1	26282385	GCCGGGA	G	0	85.0	2	0.57	82.5	5	0.83	80.0	6	0.68	75.0	8	0.77	76.0	9	0.68	72.0	14	0.59	69.2	27	0.46	64.8	42	0.4	60.1	52	0.29
chr1	26696447	CCCG	C	0	80.0	2	0.67	87.5	7	1.01	83.33	10	1.04	80.0	13	1.05	77.0	13	0.88	78.5	30	1.0	80.4	70	0.9	77.4	123	0.82	76.35	245	0.84
chr1	27373178	AG	A	0	60.0	0	0.0	57.5	0	0.0	61.67	1	0.18	66.25	3	0.34	64.0	3	0.3	64.0	5	0.24	59.2	5	0.11	57.0	13	0.16	55.65	31	0.21
chr1	27942317	T	TC	0	70.0	0	0.0	57.5	0	0.0	61.67	0	0.0	62.5	2	0.26	62.0	2	0.21	58.0	3	0.18	52.2	8	0.24	53.6	17	0.24	50.65	27	0.21
chr1	27942321	C	CG	0	65.0	0	0.0	60.0	0	0.0	61.67	0	0.0	62.5	2	0.26	62.0	2	0.21	59.5	3	0.17	52.4	8	0.23	53.5	17	0.24	50.65	27	0.21
chr1	30908465	CCAG	C	0	85.0	3	0.86	80.0	5	0.83	78.33	8	0.88	78.75	10	0.81	81.0	14	0.85	88.0	33	0.85	84.4	80	0.93	81.2	139	0.85	73.1	188	0.71
chr1	31433041	A	ACAG	0	60.0	1	0.62	62.5	1	0.27	65.0	2	0.32	66.25	3	0.34	63.0	3	0.3	63.0	8	0.42	59.0	16	0.37	54.1	24	0.33	51.1	31	0.25
chr1	31914394	CTATT	C	0	30.0	0	0.0	17.5	0	0.0	25.0	0	0.0	32.5	0	0.0	36.0	0	0.0	41.0	0	0.0	43.0	4	0.18	39.0	6	0.17	36.0	8	0.13
chr1	32209140	T	TG	0	65.0	1	0.5	57.5	1	0.32	61.67	1	0.18	62.5	1	0.13	62.0	3	0.31	59.5	4	0.23	57.0	7	0.17	52.4	11	0.16	52.75	26	0.19
chr1	33312067	TAGTC	T	0	45.0	0	0.0	50.0	0	0.0	53.33	0	0.0	55.0	0	0.0	56.0	0	0.0	58.5	2	0.12	58.6	6	0.14	58.7	11	0.13	55.2	23	0.15
chr1	34761405	TTGTC	T	0	50.0	0	0.0	52.5	1	0.37	60.0	2	0.39	62.5	4	0.53	60.0	6	0.69	60.5	11	0.6	61.2	27	0.58	56.2	37	0.47	56.15	57	0.36
chr1	35738057	TTTC	T	0	45.0	0	0.0	42.5	0	0.0	40.0	0	0.0	42.5	0	0.0	42.0	0	0.0	36.5	0	0.0	38.8	0	0.0	38.9	3	0.08	41.2	14	0.17
chr1	36178098	GAGA	G	0	60.0	1	0.74	62.5	2	0.52	63.33	2	0.33	66.25	5	0.57	70.0	9	0.74	72.0	15	0.58	67.2	20	0.36	63.4	44	0.44	62.25	101	0.53
chr1	38046635	GGCC	G	0	80.0	5	1.67	82.5	8	1.32	85.0	14	1.33	81.25	18	1.39	76.0	19	1.35	79.0	34	1.1	80.4	86	1.09	80.6	156	0.98	75.85	284	1.0
chr1	39876089	C	CA	0	55.0	0	0.0	60.0	0	0.0	53.33	0	0.0	53.75	0	0.0	52.0	0	0.0	44.5	0	0.0	40.2	2	0.1	37.9	3	0.08	42.75	20	0.22
chr1	40515334	CTG	C	0	55.0	0	0.0	55.0	0	0.0	56.67	0	0.0	56.25	0	0.0	53.0	0	0.0	48.5	0	0.0	50.8	7	0.22	48.6	8	0.14	43.75	12	0.13
chr1	40515572	C	CG	0	65.0	2	1.11	60.0	3	0.94	55.0	3	0.83	56.25	4	0.74	59.0	4	0.54	53.5	5	0.37	47.8	5	0.18	46.3	8	0.15	45.3	15	0.15
chr1	42536527	AAG	A	0	45.0	0	0.0	40.0	0	0.0	38.33	0	0.0	41.25	0	0.0	41.0	0	0.0	35.0	0	0.0	33.8	0	0.0	35.7	0	0.0	37.2	9	0.13
chr1	44130706	CCAA	C	0	55.0	0	0.0	57.5	1	0.32	58.33	2	0.4	58.75	2	0.3	56.0	2	0.27	50.5	4	0.32	50.6	12	0.39	52.0	22	0.33	51.75	39	0.29
chr1	46815073	GAT	G	0	50.0	0	0.0	42.5	0	0.0	45.0	0	0.0	48.75	1	0.23	50.0	1	0.17	49.0	1	0.09	52.8	6	0.17	50.3	9	0.14	52.0	16	0.12
chr1	47438995	T	TCCGCAC	0	85.0	3	1.15	87.5	7	1.06	81.67	11	1.25	82.5	15	1.24	83.0	18	1.13	78.5	32	1.11	77.4	74	1.01	73.6	125	0.93	72.3	234	0.9
chr1	48103805	CTG	C	0	55.0	0	0.0	57.5	2	1.05	51.67	2	0.8	48.75	2	0.81	50.0	2	0.6	52.0	5	0.44	44.8	5	0.23	47.9	8	0.15	49.45	16	0.14
chr1	48104036	G	GT	0	30.0	0	0.0	37.5	0	0.0	35.0	0	0.0	38.75	0	0.0	41.0	0	0.0	45.0	1	0.11	49.0	5	0.18	47.4	8	0.15	48.65	13	0.11
chr1	48104036	GT	G	0	30.0	0	0.0	37.5	0	0.0	35.0	0	0.0	38.75	0	0.0	41.0	0	0.0	45.0	1	0.11	49.0	5	0.18	47.4	8	0.15	48.65	13	0.11
chr1	50419100	CCGGCGG	C	0	95.0	3	0.68	92.5	7	0.82	91.67	12	0.95	91.25	18	1.09	88.0	20	1.05	81.5	30	0.91	77.4	68	0.91	74.1	120	0.87	64.7	160	0.77
chr1	51302084	G	GCACCTCCCTC	0	70.0	0	0.0	65.0	0	0.0	60.0	0	0.0	58.75	0	0.0	54.0	1	0.2	54.0	1	0.08	57.8	5	0.13	58.5	22	0.26	54.5	30	0.21
chr1	51840390	ATCT	A	0	35.0	0	0.0	42.5	0	0.0	41.67	0	0.0	41.25	1	0.89	40.0	1	0.57	38.0	1	0.21	35.2	2	0.15	32.3	3	0.12	35.4	8	0.13
chr1	53327838	TGCA	T	0	65.0	0	0.0	67.5	2	0.44	66.67	3	0.45	70.0	6	0.61	70.0	8	0.65	73.5	19	0.71	76.4	65	0.89	74.4	118	0.87	69.05	179	0.75
chr1	53459699	G	GCCGCCC	0	95.0	3	0.68	90.0	6	0.8	88.33	8	0.71	83.75	11	0.81	84.0	14	0.81	80.0	28	0.88	73.0	57	0.86	65.6	83	0.77	57.2	118	0.72
chr1	54139644	T	TGGG	0	60.0	0	0.0	60.0	0	0.0	56.67	0	0.0	57.5	0	0.0	56.0	0	0.0	59.5	5	0.29	58.4	11	0.27	57.0	18	0.23	53.1	22	0.16
chr1	54139645	G	GC	0	65.0	0	0.0	57.5	0	0.0	56.67	0	0.0	57.5	0	0.0	57.0	0	0.0	59.5	5	0.29	58.4	11	0.27	57.0	18	0.23	53.1	22	0.16
chr1	55039878	A	ACTG	0	70.0	1	0.42	72.5	2	0.38	70.0	2	0.27	72.5	5	0.48	75.0	8	0.57	70.5	17	0.68	71.0	49	0.78	67.6	90	0.79	61.45	123	0.66
chr1	55214866	G	GGCC	0	95.0	4	0.91	90.0	9	1.11	88.33	12	1.09	86.25	17	1.2	89.0	20	1.03	81.5	30	0.91	71.6	47	0.74	70.5	91	0.75	67.15	167	0.78
chr1	62206716	T	TAACAGA	0	35.0	0	0.0	35.0	0	0.0	36.67	1	0.5	32.5	1	0.5	33.0	1	0.38	32.5	2	0.38	32.2	3	0.24	31.7	7	0.28	34.9	11	0.18
chr1	74109527	G	GT	0	25.0	0	0.0	25.0	0	0.0	35.0	0	0.0	32.5	0	0.0	34.0	0	0.0	32.0	0	0.0	27.4	1	0.11	26.1	2	0.12	28.1	4	0.1
chr1	74144478	G	GT	0	10.0	0	0.0	17.5	1	3.33	23.33	1	1.33	23.75	1	0.95	24.0	1	0.74	24.5	1	0.34	28.8	2	0.2	29.2	4	0.2	29.9	8	0.18
chr1	74572172	CCCT	C	0	60.0	0	0.0	52.5	0	0.0	51.67	0	0.0	48.75	0	0.0	48.0	1	0.2	49.5	3	0.26	53.4	7	0.21	51.2	14	0.24	52.85	33	0.26
chr1	76868606	G	GCAGCAA	0	65.0	0	0.0	70.0	1	0.21	70.0	4	0.55	73.75	7	0.64	73.0	9	0.68	71.0	18	0.71	70.4	44	0.72	66.1	73	0.67	60.05	116	0.64
chr1	77558659	C	CTAT	0	30.0	0	0.0	37.5	0	0.0	35.0	0	0.0	38.75	1	0.33	39.0	1	0.26	32.0	1	0.2	37.0	2	0.12	42.2	6	0.14	39.6	10	0.13
chr1	78662884	G	GT	0	40.0	0	0.0	45.0	0	0.0	48.33	1	0.5	45.0	1	0.36	48.0	1	0.22	45.0	2	0.22	39.8	3	0.15	38.3	3	0.08	37.2	10	0.14
chr1	84574314	CGCAGCGCCA	C	0	90.0	5	1.25	80.0	7	1.11	80.0	9	0.94	76.25	10	0.86	78.0	13	0.86	72.0	26	1.02	68.8	50	0.87	60.4	70	0.78	49.9	81	0.66
chr1	84574340	CAGCAGCGCT	C	0	80.0	2	0.63	77.5	5	0.84	78.33	10	1.1	78.75	13	1.05	78.0	16	1.05	72.5	27	1.04	70.0	53	0.89	60.8	70	0.77	49.75	81	0.66
chr1	85132995	T	TA	0	40.0	0	0.0	45.0	0	0.0	46.67	0	0.0	43.75	0	0.0	44.0	0	0.0	39.0	0	0.0	34.6	0	0.0	40.1	1	0.03	40.0	6	0.08
chr1	86580212	TCCTACA	T	0	45.0	0	0.0	42.5	0	0.0	43.33	0	0.0	41.25	0	0.0	39.0	0	0.0	36.0	1	0.16	33.4	2	0.15	30.1	5	0.22	32.7	9	0.17
chr1	86580218	A	ACCTACT	0	45.0	0	0.0	45.0	0	0.0	46.67	0	0.0	41.25	0	0.0	39.0	0	0.0	35.0	1	0.17	33.4	2	0.15	30.0	5	0.22	32.65	9	0.17
chr1	86580218	ACCTACT	A	0	45.0	0	0.0	45.0	0	0.0	46.67	0	0.0	41.25	0	0.0	39.0	0	0.0	35.0	1	0.17	33.4	2	0.15	30.0	5	0.22	32.65	9	0.17
chr1	88784797	ATCT	A	0	30.0	1	2.22	37.5	3	2.22	38.33	4	1.85	40.0	4	1.25	36.0	4	1.24	37.5	4	0.57	33.2	6	0.45	37.2	8	0.23	37.6	16	0.23
chr1	88983824	AT	A	0	30.0	0	0.0	47.5	2	0.89	50.0	3	0.83	52.5	3	0.56	50.0	4	0.64	50.0	8	0.64	45.8	14	0.53	45.4	18	0.35	45.3	43	0.42
chr1	89007757	G	GT	0	20.0	0	0.0	32.5	1	0.95	35.0	1	0.55	33.75	1	0.44	33.0	1	0.37	37.5	2	0.28	33.2	2	0.15	35.6	4	0.13	35.5	8	0.13
chr1	103533843	G	GA	0	35.0	0	0.0	40.0	0	0.0	40.0	0	0.0	38.75	1	0.34	36.0	1	0.31	32.0	2	0.39	31.4	3	0.25	33.4	5	0.18	33.5	8	0.15
chr1	103533843	GA	G	0	35.0	0	0.0	40.0	0	0.0	40.0	0	0.0	38.75	1	0.34	36.0	1	0.31	32.0	2	0.39	31.4	3	0.25	33.4	5	0.18	33.5	8	0.15
chr1	108922542	ACTT	A	0	40.0	0	0.0	47.5	0	0.0	41.67	0	0.0	38.75	0	0.0	39.0	0	0.0	37.0	2	0.3	33.0	3	0.22	34.8	6	0.2	35.95	12	0.19
chr1	109250112	A	ACGC	0	80.0	3	1.54	85.0	7	1.17	80.0	9	1.0	75.0	9	0.81	78.0	12	0.79	75.5	22	0.77	74.6	49	0.71	74.1	99	0.73	67.9	153	0.67
chr1	111290865	C	CCT	0	50.0	1	0.95	55.0	3	1.03	58.33	3	0.59	55.0	4	0.66	55.0	5	0.67	51.5	5	0.38	41.0	8	0.38	38.9	10	0.27	40.2	19	0.24
chr1	112710228	CTTG	C	0	55.0	1	0.67	60.0	2	0.56	60.0	4	0.74	62.5	5	0.68	67.0	6	0.54	63.5	6	0.3	53.6	8	0.22	52.9	12	0.17	51.95	22	0.16
chr1	114994978	G	GA	0	15.0	0	0.0	22.5	0	0.0	33.33	1	0.71	33.75	2	1.14	32.0	2	0.97	35.5	3	0.49	30.6	3	0.26	30.5	4	0.17	31.3	7	0.14
chr1	116579662	G	GTCC	0	65.0	5	2.5	65.0	6	1.5	65.0	8	1.48	65.0	8	1.08	65.0	9	0.93	63.0	10	0.54	62.2	20	0.41	47.4	21	0.38	45.15	32	0.31
chr1	120069387	CGG	C	0	75.0	2	0.71	77.5	4	0.67	73.33	6	0.75	73.75	9	0.83	79.0	14	0.9	76.0	24	0.83	73.4	55	0.83	71.8	107	0.84	62.75	141	0.72
chr1	145575760	GGATA	G	0	35.0	0	0.0	42.5	0	0.0	45.0	0	0.0	46.25	0	0.0	51.0	0	0.0	46.0	0	0.0	43.8	3	0.13	44.4	5	0.1	43.2	11	0.12
chr1	146105062	AGAAGAC	A	0	60.0	0	0.0	60.0	0	0.0	50.0	0	0.0	46.25	0	0.0	46.0	0	0.0	47.0	1	0.09	43.2	3	0.13	42.6	6	0.13	45.05	14	0.14
chr1	148105469	C	CATCT	0	40.0	0	0.0	45.0	0	0.0	46.67	0	0.0	47.5	0	0.0	52.0	0	0.0	47.5	1	0.09	44.0	3	0.12	44.2	5	0.1	43.4	11	0.12
chr1	148870292	GAA	G	0	20.0	0	0.0	27.5	0	0.0	40.0	0	0.0	42.5	0	0.0	46.0	0	0.0	50.5	1	0.08	42.6	3	0.13	40.0	7	0.18	40.05	11	0.14
chr1	148870293	GA	G	0	15.0	0	0.0	30.0	0	0.0	38.33	0	0.0	42.5	0	0.0	45.0	0	0.0	51.0	1	0.08	42.6	3	0.13	40.0	7	0.18	40.05	11	0.14
chr1	148870294	G	GA	0	20.0	0	0.0	27.5	0	0.0	36.67	0	0.0	43.75	0	0.0	45.0	0	0.0	51.0	1	0.08	42.6	3	0.13	40.0	7	0.18	40.1	11	0.14
chr1	148960745	GT	G	0	55.0	0	0.0	45.0	0	0.0	46.67	0	0.0	45.0	0	0.0	44.0	0	0.0	45.0	0	0.0	39.4	2	0.1	41.6	12	0.28	38.1	15	0.21
chr1	148966646	CA	C	0	45.0	0	0.0	42.5	1	0.61	43.33	3	1.07	43.75	3	0.78	39.0	3	0.79	38.0	5	0.69	35.4	7	0.45	39.0	13	0.34	35.15	16	0.26
chr1	148968850	AG	A	0	50.0	0	0.0	45.0	0	0.0	50.0	0	0.0	47.5	0	0.0	49.0	0	0.0	45.5	2	0.19	42.8	3	0.13	40.7	9	0.22	38.75	15	0.2
chr1	149010508	CT	C	0	60.0	0	0.0	55.0	1	0.33	50.0	1	0.29	51.25	1	0.2	52.0	2	0.32	48.0	3	0.28	46.4	5	0.19	43.7	7	0.15	47.25	17	0.15
chr1	150226706	CTCCTCT	C	0	50.0	0	0.0	50.0	0	0.0	48.33	0	0.0	47.5	0	0.0	51.0	1	0.37	45.0	2	0.38	39.0	3	0.18	39.2	6	0.16	40.35	12	0.15
chr1	151291200	G	GACA	0	60.0	0	0.0	65.0	1	0.25	61.67	1	0.19	62.5	2	0.26	63.0	4	0.4	59.0	6	0.35	55.2	9	0.24	58.9	23	0.27	56.65	45	0.28
chr1	152213335	C	CAG	0	65.0	0	0.0	60.0	1	0.28	61.67	3	0.53	62.5	4	0.51	63.0	5	0.51	60.0	6	0.33	52.6	7	0.2	49.7	24	0.39	48.5	41	0.35
chr1	152213340	CCA	C	0	65.0	1	0.5	62.5	1	0.26	60.0	2	0.37	62.5	4	0.51	64.0	5	0.49	60.0	6	0.33	53.2	8	0.23	49.9	24	0.39	48.5	41	0.35
chr1	152223251	AT	A	0	30.0	0	0.0	35.0	1	0.89	38.33	1	0.5	38.75	2	0.76	37.0	2	0.74	38.5	3	0.4	36.2	4	0.24	38.4	7	0.19	38.65	10	0.14
chr1	152312599	CACTG	C	0	60.0	0	0.0	57.5	0	0.0	53.33	0	0.0	55.0	0	0.0	57.0	1	0.12	57.0	6	0.37	56.8	13	0.32	56.5	22	0.28	57.05	51	0.31
chr1	152709212	G	GGGCTGCTGTAGCTCTGGC	0	70.0	0	0.0	67.5	0	0.0	61.67	0	0.0	63.75	0	0.0	63.0	0	0.0	58.0	0	0.0	52.4	2	0.06	42.0	4	0.09	41.6	15	0.17
chr1	153261011	C	CGGCGGT	0	70.0	2	0.89	75.0	5	1.0	76.67	8	0.95	76.25	8	0.7	71.0	9	0.72	66.5	16	0.72	67.0	41	0.74	64.4	74	0.73	61.9	126	0.67
chr1	153261514	A	ACTCTGGCGGCGG	0	65.0	2	0.95	75.0	5	0.9	78.33	9	1.03	75.0	9	0.81	78.0	13	0.87	74.5	24	0.87	76.8	66	0.9	73.4	115	0.87	60.65	132	0.72
chr1	153934828	G	GC	0	60.0	0	0.0	65.0	0	0.0	61.67	1	0.18	61.25	1	0.13	61.0	2	0.22	64.5	5	0.25	59.0	11	0.28	53.6	16	0.23	54.2	39	0.27
chr1	154869853	TTGCTGCTGC	T	0	60.0	0	0.0	67.5	1	0.23	66.67	2	0.31	68.75	2	0.22	70.0	2	0.18	67.5	5	0.22	64.2	12	0.24	62.4	31	0.32	58.75	59	0.34
chr1	155078954	CGCT	C	0	85.0	3	0.83	75.0	4	0.71	80.0	8	0.84	82.5	12	0.9	80.0	14	0.89	77.5	26	0.91	76.4	54	0.79	67.4	70	0.64	64.2	115	0.58
chr1	155085168	GGGGGTGGGCCCC	G	0	65.0	1	0.56	77.5	4	0.67	70.0	5	0.69	68.75	8	0.86	68.0	9	0.81	66.5	18	0.82	65.8	44	0.82	65.7	80	0.75	63.4	117	0.59
chr1	156384555	TC	T	0	65.0	0	0.0	62.5	0	0.0	61.67	1	0.19	60.0	1	0.17	61.0	1	0.12	62.5	2	0.11	57.4	3	0.08	55.3	10	0.13	53.15	32	0.23
chr1	156583438	GC	G	0	60.0	0	0.0	50.0	0	0.0	58.33	1	0.2	57.5	2	0.3	61.0	2	0.22	60.0	2	0.11	58.6	4	0.1	60.5	13	0.14	57.45	35	0.22
chr1	156595256	A	AAC	0	45.0	0	0.0	47.5	0	0.0	48.33	0	0.0	50.0	0	0.0	50.0	0	0.0	50.0	1	0.1	51.6	2	0.07	50.5	6	0.1	49.15	15	0.13
chr1	159432793	G	GT	0	30.0	0	0.0	37.5	0	0.0	43.33	0	0.0	43.75	0	0.0	45.0	1	0.2	44.0	1	0.11	46.4	2	0.08	45.7	8	0.16	44.15	11	0.11
chr1	160240082	GCTCTTCTTCCTC	G	0	65.0	2	0.95	62.5	3	0.83	63.33	5	0.96	60.0	6	0.97	60.0	7	0.84	54.5	9	0.63	57.2	18	0.45	51.1	24	0.38	46.4	35	0.33
chr1	161021483	AC	A	0	50.0	0	0.0	52.5	0	0.0	50.0	0	0.0	55.0	1	0.22	54.0	3	0.49	53.5	7	0.55	54.6	20	0.54	56.3	47	0.59	52.15	72	0.53
chr1	168136342	A	AG	0	80.0	1	0.31	75.0	4	0.71	75.0	6	0.71	72.5	8	0.76	72.0	9	0.71	70.0	19	0.78	70.6	43	0.69	67.9	86	0.75	64.6	148	0.73
chr1	171193411	T	TGAC	0	45.0	0	0.0	40.0	0	0.0	41.67	0	0.0	42.5	1	0.3	37.0	1	0.33	34.5	2	0.34	34.6	6	0.4	38.5	8	0.22	39.85	21	0.26
chr1	171196662	TG	T	0	40.0	0	0.0	40.0	0	0.0	40.0	0	0.0	42.5	0	0.0	42.0	0	0.0	45.0	2	0.2	44.2	4	0.16	42.0	7	0.16	40.45	11	0.13
chr1	175160787	C	CCTT	0	40.0	0	0.0	40.0	0	0.0	43.33	0	0.0	42.5	0	0.0	46.0	0	0.0	50.0	0	0.0	51.2	1	0.03	47.9	4	0.07	45.6	8	0.08
chr1	175160808	TC	T	0	35.0	0	0.0	37.5	0	0.0	41.67	0	0.0	47.5	0	0.0	50.0	0	0.0	50.0	0	0.0	50.4	1	0.03	47.8	4	0.07	45.75	8	0.08
chr1	175160810	TTCTTCTTG	T	0	35.0	0	0.0	35.0	0	0.0	43.33	0	0.0	47.5	0	0.0	51.0	0	0.0	50.0	0	0.0	50.6	1	0.03	47.7	4	0.07	45.8	8	0.08
chr1	179488633	C	CTTTT	0	40.0	0	0.0	35.0	0	0.0	30.0	0	0.0	30.0	0	0.0	30.0	0	0.0	37.0	0	0.0	43.2	4	0.18	39.5	5	0.13	35.85	9	0.14
chr1	179488633	CCTT	C	0	40.0	0	0.0	35.0	0	0.0	30.0	0	0.0	30.0	0	0.0	30.0	0	0.0	37.0	0	0.0	43.2	4	0.18	39.5	5	0.13	35.85	9	0.14
chr1	179534889	AAAG	A	0	25.0	0	0.0	30.0	0	0.0	30.0	0	0.0	32.5	0	0.0	34.0	0	0.0	32.5	1	0.2	32.8	3	0.23	35.4	6	0.19	38.3	12	0.16
chr1	186306327	CAAG	C	0	25.0	0	0.0	27.5	0	0.0	26.67	0	0.0	30.0	0	0.0	29.0	0	0.0	33.5	0	0.0	35.2	2	0.13	40.4	5	0.12	46.05	9	0.09
chr1	201386872	CCCA	C	0	70.0	0	0.0	60.0	0	0.0	61.67	0	0.0	63.75	1	0.15	63.0	2	0.23	59.0	5	0.29	57.2	11	0.28	57.9	18	0.22	57.4	29	0.18
chr1	201648816	C	CCGG	0	90.0	5	1.23	82.5	8	1.18	78.33	8	0.87	80.0	12	0.95	77.0	14	0.97	78.5	33	1.09	70.6	55	0.88	66.9	97	0.88	65.5	151	0.72
chr1	202214228	TG	T	0	85.0	4	1.11	75.0	4	0.8	73.33	5	0.67	73.75	8	0.77	70.0	9	0.77	71.0	18	0.74	68.4	40	0.71	58.2	58	0.7	55.4	72	0.48
chr1	202438060	G	GT	0	30.0	0	0.0	37.5	0	0.0	38.33	0	0.0	37.5	0	0.0	35.0	0	0.0	39.0	2	0.27	39.8	3	0.15	46.7	14	0.26	49.95	47	0.38
chr1	203054111	G	GGC	0	75.0	1	0.37	67.5	2	0.45	70.0	2	0.28	63.75	2	0.25	60.0	2	0.22	57.0	3	0.18	56.4	5	0.13	53.9	11	0.15	49.6	29	0.24
chr1	204190482	CT	C	0	80.0	1	0.42	77.5	4	0.87	71.67	5	0.69	67.5	5	0.58	69.0	7	0.63	70.0	17	0.76	65.6	34	0.64	56.9	45	0.56	52.4	53	0.39
chr1	205714462	TAC	T	0	35.0	0	0.0	42.5	0	0.0	41.67	1	0.39	41.25	1	0.3	40.0	1	0.26	38.5	2	0.27	40.2	4	0.21	39.7	7	0.18	37.9	13	0.18
chr1	205714497	G	GA	0	15.0	0	0.0	22.5	0	0.0	30.0	0	0.0	30.0	0	0.0	30.0	0	0.0	38.5	3	0.41	40.2	4	0.21	39.6	8	0.21	38.15	13	0.18
chr1	206101896	AAAT	A	0	35.0	0	0.0	47.5	0	0.0	46.67	0	0.0	46.25	1	0.24	45.0	1	0.2	41.0	2	0.24	44.4	5	0.2	45.1	8	0.16	43.35	13	0.14
chr1	207889754	G	GA	0	20.0	0	0.0	25.0	0	0.0	28.33	0	0.0	37.5	2	0.77	35.0	2	0.72	36.5	2	0.35	41.2	5	0.25	46.1	8	0.16	47.65	16	0.14
chr1	207889754	GA	G	0	20.0	0	0.0	25.0	0	0.0	28.33	0	0.0	37.5	2	0.77	35.0	2	0.72	36.5	2	0.35	41.2	5	0.25	46.1	8	0.16	47.65	16	0.14
chr1	207889755	A	AG	0	20.0	0	0.0	22.5	0	0.0	28.33	0	0.0	37.5	2	0.77	34.0	2	0.76	37.0	2	0.33	41.4	5	0.24	46.0	8	0.16	47.6	16	0.14
chr1	210094547	TGAA	T	0	25.0	0	0.0	27.5	0	0.0	31.67	0	0.0	38.75	0	0.0	40.0	0	0.0	38.0	0	0.0	40.6	1	0.05	35.3	2	0.06	36.95	6	0.09
chr1	220429945	A	AGTGT	0	55.0	0	0.0	52.5	0	0.0	50.0	0	0.0	46.25	0	0.0	44.0	0	0.0	40.0	0	0.0	36.4	0	0.0	38.5	1	0.03	38.1	8	0.11
chr1	220429965	TGTGTGA	T	0	50.0	0	0.0	50.0	0	0.0	51.67	0	0.0	51.25	0	0.0	49.0	0	0.0	38.5	0	0.0	37.2	0	0.0	37.9	1	0.03	38.3	8	0.11
chr1	220429967	TGTGA	T	0	50.0	0	0.0	50.0	0	0.0	50.0	0	0.0	53.75	0	0.0	48.0	0	0.0	38.0	0	0.0	37.4	0	0.0	37.8	1	0.03	38.3	8	0.11
chr1	223363359	TTGC	T	0	65.0	0	0.0	65.0	0	0.0	60.0	1	0.19	57.5	1	0.15	59.0	3	0.34	57.5	6	0.36	64.2	25	0.49	63.1	48	0.48	60.25	113	0.63
chr1	225192858	CAAAG	C	0	35.0	0	0.0	30.0	0	0.0	30.0	0	0.0	30.0	1	0.57	30.0	1	0.46	30.0	1	0.22	26.0	1	0.12	28.5	1	0.05	33.35	4	0.07
chr1	225519330	ATCCAGGCGTTCCTGCCGC	A	0	70.0	2	0.89	60.0	3	0.94	58.33	5	1.09	62.5	6	0.91	63.0	8	0.93	60.0	13	0.86	49.8	18	0.69	40.4	19	0.5	37.4	28	0.41
chr1	226737173	ACTGCCGCTG	A	0	65.0	2	1.11	67.5	3	0.68	71.67	5	0.68	66.25	6	0.74	69.0	8	0.72	74.0	18	0.67	70.4	46	0.74	69.3	87	0.73	67.2	146	0.65
chr1	228158210	CGAG	C	0	75.0	1	0.45	72.5	1	0.26	73.33	3	0.57	76.25	6	0.6	77.0	9	0.68	79.5	27	0.88	74.2	60	0.88	71.7	108	0.84	70.4	167	0.68
chr1	229249921	TTC	T	0	45.0	0	0.0	42.5	0	0.0	38.33	0	0.0	36.25	0	0.0	37.0	0	0.0	45.5	0	0.0	46.8	4	0.16	48.7	11	0.19	47.5	16	0.14
chr1	233202200	C	CT	0	15.0	0	0.0	22.5	0	0.0	25.0	0	0.0	28.75	0	0.0	30.0	0	0.0	36.0	1	0.16	36.0	2	0.12	37.1	3	0.09	37.6	10	0.14
chr1	234609198	A	AGCT	0	75.0	2	0.71	75.0	3	0.53	73.33	6	0.75	75.0	10	0.9	76.0	14	0.98	79.0	31	1.01	74.6	73	1.06	77.0	156	1.06	74.9	274	0.98
chr1	235213962	TTCC	T	0	45.0	0	0.0	47.5	0	0.0	45.0	0	0.0	43.75	0	0.0	42.0	0	0.0	40.5	3	0.49	36.2	6	0.41	32.3	8	0.32	32.75	14	0.27
chr1	240092267	GGGC	G	0	85.0	2	1.33	85.0	6	1.07	80.0	8	1.05	73.75	8	1.02	72.0	10	0.99	66.5	16	0.81	68.2	43	0.77	69.6	96	0.8	64.65	160	0.77
chr1	240207663	C	CA	0	60.0	2	1.14	75.0	4	0.99	70.0	4	0.81	72.5	7	0.76	71.0	7	0.69	69.0	13	0.67	69.2	25	0.52	66.2	49	0.55	60.95	71	0.42
chr1	240207666	CA	C	0	70.0	2	0.89	77.5	4	0.95	71.67	5	0.91	71.25	7	0.78	71.0	7	0.71	69.5	13	0.66	69.4	25	0.53	66.2	49	0.55	61.05	71	0.42
chr1	243169581	AAG	A	0	35.0	0	0.0	35.0	0	0.0	33.33	0	0.0	33.75	0	0.0	33.0	0	0.0	31.0	0	0.0	32.2	1	0.08	31.6	4	0.16	34.3	13	0.22
chr1	244065085	GT	G	0	10.0	0	0.0	22.5	0	0.0	23.33	1	1.22	26.25	1	0.73	28.0	1	0.52	29.0	1	0.25	39.4	8	0.42	43.4	14	0.3	40.1	27	0.34
chr1	244970246	GGC	G	0	80.0	4	1.33	77.5	8	1.37	80.0	11	1.15	80.0	13	1.04	77.0	13	0.88	77.5	23	0.77	70.6	54	0.87	70.1	97	0.79	60.4	157	0.86
chr1	244970320	T	TCCTCC	0	75.0	1	0.37	75.0	3	0.56	76.67	6	0.7	76.25	7	0.62	79.0	11	0.73	74.5	25	0.9	71.8	51	0.8	71.6	98	0.77	61.7	163	0.86
chr1	244970783	TC	T	0	75.0	1	1.43	77.5	3	0.8	75.0	4	0.69	73.75	6	0.73	74.0	9	0.83	69.5	17	0.81	73.4	48	0.75	69.1	96	0.82	62.9	167	0.84
chr1	247451958	GA	G	0	50.0	0	0.0	50.0	0	0.0	46.67	0	0.0	47.5	1	0.22	51.0	2	0.31	48.0	2	0.18	52.8	8	0.23	52.7	28	0.4	51.95	48	0.36
chr1	247815238	AAGG	A	0	45.0	0	0.0	52.5	0	0.0	53.33	0	0.0	50.0	0	0.0	51.0	0	0.0	46.0	0	0.0	44.0	3	0.13	41.2	8	0.19	35.25	12	0.19
chr1	247896049	ACTC	A	0	65.0	0	0.0	67.5	0	0.0	63.33	0	0.0	66.25	2	0.23	67.0	3	0.27	64.0	8	0.39	58.8	13	0.3	56.1	21	0.27	49.85	30	0.24
chr1	247896476	G	GA	0	60.0	0	0.0	60.0	0	0.0	55.0	0	0.0	53.75	0	0.0	55.0	0	0.0	54.5	0	0.0	50.6	6	0.19	54.5	20	0.27	49.3	30	0.25
chr1	248022825	CAAG	C	0	50.0	0	0.0	55.0	0	0.0	56.67	1	0.21	53.75	1	0.18	52.0	2	0.31	48.5	5	0.43	43.6	8	0.34	38.2	10	0.28	39.55	18	0.23
chr1	248294829	TAA	T	0	45.0	0	0.0	45.0	0	0.0	46.67	0	0.0	47.5	0	0.0	49.0	0	0.0	49.0	4	0.35	49.8	14	0.46	46.9	22	0.4	41.8	27	0.31
chr1	248295572	CT	C	0	30.0	0	0.0	42.5	0	0.0	43.33	0	0.0	40.0	0	0.0	40.0	0	0.0	43.5	1	0.12	46.0	5	0.19	48.1	15	0.26	46.25	31	0.29
chr1	248362025	C	CTA	0	60.0	0	0.0	47.5	1	0.51	51.67	2	0.53	52.5	3	0.59	51.0	4	0.67	52.5	4	0.29	50.4	9	0.29	50.4	13	0.21	43.2	17	0.19
chr1	248362335	CA	C	0	40.0	0	0.0	45.0	0	0.0	46.67	1	0.35	51.25	1	0.21	51.0	2	0.33	51.5	2	0.17	50.4	4	0.13	46.9	11	0.21	43.25	18	0.2
chr1	248453402	CTGCTGCG	C	0	55.0	1	0.67	55.0	1	0.33	53.33	2	0.49	50.0	2	0.42	51.0	2	0.32	51.5	6	0.47	53.2	15	0.43	53.5	22	0.31	48.15	36	0.31
chr1	248638642	TCAGCACG	T	0	55.0	1	0.67	52.5	1	0.37	51.67	1	0.26	51.25	2	0.4	52.0	3	0.49	52.0	6	0.45	53.2	14	0.41	53.2	22	0.31	48.1	36	0.31
chr1	248650348	CAGA	C	0	60.0	1	0.56	52.5	1	0.38	60.0	2	0.39	58.75	3	0.47	58.0	4	0.51	56.0	6	0.4	54.2	13	0.36	51.4	18	0.28	45.1	25	0.25
chr1	248650431	T	TC	0	60.0	1	0.74	62.5	2	0.59	61.67	3	0.55	57.5	3	0.46	59.0	4	0.46	57.0	8	0.51	53.2	13	0.37	52.0	20	0.31	45.05	25	0.25
chr10	5748002	CCTGCCTCAG	C	0	50.0	0	0.0	50.0	0	0.0	55.0	0	0.0	52.5	0	0.0	49.0	0	0.0	44.5	0	0.0	41.8	1	0.05	42.5	6	0.13	43.7	15	0.16
chr10	7559846	TTTTTG	T	0	30.0	0	0.0	32.5	0	0.0	31.67	1	0.67	38.75	1	0.35	42.0	2	0.45	50.0	5	0.4	48.0	10	0.35	42.4	15	0.33	42.95	32	0.35
chr10	7559856	GTTTTGT	G	0	15.0	0	0.0	27.5	1	1.33	35.0	1	0.55	37.5	1	0.36	43.0	1	0.22	50.5	6	0.47	49.2	11	0.36	42.5	15	0.33	42.9	31	0.34
chr10	7563114	TC	T	0	65.0	1	0.5	55.0	1	0.33	58.33	1	0.2	56.25	1	0.16	54.0	1	0.14	54.0	4	0.29	56.8	11	0.27	52.9	14	0.2	51.55	36	0.27
chr10	13439172	CAG	C	0	35.0	0	0.0	35.0	0	0.0	38.33	0	0.0	40.0	0	0.0	44.0	0	0.0	46.5	2	0.19	49.2	5	0.17	50.1	14	0.22	50.7	55	0.43
chr10	13654370	ACT	A	0	45.0	2	2.22	47.5	2	0.91	45.0	2	0.67	43.75	2	0.52	44.0	2	0.43	50.0	2	0.16	51.2	7	0.21	51.0	10	0.15	48.85	23	0.19
chr10	13657132	CCGCCCCCCG	C	0	75.0	1	0.45	77.5	4	0.76	81.67	6	0.65	80.0	9	0.75	77.0	12	0.85	76.5	24	0.84	71.2	61	0.97	70.4	104	0.84	60.9	122	0.66
chr10	17454193	CGCA	C	0	70.0	1	0.41	70.0	2	0.41	76.67	5	0.57	77.5	9	0.76	75.0	10	0.74	82.0	29	0.88	80.4	73	0.91	75.6	127	0.89	66.2	175	0.8
chr10	21146410	ACACT	A	0	40.0	0	0.0	35.0	0	0.0	35.0	0	0.0	37.5	0	0.0	35.0	0	0.0	39.5	0	0.0	42.4	6	0.27	41.5	13	0.3	42.45	26	0.29
chr10	22209554	C	CAGA	0	45.0	0	0.0	57.5	3	0.92	53.33	4	0.94	50.0	4	0.8	52.0	4	0.61	45.5	4	0.39	41.6	8	0.37	43.3	11	0.23	38.05	22	0.3
chr10	26567283	C	CCCG	0	80.0	2	0.73	85.0	8	1.14	85.0	13	1.24	87.5	17	1.21	87.0	21	1.23	81.5	30	1.0	73.4	55	0.84	59.9	73	0.83	50.25	86	0.69
chr10	27053355	CTCT	C	0	45.0	0	0.0	45.0	0	0.0	41.67	0	0.0	42.5	0	0.0	36.0	0	0.0	30.0	0	0.0	29.8	4	0.36	30.0	4	0.18	31.2	11	0.23
chr10	27147531	TGC	T	0	55.0	1	0.71	52.5	2	1.0	51.67	2	0.61	50.0	2	0.44	51.0	3	0.48	45.0	6	0.6	42.8	9	0.4	45.3	15	0.29	42.95	27	0.29
chr10	27398604	C	CT	0	35.0	0	0.0	30.0	0	0.0	33.33	0	0.0	35.0	0	0.0	32.0	0	0.0	31.5	2	0.43	31.8	4	0.32	34.8	7	0.23	35.9	16	0.25
chr10	27398829	CT	C	0	30.0	0	0.0	32.5	0	0.0	36.67	0	0.0	37.5	0	0.0	38.0	0	0.0	36.5	0	0.0	37.4	4	0.23	34.9	9	0.3	36.5	17	0.26
chr10	27413326	G	GC	0	60.0	0	0.0	55.0	0	0.0	60.0	2	0.39	58.75	3	0.44	62.0	4	0.42	59.5	10	0.57	57.0	25	0.62	54.5	46	0.62	54.3	83	0.56
chr10	30027570	A	ACTG	0	55.0	0	0.0	67.5	2	0.49	65.0	2	0.36	62.5	3	0.41	61.0	3	0.35	56.5	7	0.47	61.0	23	0.51	58.4	45	0.53	56.75	66	0.41
chr10	32451869	C	CT	0	35.0	0	0.0	37.5	1	0.71	40.0	2	0.84	36.25	3	1.14	36.0	3	0.93	40.0	3	0.38	39.2	5	0.26	37.2	7	0.2	37.75	13	0.18
chr10	32847889	TAA	T	0	35.0	0	0.0	35.0	0	0.0	38.33	0	0.0	33.75	0	0.0	33.0	0	0.0	30.5	0	0.0	30.4	1	0.09	33.0	3	0.11	33.6	11	0.2
chr10	35640335	G	GGGC	0	100.0	6	1.43	100.0	12	1.32	98.33	18	1.38	93.75	23	1.44	92.0	26	1.4	85.5	42	1.24	70.4	64	1.04	70.0	125	1.02	71.05	243	0.96
chr10	37193253	AG	A	0	35.0	0	0.0	32.5	0	0.0	26.67	0	0.0	31.25	0	0.0	28.0	0	0.0	29.0	0	0.0	29.2	3	0.28	32.0	9	0.35	36.7	22	0.33
chr10	45303616	T	TA	0	50.0	1	0.8	52.5	3	1.11	51.67	3	0.86	56.25	4	0.74	56.0	5	0.71	57.5	6	0.37	52.0	13	0.39	54.0	28	0.38	49.15	41	0.34
chr10	46022477	CA	C	0	25.0	0	0.0	35.0	1	1.67	38.33	2	1.07	43.75	3	0.82	46.0	4	0.78	42.5	7	0.78	46.0	22	0.84	42.7	30	0.69	47.3	81	0.74
chr10	46022478	C	CA	0	20.0	0	0.0	35.0	1	1.67	40.0	2	0.94	43.75	3	0.84	46.0	5	0.99	43.0	7	0.77	45.8	22	0.85	42.7	30	0.69	47.3	81	0.74
chr10	46398329	GA	G	0	70.0	3	1.25	67.5	5	1.14	71.67	7	0.92	73.75	12	1.11	74.0	16	1.17	72.0	26	1.0	64.2	38	0.74	58.1	49	0.58	52.0	65	0.48
chr10	47461436	GA	G	0	70.0	2	0.83	67.5	4	0.89	73.33	8	1.0	75.0	12	1.07	75.0	16	1.14	71.0	25	0.99	65.0	38	0.72	57.6	50	0.61	51.25	67	0.51
chr10	49326961	CGATCATCA	C	0	45.0	1	2.5	42.5	1	2.5	41.67	1	1.3	41.25	1	0.69	44.0	1	0.35	53.5	2	0.18	58.8	9	0.23	59.6	29	0.35	58.55	58	0.35
chr10	49988920	AC	A	0	65.0	3	1.43	60.0	3	0.83	61.67	3	0.56	56.25	3	0.52	57.0	4	0.51	59.5	5	0.28	58.8	15	0.35	54.8	29	0.39	49.45	35	0.29
chr10	50008913	CAA	C	0	50.0	0	0.0	55.0	1	0.36	48.33	1	0.3	50.0	1	0.2	55.0	4	0.53	54.5	8	0.54	48.0	11	0.39	48.9	18	0.31	47.9	37	0.32
chr10	58388808	CA	C	0	25.0	0	0.0	22.5	0	0.0	25.0	0	0.0	23.75	0	0.0	26.0	0	0.0	27.0	0	0.0	34.4	1	0.07	33.6	4	0.15	36.0	14	0.22
chr10	62217152	TAGCTTC	T	0	40.0	0	0.0	45.0	0	0.0	38.33	0	0.0	37.5	0	0.0	39.0	1	0.28	36.0	1	0.19	27.4	1	0.11	29.3	3	0.14	32.7	14	0.26
chr10	63208189	ACTAAAC	A	0	40.0	0	0.0	40.0	0	0.0	41.67	0	0.0	40.0	0	0.0	42.0	0	0.0	40.5	1	0.13	41.4	4	0.2	41.5	11	0.26	39.5	18	0.23
chr10	71397275	C	CCGAGG	0	70.0	2	0.89	77.5	7	1.23	83.33	12	1.2	80.0	14	1.11	79.0	15	0.97	77.0	31	1.05	76.8	75	1.02	74.0	130	0.97	71.35	213	0.84
chr10	71397275	CCGAGG	C	0	70.0	2	0.89	77.5	7	1.23	83.33	12	1.2	80.0	14	1.11	79.0	15	0.97	77.0	31	1.05	76.8	75	1.02	74.0	130	0.97	71.35	213	0.84
chr10	73130824	G	GC	0	60.0	0	0.0	55.0	0	0.0	53.33	0	0.0	50.0	0	0.0	52.0	0	0.0	51.5	1	0.08	45.0	2	0.08	44.0	7	0.14	40.8	17	0.2
chr10	75022146	GGAA	G	0	45.0	0	0.0	42.5	0	0.0	38.33	0	0.0	41.25	0	0.0	44.0	0	0.0	45.5	2	0.28	44.0	11	0.48	45.7	16	0.31	44.15	31	0.32
chr10	75099202	CT	C	0	65.0	0	0.0	57.5	0	0.0	60.0	0	0.0	58.75	1	0.15	57.0	1	0.13	56.5	3	0.19	61.0	9	0.19	58.5	18	0.21	58.0	27	0.16
chr10	75401341	G	GCCGCCTCCGCCT	0	80.0	2	0.67	80.0	5	0.81	81.67	10	1.03	73.75	11	1.05	72.0	12	0.94	71.0	23	0.91	72.2	53	0.84	68.3	91	0.79	63.95	160	0.78
chr10	75401341	GCCGCCT	G	0	80.0	2	0.67	80.0	5	0.81	81.67	10	1.03	73.75	11	1.05	72.0	12	0.94	71.0	23	0.91	72.2	53	0.84	68.3	91	0.79	63.95	160	0.78
chr10	80144340	G	GAGA	0	65.0	2	0.95	70.0	3	0.61	66.67	3	0.45	71.25	4	0.4	69.0	5	0.42	68.0	8	0.35	65.8	25	0.46	59.8	37	0.41	55.4	55	0.36
chr10	87234507	TCTC	T	0	60.0	0	0.0	57.5	0	0.0	56.67	1	0.21	53.75	1	0.18	55.0	1	0.14	61.0	2	0.11	60.8	4	0.09	61.0	14	0.15	61.25	36	0.19
chr10	89412798	AG	A	0	50.0	0	0.0	47.5	1	0.51	46.67	2	0.64	47.5	2	0.46	50.0	3	0.5	49.5	8	0.69	49.6	17	0.59	44.8	24	0.49	45.95	34	0.32
chr10	89738144	C	CTAAAAG	0	30.0	0	0.0	32.5	0	0.0	33.33	0	0.0	37.5	0	0.0	33.0	0	0.0	34.0	0	0.0	33.8	2	0.15	32.2	5	0.2	31.5	9	0.19
chr10	95067361	T	TA	0	20.0	0	0.0	35.0	0	0.0	36.67	0	0.0	41.25	0	0.0	44.0	2	0.41	48.0	3	0.26	47.4	6	0.22	42.3	10	0.23	40.0	14	0.18
chr10	97771806	GCCC	G	0	90.0	3	1.07	92.5	9	1.26	86.67	11	1.08	85.0	13	1.0	84.0	16	0.97	80.0	31	1.01	76.8	64	0.88	73.8	110	0.82	65.6	142	0.66
chr10	99535516	GGGC	G	0	90.0	5	1.3	82.5	8	1.23	78.33	10	1.13	81.25	15	1.16	79.0	17	1.09	78.5	34	1.1	77.2	76	1.02	70.5	114	0.92	61.85	172	0.9
chr10	101123088	AG	A	0	70.0	0	0.0	67.5	0	0.0	66.67	0	0.0	61.25	0	0.0	61.0	1	0.12	57.0	3	0.22	62.0	18	0.38	62.8	51	0.52	60.75	78	0.42
chr10	101694599	GCCT	G	0	75.0	2	1.11	75.0	4	0.91	81.67	8	0.91	85.0	12	0.93	82.0	13	0.85	75.0	19	0.71	72.8	50	0.79	72.2	95	0.75	64.7	143	0.69
chr10	103350982	A	AGGAGGC	0	80.0	2	1.03	77.5	4	1.07	76.67	5	0.74	72.5	7	0.74	74.0	9	0.68	75.0	20	0.71	71.4	49	0.77	64.8	88	0.84	57.2	125	0.77
chr10	103449598	CAG	C	0	65.0	0	0.0	67.5	2	0.45	66.67	3	0.45	60.0	3	0.42	60.0	3	0.34	62.5	10	0.52	62.4	22	0.46	57.2	33	0.41	55.95	48	0.31
chr10	103473416	T	TGGGGGCTCAGGCACTGCG	0	70.0	0	0.0	62.5	1	0.26	66.67	2	0.3	68.75	4	0.42	66.0	4	0.37	67.5	13	0.57	66.4	36	0.65	55.4	50	0.65	50.0	69	0.56
chr10	104263070	AGAG	A	0	45.0	0	0.0	32.5	1	1.0	33.33	1	0.61	36.25	1	0.38	35.0	2	0.66	36.5	2	0.31	37.6	4	0.23	39.3	12	0.31	39.2	16	0.21
chr10	114326022	G	GCCC	0	65.0	1	0.48	62.5	1	0.26	55.0	2	0.44	55.0	2	0.33	57.0	3	0.38	58.5	4	0.23	57.4	7	0.17	51.9	12	0.18	49.0	23	0.19
chr10	114326024	C	CCCG	0	60.0	1	0.56	57.5	1	0.3	55.0	2	0.44	56.25	2	0.32	57.0	3	0.38	59.0	4	0.23	57.2	7	0.17	51.9	12	0.18	49.0	23	0.19
chr10	116455797	G	GA	0	60.0	0	0.0	62.5	0	0.0	56.67	0	0.0	56.25	0	0.0	55.0	0	0.0	43.0	0	0.0	39.6	5	0.26	41.9	8	0.19	38.75	16	0.21
chr10	116623950	A	AG	0	50.0	0	0.0	52.5	1	0.36	50.0	1	0.27	46.25	1	0.23	47.0	1	0.18	49.5	4	0.33	51.2	13	0.4	48.9	18	0.3	47.25	28	0.25
chr10	116623952	G	GT	0	45.0	0	0.0	52.5	1	0.36	51.67	1	0.25	46.25	1	0.23	48.0	1	0.17	49.0	4	0.33	51.2	13	0.4	48.9	18	0.3	47.25	28	0.25
chr10	124021235	C	CG	0	85.0	2	0.95	77.5	2	0.43	73.33	2	0.27	66.25	3	0.37	60.0	3	0.37	54.0	9	0.62	49.2	14	0.46	46.2	21	0.39	48.0	37	0.32
chr10	124021235	CG	C	0	85.0	2	0.95	77.5	2	0.43	73.33	2	0.27	66.25	3	0.37	60.0	3	0.37	54.0	9	0.62	49.2	14	0.46	46.2	21	0.39	48.0	37	0.32
chr10	124021235	CGG	C	0	85.0	2	0.95	77.5	2	0.43	73.33	2	0.27	66.25	3	0.37	60.0	3	0.37	54.0	9	0.62	49.2	14	0.46	46.2	21	0.39	48.0	37	0.32
chr10	124984990	G	GA	0	20.0	0	0.0	27.5	0	0.0	36.67	0	0.0	40.0	0	0.0	40.0	1	0.27	45.5	5	0.5	45.8	11	0.43	40.2	14	0.35	40.3	21	0.26
chr10	124989552	GT	G	0	50.0	1	0.83	60.0	2	0.62	61.67	4	0.8	57.5	4	0.69	57.0	4	0.53	53.0	5	0.37	48.8	12	0.4	46.9	17	0.31	43.75	36	0.38
chr10	125980293	TGAA	T	0	40.0	1	1.67	47.5	1	0.45	46.67	1	0.31	45.0	2	0.49	43.0	3	0.65	44.5	4	0.41	40.6	7	0.34	42.3	10	0.22	42.75	17	0.19
chr10	127738727	G	GGCC	0	80.0	3	1.09	72.5	3	0.78	68.33	6	0.99	66.25	6	0.74	68.0	9	0.81	72.0	20	0.77	66.2	40	0.73	65.8	64	0.59	64.55	108	0.52
chr10	131311320	C	CGCG	0	85.0	3	1.15	87.5	9	1.54	80.0	11	1.29	78.75	13	1.18	79.0	16	1.14	81.5	30	0.97	78.8	71	0.94	75.3	136	0.96	67.5	210	0.92
chr11	209893	ACCC	A	0	65.0	0	0.0	67.5	1	0.23	65.0	2	0.33	62.5	2	0.26	63.0	3	0.31	60.0	7	0.39	59.2	15	0.34	58.4	25	0.29	59.85	64	0.36
chr11	369843	AGCT	A	0	50.0	0	0.0	52.5	1	0.37	58.33	2	0.39	63.75	7	0.87	67.0	11	0.98	76.0	27	0.95	84.8	88	1.02	80.9	154	0.94	75.65	218	0.76
chr11	502128	ACTGGATGTCCAGGCT	A	0	55.0	0	0.0	60.0	2	0.57	61.67	3	0.54	62.5	3	0.38	62.0	3	0.32	63.5	7	0.35	58.0	13	0.31	62.3	25	0.26	61.7	50	0.26
chr11	608501	CGGACGCGCTCTG	C	0	80.0	4	1.33	72.5	5	1.01	65.0	6	1.0	65.0	6	0.78	65.0	8	0.8	66.5	14	0.64	68.2	34	0.59	67.0	66	0.59	66.05	122	0.56
chr11	637360	CGCGGGGGCATCT	C	0	100.0	5	1.04	87.5	6	0.87	83.33	9	0.94	82.5	12	0.95	82.0	15	0.95	81.0	33	1.05	75.8	69	0.96	73.1	125	0.94	69.9	186	0.76
chr11	640069	GCGGCCCCGAC	G	0	90.0	3	0.75	82.5	5	0.77	88.33	10	0.95	85.0	12	0.93	84.0	13	0.82	85.0	26	0.85	76.8	60	0.86	76.2	127	0.89	70.45	180	0.73
chr11	704603	GA	G	0	70.0	0	0.0	60.0	0	0.0	61.67	0	0.0	60.0	0	0.0	58.0	0	0.0	60.5	4	0.23	62.8	16	0.33	63.8	31	0.31	60.95	58	0.31
chr11	1017034	A	AAT	0	45.0	0	0.0	47.5	0	0.0	46.67	0	0.0	50.0	1	0.46	48.0	1	0.4	55.5	2	0.21	56.4	6	0.23	56.7	13	0.25	55.95	35	0.33
chr11	1017039	GGT	G	0	45.0	0	0.0	47.5	0	0.0	48.33	0	0.0	47.5	1	0.48	49.0	1	0.39	56.0	2	0.21	56.4	7	0.26	56.8	13	0.24	55.9	34	0.32
chr11	1018090	TGG	T	0	65.0	0	0.0	65.0	0	0.0	63.33	0	0.0	65.0	0	0.0	63.0	0	0.0	57.5	3	0.28	56.2	9	0.34	56.8	22	0.4	57.15	43	0.32
chr11	1082883	CACA	C	0	55.0	1	0.67	57.5	2	0.71	60.0	3	0.6	65.0	3	0.39	67.0	5	0.48	64.0	7	0.35	64.2	12	0.23	66.9	37	0.33	66.7	80	0.36
chr11	1097225	T	TC	0	60.0	1	1.82	62.5	2	0.95	65.0	3	0.8	65.0	3	0.76	65.0	4	0.73	65.0	9	0.76	63.8	20	0.72	63.5	36	0.67	63.2	75	0.68
chr11	1097225	TCA	T	0	60.0	1	1.82	62.5	2	0.95	65.0	3	0.8	65.0	3	0.76	65.0	4	0.73	65.0	9	0.76	63.8	20	0.72	63.5	36	0.67	63.2	75	0.68
chr11	1097227	A	AACGACTACG	0	65.0	1	1.67	62.5	2	0.95	66.67	3	0.78	65.0	3	0.76	65.0	4	0.73	65.0	9	0.76	64.2	20	0.7	63.5	37	0.68	63.15	75	0.68
chr11	1249987	GCCA	G	0	65.0	2	1.0	62.5	2	0.53	63.33	2	0.4	66.25	4	0.56	66.0	4	0.52	63.5	7	0.45	63.6	15	0.38	63.7	35	0.41	64.95	75	0.41
chr11	1621993	CGG	C	0	80.0	1	0.36	75.0	2	0.42	75.0	2	0.29	75.0	2	0.21	74.0	3	0.25	69.5	4	0.18	65.8	4	0.08	58.8	5	0.06	53.2	21	0.15
chr11	1629995	T	TGGAG	0	80.0	2	0.67	72.5	2	0.52	73.33	3	0.47	73.75	4	0.42	72.0	4	0.35	69.0	6	0.27	68.2	11	0.2	62.7	18	0.19	59.35	43	0.24
chr11	1629997	C	CTGTGG	0	75.0	2	0.74	75.0	2	0.5	75.0	3	0.43	72.5	4	0.43	72.0	4	0.35	69.0	6	0.27	68.2	11	0.2	62.7	18	0.19	59.4	43	0.24
chr11	1630363	AGTCC	A	0	60.0	0	0.0	62.5	0	0.0	60.0	0	0.0	62.5	0	0.0	62.0	0	0.0	61.5	0	0.0	64.4	3	0.06	63.5	14	0.14	60.0	40	0.22
chr11	2884965	ACCGCGACCGGAG	A	0	80.0	4	1.33	85.0	8	1.12	86.67	12	1.07	86.25	16	1.08	87.0	19	1.03	87.5	32	0.88	82.4	79	0.94	77.7	138	0.92	76.05	278	0.96
chr11	3640354	A	ATGG	0	65.0	0	0.0	72.5	0	0.0	63.33	0	0.0	61.25	1	0.15	59.0	2	0.24	58.0	2	0.12	51.4	6	0.18	55.4	23	0.3	52.35	38	0.28
chr11	4368173	AG	A	0	60.0	1	0.62	52.5	1	0.41	46.67	1	0.41	45.0	1	0.33	48.0	2	0.42	52.5	2	0.16	49.8	7	0.23	41.5	11	0.27	41.65	21	0.25
chr11	4571475	T	TAC	0	35.0	1	2.0	40.0	1	0.67	45.0	1	0.35	45.0	1	0.25	46.0	1	0.19	42.5	2	0.22	40.6	3	0.15	40.8	5	0.12	40.85	13	0.16
chr11	4571477	C	CAG	0	40.0	1	1.67	40.0	1	0.63	46.67	1	0.32	45.0	1	0.25	46.0	1	0.19	42.5	2	0.22	40.4	3	0.15	40.8	5	0.12	40.75	13	0.16
chr11	4573327	T	TG	0	40.0	0	0.0	45.0	0	0.0	46.67	1	0.31	47.5	1	0.23	48.0	1	0.18	48.5	2	0.17	44.4	3	0.12	40.8	5	0.12	40.75	10	0.12
chr11	4769642	CG	C	0	50.0	1	0.83	45.0	1	0.5	43.33	1	0.36	38.75	1	0.33	38.0	1	0.28	42.5	2	0.22	43.6	5	0.22	40.3	6	0.15	38.0	14	0.2
chr11	5070345	A	AC	0	40.0	0	0.0	42.5	1	0.56	38.33	1	0.48	37.5	1	0.38	40.0	1	0.26	41.5	2	0.24	37.0	4	0.24	39.3	6	0.16	37.4	13	0.19
chr11	5151564	A	AC	0	55.0	0	0.0	45.0	0	0.0	41.67	0	0.0	41.25	0	0.0	43.0	0	0.0	43.0	0	0.0	39.4	2	0.11	40.3	7	0.18	38.7	10	0.13
chr11	5343310	CCAGCCCCAGGTCTGTGG	C	0	70.0	0	0.0	70.0	1	0.21	66.67	1	0.15	65.0	1	0.12	63.0	1	0.1	54.5	2	0.14	48.2	9	0.31	43.4	13	0.28	40.6	17	0.21
chr11	5403156	T	TTATC	0	45.0	0	0.0	45.0	0	0.0	40.0	0	0.0	40.0	0	0.0	42.0	0	0.0	44.0	3	0.32	48.0	8	0.28	46.7	15	0.28	44.3	21	0.21
chr11	5454200	T	TCA	0	45.0	0	0.0	50.0	1	0.4	51.67	2	0.53	51.25	2	0.39	50.0	3	0.49	49.5	4	0.33	46.4	8	0.32	44.3	15	0.31	41.5	21	0.25
chr11	5454409	CA	C	0	50.0	1	1.25	42.5	2	1.33	43.33	3	1.25	42.5	3	0.91	39.0	4	1.11	42.0	5	0.62	42.8	9	0.4	39.6	11	0.29	41.7	19	0.22
chr11	5489192	ATCT	A	0	50.0	0	0.0	55.0	1	0.34	53.33	2	0.5	53.75	3	0.53	52.0	3	0.45	50.5	4	0.32	49.4	4	0.13	49.0	8	0.14	42.95	10	0.11
chr11	5489309	G	GGGCT	0	35.0	0	0.0	45.0	0	0.0	51.67	0	0.0	55.0	1	0.17	52.0	1	0.15	49.5	2	0.17	49.4	6	0.21	48.1	8	0.14	42.35	10	0.11
chr11	5666089	T	TAA	0	20.0	0	0.0	27.5	2	3.33	31.67	2	1.71	35.0	2	0.89	36.0	3	0.94	40.0	4	0.55	42.0	5	0.25	40.5	9	0.22	38.95	20	0.26
chr11	5666089	TA	T	0	20.0	0	0.0	27.5	2	3.33	31.67	2	1.71	35.0	2	0.89	36.0	3	0.94	40.0	4	0.55	42.0	5	0.25	40.5	9	0.22	38.95	20	0.26
chr11	5788575	GA	G	0	60.0	0	0.0	47.5	0	0.0	45.0	0	0.0	43.75	0	0.0	43.0	0	0.0	46.5	1	0.1	47.6	3	0.11	44.8	7	0.14	40.65	13	0.16
chr11	6390699	CCTGGTGCTGGCG	C	0	60.0	0	0.0	72.5	3	0.58	76.67	6	0.69	75.0	9	0.81	73.0	9	0.69	71.0	17	0.68	68.0	38	0.66	65.9	64	0.59	60.95	91	0.49
chr11	6390703	G	GCGC	0	75.0	1	0.45	70.0	2	0.44	75.0	6	0.72	76.25	9	0.78	72.0	9	0.7	71.5	17	0.67	67.8	39	0.68	65.9	65	0.6	60.9	91	0.49
chr11	6390704	T	TGGCGCTGGC	0	75.0	1	0.4	70.0	2	0.43	75.0	5	0.61	77.5	9	0.76	72.0	9	0.7	71.5	17	0.67	67.6	39	0.68	66.0	65	0.6	60.85	91	0.49
chr11	6390704	TGCTGGC	T	0	75.0	1	0.4	70.0	2	0.43	75.0	5	0.61	77.5	9	0.76	72.0	9	0.7	71.5	17	0.67	67.6	39	0.68	66.0	65	0.6	60.85	91	0.49
chr11	6546676	G	GCCCTACTGCA	0	65.0	1	0.67	55.0	1	0.33	55.0	1	0.22	60.0	2	0.29	59.0	3	0.36	56.0	7	0.45	58.4	13	0.3	58.3	24	0.28	57.1	39	0.24
chr11	6608797	TC	T	0	65.0	1	0.67	57.5	1	0.36	60.0	2	0.44	60.0	2	0.34	60.0	2	0.26	55.0	3	0.2	52.4	8	0.23	50.7	11	0.17	50.6	29	0.23
chr11	6641513	C	CCAG	0	75.0	0	0.0	72.5	0	0.0	70.0	0	0.0	68.75	0	0.0	68.0	0	0.0	64.5	3	0.15	63.6	16	0.32	60.3	31	0.34	55.7	56	0.36
chr11	6921356	TC	T	0	30.0	0	0.0	42.5	0	0.0	38.33	0	0.0	42.5	1	0.3	43.0	1	0.25	45.0	2	0.2	45.8	5	0.19	42.7	7	0.16	38.05	10	0.14
chr11	7639815	TCTC	T	0	60.0	0	0.0	60.0	0	0.0	63.33	2	0.36	63.75	3	0.38	61.0	3	0.33	59.5	4	0.23	53.0	7	0.2	50.0	12	0.2	49.85	19	0.16
chr11	8128253	CAT	C	0	50.0	1	0.8	47.5	1	0.48	46.67	2	0.62	47.5	2	0.46	44.0	2	0.42	42.5	2	0.22	42.4	3	0.14	39.7	7	0.18	41.45	27	0.32
chr11	9091460	GGCA	G	0	75.0	1	0.37	72.5	2	0.38	76.67	5	0.57	80.0	8	0.63	81.0	12	0.73	79.5	24	0.76	80.4	65	0.81	77.3	122	0.82	64.7	142	0.68
chr11	12294838	CCTA	C	0	65.0	1	0.91	67.5	1	0.26	63.33	1	0.19	62.5	1	0.16	62.0	2	0.24	58.5	4	0.25	45.2	6	0.25	46.6	15	0.29	48.1	26	0.23
chr11	17330929	TACA	T	0	20.0	0	0.0	35.0	0	0.0	41.67	0	0.0	42.5	0	0.0	39.0	0	0.0	32.5	1	0.19	31.8	3	0.24	31.7	4	0.16	31.7	9	0.18
chr11	17372489	CTT	C	0	50.0	0	0.0	47.5	0	0.0	46.67	0	0.0	47.5	0	0.0	51.0	0	0.0	52.5	1	0.08	47.0	3	0.11	45.4	8	0.16	46.5	12	0.11
chr11	18105982	A	ACCTCCT	0	75.0	1	0.77	65.0	1	0.45	66.67	4	0.8	67.5	7	0.84	67.0	9	0.82	67.0	23	1.03	68.6	49	0.83	56.8	61	0.76	50.1	84	0.67
chr11	18106010	C	CCGG	0	80.0	5	1.56	80.0	7	1.1	76.67	8	0.92	70.0	9	0.94	70.0	12	1.02	67.5	23	1.01	66.8	45	0.81	57.4	62	0.75	50.25	86	0.68
chr11	18615950	CTCT	C	0	50.0	0	0.0	45.0	0	0.0	45.0	0	0.0	47.5	2	0.45	44.0	2	0.42	45.0	4	0.41	42.4	7	0.32	40.3	11	0.27	42.9	22	0.24
chr11	19777979	CG	C	0	55.0	1	0.67	55.0	1	0.36	56.67	2	0.43	58.75	4	0.58	56.0	4	0.51	53.5	7	0.49	53.0	18	0.51	50.4	29	0.46	53.4	93	0.65
chr11	44903398	GC	G	0	50.0	0	0.0	50.0	0	0.0	50.0	1	0.37	53.75	1	0.24	54.0	1	0.16	53.5	2	0.16	55.4	5	0.15	53.4	12	0.17	53.35	20	0.14
chr11	44903807	C	CT	0	60.0	0	0.0	52.5	0	0.0	51.67	0	0.0	50.0	0	0.0	54.0	0	0.0	50.5	2	0.18	48.4	4	0.14	51.3	7	0.11	52.65	23	0.17
chr11	44936624	GC	G	0	50.0	0	0.0	52.5	0	0.0	58.33	0	0.0	56.25	1	0.16	59.0	2	0.23	61.0	8	0.43	60.8	18	0.39	57.6	28	0.34	58.25	51	0.3
chr11	46320707	A	AG	0	55.0	0	0.0	62.5	0	0.0	58.33	1	0.23	57.5	1	0.17	58.0	1	0.12	58.0	2	0.12	60.2	10	0.24	57.9	23	0.3	53.5	36	0.26
chr11	46382789	G	GC	0	95.0	2	0.45	90.0	3	0.38	81.67	3	0.31	72.5	4	0.38	65.0	4	0.38	62.5	7	0.36	61.2	22	0.47	63.0	44	0.45	62.9	94	0.48
chr11	46382789	GC	G	0	95.0	2	0.45	90.0	3	0.38	81.67	3	0.31	72.5	4	0.38	65.0	4	0.38	62.5	7	0.36	61.2	22	0.47	63.0	44	0.45	62.9	94	0.48
chr11	46382789	GCC	G	0	95.0	2	0.45	90.0	3	0.38	81.67	3	0.31	72.5	4	0.38	65.0	4	0.38	62.5	7	0.36	61.2	22	0.47	63.0	44	0.45	62.9	94	0.48
chr11	46382789	GCCC	G	0	95.0	2	0.45	90.0	3	0.38	81.67	3	0.31	72.5	4	0.38	65.0	4	0.38	62.5	7	0.36	61.2	22	0.47	63.0	44	0.45	62.9	94	0.48
chr11	46382789	GCCCC	G	0	95.0	2	0.45	90.0	3	0.38	81.67	3	0.31	72.5	4	0.38	65.0	4	0.38	62.5	7	0.36	61.2	22	0.47	63.0	44	0.45	62.9	94	0.48
chr11	46703165	CAGTGGTGACAGA	C	0	60.0	0	0.0	52.5	0	0.0	56.67	0	0.0	56.25	0	0.0	61.0	0	0.0	58.5	0	0.0	52.4	5	0.15	48.7	14	0.24	48.1	27	0.24
chr11	47358724	G	GCA	0	50.0	0	0.0	52.5	2	1.0	56.67	3	0.75	58.75	4	0.63	58.0	4	0.49	61.5	7	0.37	63.2	16	0.33	60.1	21	0.23	58.25	41	0.24
chr11	47767110	CGGTGGT	C	0	75.0	2	0.8	77.5	7	1.23	78.33	12	1.35	76.25	14	1.26	76.0	15	1.06	74.5	27	0.98	76.4	64	0.88	66.8	101	0.91	58.85	145	0.84
chr11	47980976	CGCT	C	0	80.0	2	0.62	77.5	4	0.67	81.67	8	0.8	78.75	10	0.81	81.0	14	0.86	78.5	27	0.9	79.0	74	0.98	78.8	141	0.93	72.55	208	0.8
chr11	48264428	CCTT	C	0	55.0	1	0.83	57.5	1	0.31	58.33	1	0.21	57.5	2	0.31	56.0	3	0.41	54.0	5	0.37	54.2	10	0.28	49.7	10	0.16	45.95	14	0.13
chr11	48325107	TTTGCTGATC	T	0	35.0	0	0.0	42.5	0	0.0	45.0	1	0.37	45.0	1	0.25	49.0	1	0.17	47.0	2	0.18	41.4	2	0.09	42.2	4	0.09	40.3	7	0.09
chr11	48365725	C	CACTGTCCTTCTGT	0	60.0	1	0.57	57.5	2	0.67	53.33	3	0.87	50.0	4	0.95	44.0	4	1.04	46.5	7	0.7	45.2	9	0.36	41.6	10	0.23	38.85	19	0.25
chr11	48366130	GT	G	0	25.0	0	0.0	37.5	0	0.0	40.0	0	0.0	40.0	0	0.0	41.0	0	0.0	43.0	2	0.22	47.6	6	0.21	43.9	14	0.3	39.1	17	0.22
chr11	55812270	G	GTTTTTTA	0	50.0	0	0.0	52.5	0	0.0	50.0	1	0.27	50.0	2	0.4	49.0	2	0.33	47.5	2	0.18	47.8	5	0.18	42.6	10	0.22	37.15	12	0.17
chr11	55812275	TG	T	0	45.0	0	0.0	52.5	1	0.38	55.0	1	0.22	50.0	2	0.4	48.0	2	0.35	47.5	2	0.18	47.8	5	0.18	42.5	10	0.22	37.15	12	0.17
chr11	55812278	CAAAGT	C	0	55.0	0	0.0	52.5	1	0.38	55.0	2	0.44	47.5	2	0.44	48.0	2	0.35	46.5	2	0.19	47.8	5	0.18	42.5	10	0.22	37.2	12	0.17
chr11	55812285	G	GCGA	0	60.0	1	0.56	52.5	1	0.37	50.0	2	0.54	52.5	2	0.36	48.0	2	0.35	47.5	2	0.18	47.4	5	0.18	42.3	10	0.22	37.25	12	0.17
chr11	55828026	T	TTTTAA	0	45.0	0	0.0	52.5	1	0.38	53.33	2	0.48	46.25	2	0.48	46.0	2	0.38	49.0	2	0.17	47.4	3	0.11	42.6	8	0.18	39.4	16	0.21
chr11	56093800	GT	G	0	50.0	1	1.25	45.0	1	0.56	46.67	2	0.62	42.5	2	0.56	43.0	2	0.43	44.0	3	0.31	45.0	6	0.24	41.9	11	0.25	35.7	16	0.25
chr11	56093829	CA	C	0	30.0	0	0.0	35.0	0	0.0	40.0	1	0.43	43.75	1	0.26	41.0	1	0.24	44.5	3	0.3	45.0	5	0.2	41.8	11	0.25	35.85	16	0.25
chr11	56375947	A	ACGGC	0	35.0	0	0.0	45.0	0	0.0	45.0	0	0.0	47.5	0	0.0	46.0	1	0.19	41.5	1	0.12	42.6	3	0.14	40.9	7	0.18	34.65	12	0.2
chr11	56375948	TATCA	T	0	35.0	0	0.0	42.5	0	0.0	46.67	0	0.0	48.75	0	0.0	47.0	1	0.19	41.0	1	0.12	42.6	3	0.14	41.0	7	0.17	34.6	12	0.2
chr11	56376305	T	TGA	0	50.0	0	0.0	50.0	0	0.0	46.67	0	0.0	47.5	2	0.44	47.0	2	0.36	46.0	2	0.19	44.8	4	0.17	38.7	7	0.19	35.95	12	0.19
chr11	56376307	CAT	C	0	50.0	0	0.0	50.0	0	0.0	46.67	0	0.0	47.5	2	0.44	48.0	2	0.35	46.0	2	0.19	44.8	4	0.17	38.7	7	0.19	35.9	12	0.19
chr11	56413159	A	ACT	0	25.0	0	0.0	32.5	0	0.0	31.67	1	0.71	33.75	1	0.44	38.0	1	0.28	38.0	4	0.55	38.0	4	0.22	38.1	6	0.17	36.1	11	0.17
chr11	56413349	T	TG	0	35.0	0	0.0	42.5	0	0.0	38.33	0	0.0	40.0	0	0.0	41.0	0	0.0	42.0	1	0.11	40.2	5	0.25	38.2	8	0.22	36.65	10	0.15
chr11	56577366	CCATTGAAG	C	0	50.0	1	0.8	45.0	1	0.5	46.67	1	0.31	43.75	1	0.27	45.0	2	0.41	46.0	3	0.29	45.4	5	0.21	43.5	11	0.24	39.1	22	0.29
chr11	56613069	CCAGA	C	0	50.0	0	0.0	42.5	0	0.0	43.33	0	0.0	45.0	0	0.0	46.0	0	0.0	43.5	1	0.11	44.6	6	0.26	44.4	12	0.25	37.4	18	0.26
chr11	56820023	CA	C	0	35.0	0	0.0	30.0	0	0.0	30.0	0	0.0	30.0	0	0.0	32.0	0	0.0	41.0	1	0.12	43.8	3	0.13	41.0	4	0.1	36.95	5	0.07
chr11	56820173	A	AG	0	55.0	0	0.0	55.0	1	0.33	53.33	1	0.24	52.5	1	0.19	51.0	1	0.16	47.5	2	0.18	42.6	2	0.09	40.0	4	0.1	37.2	5	0.07
chr11	58031635	AC	A	0	55.0	1	0.67	55.0	2	0.71	56.67	2	0.42	56.25	3	0.47	57.0	3	0.38	54.0	3	0.21	51.0	7	0.22	47.0	8	0.15	42.7	11	0.12
chr11	58403318	AG	A	0	40.0	1	2.86	37.5	1	1.11	43.33	1	0.42	41.25	1	0.32	39.0	1	0.28	39.0	1	0.13	38.8	4	0.22	38.3	7	0.19	37.9	11	0.15
chr11	58439561	AT	A	0	30.0	0	0.0	35.0	0	0.0	36.67	0	0.0	38.75	0	0.0	38.0	0	0.0	39.0	1	0.14	43.2	4	0.18	41.9	4	0.09	39.3	12	0.16
chr11	59124487	GT	G	0	20.0	0	0.0	22.5	0	0.0	25.0	0	0.0	23.75	0	0.0	27.0	0	0.0	34.0	1	0.17	34.4	5	0.34	32.4	8	0.31	33.85	19	0.33
chr11	59124902	CA	C	0	20.0	0	0.0	25.0	0	0.0	28.33	0	0.0	30.0	0	0.0	29.0	0	0.0	31.5	0	0.0	35.0	4	0.27	35.7	13	0.42	34.65	24	0.4
chr11	59457655	GC	G	0	65.0	1	0.67	67.5	1	0.22	63.33	3	0.5	60.0	3	0.42	61.0	3	0.32	57.0	7	0.44	52.8	9	0.26	48.3	17	0.29	45.15	29	0.29
chr11	60397878	ATT	A	0	45.0	0	0.0	45.0	0	0.0	45.0	0	0.0	42.5	0	0.0	44.0	1	0.23	48.5	2	0.17	45.2	5	0.2	41.2	6	0.14	40.55	10	0.12
chr11	62536082	T	TCTC	0	65.0	1	0.56	62.5	1	0.28	60.0	1	0.19	58.75	1	0.14	61.0	2	0.22	62.0	8	0.42	62.6	14	0.29	60.6	25	0.28	57.4	54	0.33
chr11	62728450	C	CG	0	70.0	1	0.5	67.5	2	0.44	65.0	4	0.63	61.25	4	0.54	63.0	5	0.5	52.5	9	0.65	52.0	18	0.53	52.7	44	0.63	51.65	89	0.67
chr11	63382197	C	CA	0	40.0	0	0.0	35.0	0	0.0	36.67	0	0.0	37.5	0	0.0	37.0	0	0.0	40.5	2	0.25	38.6	4	0.21	38.0	10	0.28	39.9	12	0.15
chr11	63382197	CA	C	0	40.0	0	0.0	35.0	0	0.0	36.67	0	0.0	37.5	0	0.0	37.0	0	0.0	40.5	2	0.25	38.6	4	0.21	38.0	10	0.28	39.9	12	0.15
chr11	64265027	CAG	C	0	70.0	0	0.0	70.0	1	0.3	73.33	3	0.45	73.75	3	0.34	73.0	3	0.28	68.0	5	0.23	64.2	8	0.16	63.5	26	0.26	62.85	53	0.27
chr11	64778167	CGGCGGCGGA	C	0	95.0	4	1.33	85.0	6	1.15	88.33	11	1.16	83.75	13	1.22	84.0	16	1.17	84.0	33	1.08	82.6	80	0.95	79.2	149	0.95	66.45	201	0.91
chr11	65557853	C	CCAG	0	80.0	1	0.33	75.0	2	0.38	78.33	3	0.35	78.75	7	0.61	82.0	11	0.72	81.0	23	0.76	77.4	53	0.71	73.5	84	0.62	68.15	129	0.56
chr11	65557853	CCAG	C	0	80.0	1	0.33	75.0	2	0.38	78.33	3	0.35	78.75	7	0.61	82.0	11	0.72	81.0	23	0.76	77.4	53	0.71	73.5	84	0.62	68.15	129	0.56
chr11	65591792	CTT	C	0	75.0	1	0.77	72.5	2	0.48	71.67	2	0.3	66.25	4	0.5	66.0	5	0.5	68.0	9	0.39	63.6	24	0.48	62.5	58	0.6	62.0	137	0.72
chr11	65720318	CCTT	C	0	55.0	1	2.0	55.0	1	0.42	55.0	3	0.78	58.75	5	0.81	61.0	7	0.8	61.5	16	0.96	67.0	40	0.72	66.6	86	0.78	61.5	114	0.61
chr11	65919007	GGCC	G	0	90.0	4	1.23	92.5	9	1.33	85.0	12	1.39	85.0	17	1.38	81.0	18	1.35	77.5	31	1.12	77.8	67	0.89	74.5	122	0.88	68.55	183	0.78
chr11	66052427	T	TGCC	0	65.0	2	0.95	67.5	3	0.79	65.0	4	0.74	70.0	7	0.73	68.0	8	0.7	67.5	14	0.61	68.2	45	0.78	66.0	87	0.8	58.75	122	0.71
chr11	66744818	G	GGGCGGC	0	85.0	2	0.95	85.0	6	0.91	85.0	10	1.04	81.25	12	1.01	80.0	16	1.1	79.0	33	1.15	73.6	66	1.03	71.5	112	0.9	62.55	162	0.84
chr11	67604320	GT	G	0	25.0	0	0.0	32.5	0	0.0	36.67	1	0.5	40.0	1	0.32	41.0	1	0.24	43.5	2	0.21	48.2	5	0.17	50.2	12	0.19	50.7	26	0.2
chr11	67997691	A	AG	0	65.0	0	0.0	65.0	0	0.0	68.33	3	0.45	66.25	3	0.36	65.0	5	0.51	64.0	14	0.72	66.4	31	0.57	63.5	40	0.41	62.4	71	0.37
chr11	68018593	A	AC	0	75.0	1	0.36	65.0	1	0.24	68.33	4	0.57	66.25	4	0.46	64.0	4	0.4	67.0	9	0.4	62.8	18	0.37	62.1	39	0.41	60.65	59	0.32
chr11	68018595	C	CT	0	75.0	1	0.4	67.5	1	0.22	68.33	4	0.57	65.0	4	0.47	65.0	4	0.38	67.0	9	0.4	62.6	18	0.37	62.1	39	0.41	60.6	59	0.32
chr11	68021820	G	GC	0	70.0	2	0.89	72.5	3	0.63	71.67	4	0.54	66.25	6	0.71	63.0	8	0.82	64.5	12	0.59	64.2	28	0.55	63.6	46	0.46	62.9	69	0.35
chr11	68021821	C	CA	0	70.0	2	0.89	72.5	3	0.63	71.67	5	0.69	65.0	6	0.75	63.0	8	0.81	64.0	12	0.6	64.4	28	0.55	63.5	46	0.46	62.9	69	0.35
chr11	68021823	G	GC	0	80.0	2	0.73	72.5	3	0.67	70.0	5	0.72	66.25	6	0.71	63.0	8	0.82	64.0	12	0.6	64.6	28	0.55	63.5	46	0.46	62.95	69	0.35
chr11	68021825	C	CT	0	80.0	2	0.67	75.0	3	0.57	71.67	5	0.69	66.25	7	0.85	62.0	8	0.85	64.0	12	0.6	64.6	28	0.55	63.3	46	0.46	62.9	68	0.34
chr11	68027907	A	AC	0	70.0	0	0.0	67.5	0	0.0	68.33	2	0.29	67.5	4	0.44	70.0	6	0.5	70.0	15	0.62	66.8	24	0.44	62.3	33	0.34	60.9	59	0.32
chr11	68312745	C	CGCT	0	85.0	3	0.83	82.5	6	0.89	76.67	6	0.68	76.25	9	0.78	79.0	13	0.83	82.0	31	0.93	82.4	87	1.03	81.5	155	0.93	70.1	204	0.83
chr11	68312745	CGCT	C	0	85.0	3	0.83	82.5	6	0.89	76.67	6	0.68	76.25	9	0.78	79.0	13	0.83	82.0	31	0.93	82.4	87	1.03	81.5	155	0.93	70.1	204	0.83
chr11	70952750	CG	C	0	75.0	2	0.8	75.0	3	0.56	70.0	3	0.48	68.75	4	0.47	67.0	4	0.38	59.0	6	0.35	54.8	11	0.29	53.2	21	0.3	53.05	38	0.27
chr11	72139109	C	CTA	0	50.0	0	0.0	50.0	0	0.0	58.33	1	0.2	60.0	2	0.29	57.0	2	0.25	56.0	4	0.26	58.4	8	0.19	56.6	21	0.26	54.0	41	0.28
chr11	73309329	G	GCTC	0	75.0	1	0.45	77.5	3	0.55	73.33	5	0.74	68.75	5	0.64	65.0	7	0.76	69.0	17	0.72	71.0	48	0.76	70.0	98	0.8	68.95	178	0.75
chr11	74171044	T	TGG	0	85.0	2	0.77	70.0	2	0.41	66.67	5	0.75	63.75	6	0.74	60.0	6	0.67	60.5	14	0.77	61.2	37	0.79	59.4	68	0.78	52.85	86	0.62
chr11	75162708	GCACAGAAAA	G	0	50.0	0	0.0	50.0	0	0.0	51.67	0	0.0	56.25	0	0.0	58.0	2	0.24	56.0	4	0.26	51.6	9	0.27	53.3	15	0.21	52.7	19	0.14
chr11	75983385	G	GA	0	5.0	0	0.0	22.5	0	0.0	23.33	0	0.0	21.25	0	0.0	25.0	0	0.0	30.5	2	0.47	32.6	2	0.15	33.6	5	0.18	35.9	16	0.25
chr11	77040496	CT	C	0	65.0	1	0.56	70.0	4	0.83	73.33	8	0.99	73.75	10	0.93	73.0	12	0.94	75.0	25	0.92	70.8	53	0.86	66.6	96	0.87	65.65	170	0.8
chr11	77040538	CT	C	0	65.0	2	1.0	75.0	5	0.9	78.33	8	0.87	76.25	10	0.86	73.0	11	0.83	71.0	25	1.02	69.6	51	0.86	66.0	93	0.86	65.8	166	0.77
chr11	77040555	GC	G	0	70.0	2	0.83	70.0	4	0.83	70.0	6	0.83	71.25	8	0.82	73.0	12	0.92	67.0	21	0.95	69.6	50	0.84	65.8	90	0.84	65.85	168	0.78
chr11	77040556	CT	C	0	75.0	2	0.71	67.5	4	0.89	68.33	6	0.88	71.25	8	0.82	72.0	11	0.87	67.5	21	0.94	69.6	50	0.84	65.8	90	0.84	65.85	168	0.78
chr11	77040557	TG	T	0	80.0	3	0.95	70.0	4	0.83	68.33	6	0.88	70.0	7	0.74	71.0	11	0.89	67.5	21	0.93	69.6	50	0.84	65.8	90	0.84	65.8	168	0.78
chr11	77243742	T	TA	0	15.0	0	0.0	27.5	0	0.0	28.33	0	0.0	32.5	1	0.48	37.0	1	0.29	42.0	3	0.34	43.2	5	0.23	42.5	16	0.36	40.25	25	0.31
chr11	77918085	A	AT	0	40.0	0	0.0	42.5	0	0.0	48.33	0	0.0	46.25	0	0.0	46.0	0	0.0	47.5	2	0.18	47.4	7	0.25	42.2	8	0.18	42.2	19	0.21
chr11	83273726	T	TA	0	30.0	0	0.0	30.0	0	0.0	26.67	0	0.0	28.75	0	0.0	29.0	0	0.0	28.0	0	0.0	31.6	2	0.16	31.4	3	0.12	30.65	4	0.09
chr11	89490962	T	TCTC	0	55.0	0	0.0	52.5	0	0.0	45.0	1	0.48	43.75	1	0.32	44.0	1	0.22	43.5	2	0.22	44.2	8	0.33	50.3	40	0.63	49.25	61	0.51
chr11	89711441	G	GA	0	30.0	0	0.0	27.5	0	0.0	30.0	0	0.0	30.0	0	0.0	29.0	0	0.0	32.0	1	0.2	35.8	2	0.12	33.6	3	0.11	35.3	8	0.13
chr11	89875822	GT	G	0	40.0	0	0.0	42.5	0	0.0	45.0	0	0.0	47.5	1	0.26	50.0	2	0.36	51.0	2	0.16	47.6	6	0.21	44.4	11	0.22	40.95	31	0.37
chr11	93741403	T	TGCGTGA	0	60.0	0	0.0	57.5	2	0.62	65.0	3	0.51	62.5	4	0.57	62.0	4	0.49	62.0	13	0.75	64.0	47	0.93	58.2	82	0.97	49.55	103	0.84
chr11	95067737	G	GC	0	70.0	3	1.33	65.0	4	1.05	61.67	6	1.2	60.0	6	0.94	62.0	10	1.1	59.0	16	0.97	65.2	50	0.96	62.4	90	0.93	54.3	125	0.85
chr11	96092209	TTGC	T	0	60.0	0	0.0	62.5	0	0.0	60.0	0	0.0	60.0	0	0.0	57.0	0	0.0	53.5	0	0.0	52.2	4	0.13	52.2	11	0.17	49.55	22	0.18
chr11	96092209	TTGCTGC	T	0	60.0	0	0.0	62.5	0	0.0	60.0	0	0.0	60.0	0	0.0	57.0	0	0.0	53.5	0	0.0	52.2	4	0.13	52.2	11	0.17	49.55	22	0.18
chr11	96092209	TTGCTGCTGC	T	0	60.0	0	0.0	62.5	0	0.0	60.0	0	0.0	60.0	0	0.0	57.0	0	0.0	53.5	0	0.0	52.2	4	0.13	52.2	11	0.17	49.55	22	0.18
chr11	96092209	TTGCTGCTGCTGC	T	0	60.0	0	0.0	62.5	0	0.0	60.0	0	0.0	60.0	0	0.0	57.0	0	0.0	53.5	0	0.0	52.2	4	0.13	52.2	11	0.17	49.55	22	0.18
chr11	99819750	C	CCAA	0	45.0	0	0.0	35.0	0	0.0	41.67	0	0.0	37.5	0	0.0	40.0	0	0.0	42.5	0	0.0	39.4	1	0.05	38.0	2	0.06	34.3	6	0.1
chr11	99819751	C	CAACTGAGGAACCAGGCA	0	45.0	0	0.0	37.5	0	0.0	41.67	0	0.0	37.5	0	0.0	39.0	0	0.0	42.0	0	0.0	39.6	1	0.05	38.0	2	0.06	34.3	6	0.1
chr11	99819753	T	TATTTTGTCGATAGATC	0	45.0	0	0.0	37.5	0	0.0	38.33	0	0.0	38.75	0	0.0	37.0	0	0.0	41.5	0	0.0	39.4	1	0.05	38.0	2	0.06	34.4	6	0.1
chr11	99819758	C	CTGAGG	0	40.0	0	0.0	40.0	0	0.0	38.33	0	0.0	40.0	0	0.0	38.0	0	0.0	41.0	0	0.0	39.4	1	0.05	37.9	2	0.06	34.35	6	0.1
chr11	102796714	CA	C	0	55.0	0	0.0	52.5	0	0.0	45.0	0	0.0	46.25	0	0.0	47.0	0	0.0	43.5	1	0.11	39.6	3	0.15	38.4	7	0.19	39.7	19	0.24
chr11	105007312	G	GT	0	20.0	0	0.0	30.0	0	0.0	36.67	0	0.0	35.0	0	0.0	33.0	0	0.0	36.0	1	0.16	35.6	7	0.46	36.5	8	0.24	36.1	12	0.18
chr11	105008958	CT	C	0	25.0	1	5.0	32.5	1	1.11	35.0	1	0.67	32.5	1	0.5	35.0	1	0.4	39.0	3	0.41	37.2	5	0.29	37.8	6	0.17	33.1	9	0.17
chr11	108917906	G	GTGATGA	0	45.0	0	0.0	42.5	0	0.0	40.0	0	0.0	38.75	0	0.0	38.0	0	0.0	36.5	0	0.0	34.4	0	0.0	35.3	1	0.03	36.25	6	0.09
chr11	111871421	CG	C	0	80.0	3	0.95	72.5	3	0.58	75.0	5	0.63	73.75	7	0.68	77.0	10	0.73	71.0	22	0.91	65.4	46	0.86	55.5	52	0.68	47.7	58	0.52
chr11	111982380	G	GC	0	75.0	1	0.37	65.0	2	0.48	58.33	2	0.39	56.25	2	0.32	50.0	2	0.32	42.0	2	0.23	43.6	5	0.21	43.2	9	0.19	43.45	18	0.19
chr11	112961553	A	AG	0	75.0	1	0.4	72.5	3	0.58	70.0	6	0.82	66.25	6	0.69	64.0	6	0.6	54.0	7	0.49	52.6	23	0.67	59.4	69	0.78	53.8	119	0.82
chr11	112961584	G	GA	0	60.0	2	1.25	57.5	2	0.67	58.33	2	0.39	58.75	3	0.44	59.0	5	0.58	50.0	6	0.48	53.0	26	0.75	60.8	72	0.78	54.25	121	0.82
chr11	112961585	A	AG	0	60.0	2	1.25	57.5	2	0.71	58.33	2	0.39	57.5	3	0.45	58.0	5	0.6	50.0	6	0.48	53.0	26	0.75	60.9	72	0.78	54.2	121	0.82
chr11	112961617	GC	G	0	30.0	0	0.0	45.0	0	0.0	46.67	0	0.0	50.0	2	0.41	48.0	2	0.35	49.0	6	0.51	54.4	26	0.7	61.1	74	0.79	54.8	121	0.81
chr11	115209590	ATGG	A	0	50.0	0	0.0	52.5	0	0.0	51.67	0	0.0	48.75	0	0.0	50.0	0	0.0	43.0	1	0.15	38.4	4	0.23	40.5	8	0.2	40.2	14	0.17
chr11	115504310	AAGCCGG	A	0	60.0	1	0.57	70.0	4	0.86	73.33	8	1.03	76.25	11	0.96	75.0	13	0.92	70.0	20	0.82	66.8	39	0.7	63.9	69	0.68	63.25	149	0.75
chr11	117351930	G	GA	0	15.0	0	0.0	32.5	0	0.0	35.0	0	0.0	41.25	1	0.35	45.0	1	0.2	51.0	5	0.39	45.8	6	0.23	44.6	6	0.12	44.65	20	0.2
chr11	117351930	GA	G	0	15.0	0	0.0	32.5	0	0.0	35.0	0	0.0	41.25	1	0.35	45.0	1	0.2	51.0	5	0.39	45.8	6	0.23	44.6	6	0.12	44.65	20	0.2
chr11	117918596	CGGGCTGGAGATGCCT	C	0	75.0	2	0.74	70.0	2	0.44	65.0	2	0.34	65.0	3	0.4	66.0	4	0.4	64.5	7	0.36	63.0	12	0.25	59.7	17	0.19	56.65	27	0.17
chr11	118436697	CGCG	C	0	90.0	4	1.04	90.0	8	0.99	90.0	10	0.83	88.75	12	0.77	87.0	15	0.82	82.5	31	0.91	78.6	69	0.89	75.8	110	0.77	68.0	166	0.73
chr11	118535612	CAGTGTGGA	C	0	35.0	0	0.0	50.0	1	0.4	51.67	1	0.29	51.25	1	0.21	52.0	1	0.15	50.0	2	0.16	46.8	7	0.26	48.6	25	0.43	50.5	39	0.31
chr11	118634958	GT	G	0	80.0	1	0.32	80.0	5	0.78	78.33	8	0.88	75.0	9	0.81	73.0	12	0.9	67.0	16	0.71	66.6	37	0.68	62.3	46	0.48	58.5	63	0.37
chr11	118658327	GGTGGCCCCAGGCA	G	0	75.0	1	0.4	72.5	1	0.24	71.67	1	0.15	66.25	1	0.12	68.0	1	0.09	65.0	5	0.25	64.4	8	0.16	62.2	20	0.21	60.2	35	0.19
chr11	118658333	C	CG	0	70.0	1	0.44	75.0	1	0.2	70.0	1	0.15	70.0	1	0.11	69.0	1	0.09	66.0	5	0.24	65.0	9	0.17	62.3	20	0.21	60.2	35	0.19
chr11	118658335	GGTGGCCCCAGGCA	G	0	70.0	1	0.44	75.0	1	0.2	70.0	1	0.15	70.0	1	0.11	69.0	2	0.18	65.5	5	0.25	64.8	9	0.17	62.4	20	0.21	60.2	35	0.19
chr11	119027724	AC	A	0	55.0	0	0.0	55.0	0	0.0	60.0	1	0.19	60.0	2	0.28	58.0	2	0.24	60.5	3	0.16	59.0	8	0.18	56.3	14	0.18	56.1	23	0.15
chr11	119069227	T	TC	0	55.0	1	0.83	52.5	1	0.38	51.67	1	0.26	52.5	2	0.38	53.0	2	0.31	47.5	2	0.18	48.8	6	0.2	47.5	18	0.32	45.9	40	0.38
chr11	119664966	C	CCCT	0	80.0	1	1.33	72.5	3	1.2	71.67	4	1.08	71.25	4	0.49	68.0	5	0.51	67.0	15	0.69	62.8	33	0.67	64.1	53	0.52	60.6	67	0.37
chr11	120123188	CCT	C	0	50.0	0	0.0	50.0	1	0.42	55.0	1	0.26	56.25	2	0.4	57.0	2	0.3	56.5	2	0.13	51.4	8	0.24	54.9	16	0.21	57.7	37	0.22
chr11	124251389	G	GATTTAT	0	40.0	1	1.33	25.0	1	1.67	25.0	1	1.36	22.5	1	1.11	24.0	1	0.71	26.0	1	0.3	32.2	4	0.32	31.8	5	0.2	33.25	11	0.2
chr11	124251391	G	GC	0	40.0	1	1.33	25.0	1	1.67	23.33	1	1.5	21.25	1	1.21	25.0	1	0.65	25.5	1	0.31	32.4	4	0.32	31.8	5	0.2	33.25	11	0.2
chr11	124251392	C	CCTGAGGAA	0	45.0	1	1.0	27.5	1	1.43	23.33	1	1.5	21.25	1	1.21	25.0	1	0.65	25.0	1	0.32	32.4	4	0.32	31.9	5	0.2	33.2	11	0.2
chr11	124396800	A	AG	0	60.0	0	0.0	57.5	0	0.0	51.67	0	0.0	48.75	1	0.25	48.0	1	0.2	49.5	3	0.25	42.8	5	0.22	39.8	7	0.18	39.55	13	0.17
chr11	124880550	CCGGAGT	C	0	80.0	3	0.95	77.5	4	0.67	75.0	5	0.61	73.75	5	0.46	69.0	5	0.42	65.0	10	0.48	61.4	13	0.29	58.6	21	0.25	57.45	34	0.21
chr11	125431295	AGAG	A	0	50.0	0	0.0	55.0	0	0.0	56.67	0	0.0	55.0	2	0.82	56.0	4	0.81	56.5	5	0.34	57.4	11	0.27	55.1	20	0.27	53.1	30	0.21
chr11	125582403	A	AC	0	55.0	0	0.0	50.0	1	0.4	40.0	1	0.42	41.25	1	0.3	39.0	1	0.27	36.5	1	0.15	35.2	5	0.32	39.2	12	0.31	42.3	29	0.32
chr11	126306582	C	CTGGGGA	0	60.0	0	0.0	62.5	0	0.0	60.0	1	0.21	60.0	1	0.15	60.0	2	0.23	59.0	4	0.23	51.8	5	0.15	51.5	13	0.2	49.45	31	0.26
chr11	130121756	TGAAGAG	T	0	45.0	0	0.0	42.5	0	0.0	43.33	0	0.0	40.0	0	0.0	40.0	0	0.0	42.0	1	0.13	42.6	5	0.23	38.8	9	0.24	42.5	22	0.25
chr11	130428221	G	GGCA	0	85.0	3	0.83	82.5	5	0.74	81.67	7	0.72	83.75	9	0.65	84.0	12	0.69	82.5	26	0.79	78.6	69	0.9	74.7	118	0.85	65.5	166	0.77
chr11	130428221	GGCA	G	0	85.0	3	0.83	82.5	5	0.74	81.67	7	0.72	83.75	9	0.65	84.0	12	0.69	82.5	26	0.79	78.6	69	0.9	74.7	118	0.85	65.5	166	0.77
chr11	134985600	GCA	G	0	60.0	0	0.0	60.0	0	0.0	58.33	0	0.0	61.25	0	0.0	60.0	0	0.0	60.5	2	0.11	58.0	7	0.17	55.3	11	0.14	54.55	22	0.15
chr12	865141	T	TC	0	45.0	1	1.0	50.0	2	0.8	55.0	4	0.88	55.0	5	0.83	54.0	5	0.69	49.0	6	0.53	46.8	13	0.48	39.2	13	0.34	37.15	19	0.28
chr12	865188	T	TC	0	60.0	0	0.0	67.5	2	0.63	61.67	2	0.44	57.5	2	0.39	58.0	2	0.32	54.0	9	0.64	45.4	12	0.48	38.6	14	0.38	36.7	18	0.27
chr12	929811	C	CT	0	55.0	0	0.0	62.5	0	0.0	56.67	1	0.25	57.5	1	0.2	57.0	2	0.33	54.5	3	0.22	50.6	5	0.16	42.9	10	0.22	41.75	25	0.29
chr12	1953156	T	TTGC	0	55.0	0	0.0	55.0	0	0.0	56.67	0	0.0	58.75	1	0.15	59.0	2	0.23	55.5	2	0.13	48.2	6	0.21	46.4	9	0.17	47.05	18	0.16
chr12	4626798	T	TC	0	50.0	0	0.0	52.5	1	0.41	56.67	1	0.21	50.0	2	0.42	48.0	2	0.36	49.0	2	0.17	51.4	7	0.21	48.1	14	0.24	46.55	25	0.23
chr12	4626802	GA	G	0	50.0	0	0.0	52.5	0	0.0	55.0	2	0.46	52.5	2	0.38	49.0	2	0.35	50.0	2	0.16	51.8	8	0.24	47.8	14	0.25	46.55	25	0.23
chr12	4685134	T	TA	0	15.0	0	0.0	27.5	1	1.67	38.33	1	0.45	41.25	2	0.59	43.0	2	0.43	46.0	3	0.29	41.0	6	0.3	44.6	15	0.3	44.1	23	0.24
chr12	4685134	TA	T	0	15.0	0	0.0	27.5	1	1.67	38.33	1	0.45	41.25	2	0.59	43.0	2	0.43	46.0	3	0.29	41.0	6	0.3	44.6	15	0.3	44.1	23	0.24
chr12	4850737	G	GA	0	55.0	0	0.0	57.5	0	0.0	51.67	0	0.0	48.75	0	0.0	45.0	0	0.0	50.0	2	0.16	53.2	7	0.2	54.5	18	0.25	51.95	37	0.28
chr12	6566601	TCTC	T	0	50.0	0	0.0	60.0	0	0.0	48.33	0	0.0	46.25	0	0.0	48.0	0	0.0	47.5	1	0.09	47.0	7	0.26	46.7	17	0.32	45.7	24	0.24
chr12	6667902	TTGC	T	0	65.0	0	0.0	62.5	0	0.0	63.33	0	0.0	66.25	0	0.0	66.0	0	0.0	66.5	0	0.0	59.4	7	0.16	52.3	9	0.13	50.05	18	0.15
chr12	6667902	TTGCTGC	T	0	65.0	0	0.0	62.5	0	0.0	63.33	0	0.0	66.25	0	0.0	66.0	0	0.0	66.5	0	0.0	59.4	7	0.16	52.3	9	0.13	50.05	18	0.15
chr12	6667902	TTGCTGCTGCTGC	T	0	65.0	0	0.0	62.5	0	0.0	63.33	0	0.0	66.25	0	0.0	66.0	0	0.0	66.5	0	0.0	59.4	7	0.16	52.3	9	0.13	50.05	18	0.15
chr12	6828857	C	CG	0	90.0	5	1.3	87.5	8	1.12	83.33	11	1.12	82.5	14	1.04	80.0	16	1.01	75.0	25	0.89	75.4	65	0.92	72.6	107	0.82	67.8	140	0.61
chr12	6936715	CCAGCAA	C	0	55.0	0	0.0	52.5	0	0.0	56.67	0	0.0	60.0	1	0.19	63.0	1	0.11	62.5	3	0.18	64.0	6	0.14	63.2	20	0.24	64.6	58	0.3
chr12	7368966	T	TGAGA	0	55.0	1	0.71	50.0	1	0.48	50.0	2	0.68	46.25	3	0.8	47.0	3	0.65	44.0	5	0.52	41.0	6	0.29	42.3	12	0.27	42.25	23	0.26
chr12	7368966	TGA	T	0	55.0	1	0.71	50.0	1	0.48	50.0	2	0.68	46.25	3	0.8	47.0	3	0.65	44.0	5	0.52	41.0	6	0.29	42.3	12	0.27	42.25	23	0.26
chr12	7795088	CGT	C	0	50.0	1	0.83	42.5	1	0.61	38.33	1	0.45	36.25	1	0.38	38.0	1	0.28	43.0	1	0.11	44.4	3	0.12	50.1	20	0.33	45.4	39	0.38
chr12	8224770	TG	T	0	65.0	1	0.48	67.5	1	0.22	65.0	1	0.16	68.75	2	0.21	66.0	3	0.28	60.5	7	0.39	58.8	18	0.42	55.3	36	0.47	53.15	66	0.47
chr12	8863965	GGC	G	0	60.0	0	0.0	50.0	0	0.0	53.33	1	0.24	50.0	1	0.2	50.0	1	0.16	49.0	1	0.08	43.6	5	0.21	44.3	14	0.29	42.55	31	0.34
chr12	8946398	G	GAAC	0	45.0	0	0.0	52.5	0	0.0	53.33	0	0.0	53.75	0	0.0	55.0	0	0.0	48.5	3	0.27	38.2	3	0.16	38.3	4	0.11	39.2	14	0.18
chr12	9733110	A	ATAAGT	0	25.0	0	0.0	32.5	0	0.0	31.67	0	0.0	40.0	0	0.0	41.0	0	0.0	40.5	0	0.0	37.8	7	0.39	36.3	13	0.39	33.2	18	0.33
chr12	9841848	GTGT	G	0	40.0	0	0.0	37.5	0	0.0	38.33	0	0.0	40.0	0	0.0	39.0	0	0.0	33.5	0	0.0	33.2	1	0.07	32.0	3	0.12	33.85	9	0.16
chr12	10806245	G	GA	0	15.0	0	0.0	17.5	0	0.0	25.0	0	0.0	26.25	0	0.0	27.0	0	0.0	36.0	1	0.16	32.8	1	0.08	35.1	3	0.1	36.25	12	0.18
chr12	11092078	GAGCAGTGAGAATTTGGTC	G	0	65.0	1	0.5	52.5	1	0.36	53.33	1	0.24	43.75	1	0.26	42.0	1	0.23	38.5	1	0.14	39.0	4	0.21	40.8	9	0.22	39.0	16	0.21
chr12	11267399	AG	A	0	60.0	0	0.0	57.5	0	0.0	60.0	0	0.0	55.0	0	0.0	53.0	0	0.0	59.0	2	0.13	59.8	7	0.17	55.1	16	0.22	50.35	32	0.27
chr12	11891599	G	GA	0	40.0	0	0.0	32.5	0	0.0	33.33	0	0.0	33.75	1	0.49	38.0	1	0.28	46.0	2	0.19	44.2	6	0.25	48.7	18	0.3	45.45	26	0.25
chr12	11891599	GA	G	0	40.0	0	0.0	32.5	0	0.0	33.33	0	0.0	33.75	1	0.49	38.0	1	0.28	46.0	2	0.19	44.2	6	0.25	48.7	18	0.3	45.45	26	0.25
chr12	12477730	TGCACGCTGG	T	0	70.0	3	1.22	67.5	4	0.88	70.0	6	0.82	70.0	9	0.92	69.0	9	0.76	64.5	13	0.63	54.6	14	0.38	51.4	26	0.4	50.2	41	0.33
chr12	12477740	GCACGC	G	0	75.0	2	0.71	75.0	5	0.89	70.0	7	0.95	68.75	8	0.85	69.0	9	0.76	64.0	13	0.64	54.2	14	0.39	51.4	26	0.4	50.35	41	0.32
chr12	12477746	TGGGC	T	0	80.0	2	0.63	75.0	5	0.93	70.0	7	0.96	70.0	8	0.82	68.0	8	0.69	64.5	13	0.63	53.8	14	0.39	51.6	25	0.38	50.4	41	0.32
chr12	14567619	GGCA	G	0	60.0	1	0.57	62.5	3	0.77	65.0	6	0.95	66.25	7	0.8	69.0	9	0.76	75.0	24	0.86	71.8	56	0.87	62.5	79	0.81	55.95	115	0.74
chr12	14823482	CTA	C	0	35.0	0	0.0	42.5	0	0.0	43.33	0	0.0	41.25	0	0.0	42.0	0	0.0	39.5	0	0.0	39.2	2	0.1	35.6	3	0.09	35.0	8	0.13
chr12	18282463	GCCC	G	0	65.0	0	0.0	45.0	0	0.0	43.33	1	0.36	42.5	1	0.28	40.0	1	0.25	38.5	1	0.14	38.2	4	0.22	34.0	7	0.24	32.4	12	0.23
chr12	18701605	ATCCTCC	A	0	35.0	0	0.0	42.5	0	0.0	45.0	0	0.0	46.25	0	0.0	47.0	0	0.0	44.5	1	0.19	34.2	1	0.08	35.8	7	0.23	35.05	17	0.29
chr12	18701605	ATCCTCCTCC	A	0	35.0	0	0.0	42.5	0	0.0	45.0	0	0.0	46.25	0	0.0	47.0	0	0.0	44.5	1	0.19	34.2	1	0.08	35.8	7	0.23	35.05	17	0.29
chr12	18701605	ATCCTCCTCCTCC	A	0	35.0	0	0.0	42.5	0	0.0	45.0	0	0.0	46.25	0	0.0	47.0	0	0.0	44.5	1	0.19	34.2	1	0.08	35.8	7	0.23	35.05	17	0.29
chr12	18701605	ATCCTCCTCCTCCTCC	A	0	35.0	0	0.0	42.5	0	0.0	45.0	0	0.0	46.25	0	0.0	47.0	0	0.0	44.5	1	0.19	34.2	1	0.08	35.8	7	0.23	35.05	17	0.29
chr12	27961963	C	CT	0	25.0	0	0.0	30.0	0	0.0	35.0	0	0.0	35.0	0	0.0	32.0	0	0.0	34.5	1	0.17	37.6	3	0.17	33.7	3	0.11	32.45	11	0.21
chr12	27961963	CT	C	0	25.0	0	0.0	30.0	0	0.0	35.0	0	0.0	35.0	0	0.0	32.0	0	0.0	34.5	1	0.17	37.6	3	0.17	33.7	3	0.11	32.45	11	0.21
chr12	39326327	C	CA	0	15.0	0	0.0	22.5	0	0.0	26.67	0	0.0	32.5	0	0.0	35.0	0	0.0	36.5	0	0.0	31.6	1	0.08	30.2	4	0.18	33.55	20	0.36
chr12	40449703	CT	C	0	50.0	0	0.0	40.0	0	0.0	45.0	1	0.35	36.25	1	0.4	31.0	1	0.44	30.0	2	0.45	29.6	4	0.37	29.7	5	0.23	34.4	9	0.15
chr12	40481771	T	TA	0	50.0	0	0.0	47.5	0	0.0	50.0	0	0.0	48.75	0	0.0	45.0	0	0.0	46.0	0	0.0	46.4	2	0.08	45.3	3	0.06	46.15	5	0.05
chr12	42234191	G	GAGAAA	0	15.0	0	0.0	25.0	0	0.0	26.67	0	0.0	28.75	0	0.0	33.0	1	0.4	41.5	4	0.48	43.0	7	0.31	41.7	11	0.25	41.0	15	0.18
chr12	43806157	C	CCTCCCGGCT	0	80.0	1	0.33	77.5	3	0.57	76.67	5	0.62	76.25	7	0.7	75.0	11	0.86	76.0	26	0.91	74.0	63	0.92	64.6	93	0.9	50.7	112	0.87
chr12	48203091	C	CA	0	60.0	0	0.0	55.0	1	0.38	53.33	1	0.29	52.5	1	0.25	53.0	1	0.18	52.0	2	0.17	51.0	8	0.26	49.1	14	0.24	48.25	21	0.19
chr12	49186483	AG	A	0	80.0	0	0.0	65.0	0	0.0	63.33	1	0.28	65.0	3	0.57	65.0	4	0.67	62.0	5	0.29	52.0	11	0.33	43.3	18	0.39	44.55	30	0.3
chr12	50352077	T	TGA	0	70.0	1	0.5	65.0	1	0.25	66.67	1	0.16	68.75	2	0.22	69.0	2	0.17	66.5	4	0.19	65.2	7	0.14	61.1	12	0.13	60.9	22	0.12
chr12	51329813	A	AG	0	70.0	0	0.0	60.0	0	0.0	58.33	0	0.0	56.25	0	0.0	52.0	0	0.0	57.0	4	0.25	48.8	8	0.28	45.6	12	0.23	46.15	24	0.23
chr12	51346622	CATAA	C	0	35.0	0	0.0	45.0	0	0.0	53.33	2	0.47	51.25	2	0.38	50.0	2	0.32	51.5	2	0.16	50.4	4	0.13	53.6	5	0.07	53.75	33	0.23
chr12	51346630	A	AAG	0	45.0	0	0.0	47.5	1	0.45	51.67	2	0.5	52.5	2	0.36	50.0	2	0.32	51.5	2	0.17	49.8	4	0.13	53.7	5	0.07	53.85	34	0.24
chr12	51346631	C	CG	0	45.0	0	0.0	45.0	1	0.5	50.0	2	0.54	52.5	2	0.37	51.0	2	0.31	51.0	2	0.17	49.8	4	0.13	53.7	5	0.07	53.9	34	0.24
chr12	51810253	T	TA	0	15.0	0	0.0	22.5	0	0.0	31.67	1	0.86	36.25	1	0.44	41.0	1	0.3	48.0	1	0.11	47.4	10	0.37	39.8	11	0.29	40.7	21	0.25
chr12	51810253	TA	T	0	15.0	0	0.0	22.5	0	0.0	31.67	1	0.86	36.25	1	0.44	41.0	1	0.3	48.0	1	0.11	47.4	10	0.37	39.8	11	0.29	40.7	21	0.25
chr12	52651838	A	AGCC	0	65.0	0	0.0	62.5	2	0.59	63.33	2	0.5	61.25	3	0.62	62.0	4	0.63	61.0	7	0.51	60.6	18	0.43	54.8	25	0.34	49.6	35	0.29
chr12	52795628	ACCAAAGCCACCAGCCCCT	A	0	65.0	0	0.0	65.0	0	0.0	63.33	0	0.0	66.25	0	0.0	64.0	0	0.0	63.5	0	0.0	59.8	8	0.2	57.4	17	0.22	55.15	25	0.17
chr12	53670074	G	GT	0	40.0	1	1.33	40.0	1	0.62	41.67	1	0.44	37.5	1	0.38	35.0	1	0.36	39.0	2	0.26	44.6	6	0.25	45.4	7	0.14	45.7	24	0.23
chr12	53938948	C	CTTA	0	60.0	1	0.57	57.5	3	0.91	63.33	5	0.83	63.75	9	1.11	63.0	12	1.22	65.5	20	0.96	67.0	43	0.8	67.9	84	0.73	64.1	155	0.76
chr12	54646032	TG	T	0	70.0	0	0.0	57.5	0	0.0	51.67	0	0.0	52.5	0	0.0	52.0	0	0.0	47.5	0	0.0	48.4	2	0.07	49.2	5	0.08	48.7	17	0.14
chr12	55129801	AT	A	0	30.0	0	0.0	40.0	0	0.0	43.33	0	0.0	40.0	0	0.0	41.0	0	0.0	35.0	0	0.0	37.4	2	0.11	39.0	6	0.16	38.95	10	0.13
chr12	55320621	C	CA	0	25.0	0	0.0	35.0	0	0.0	31.67	0	0.0	32.5	0	0.0	37.0	0	0.0	38.0	0	0.0	38.6	5	0.27	38.5	8	0.22	41.5	15	0.17
chr12	55427173	C	CA	0	25.0	0	0.0	30.0	0	0.0	30.0	0	0.0	27.5	0	0.0	31.0	0	0.0	33.5	2	0.38	33.2	2	0.15	33.1	2	0.07	31.1	7	0.15
chr12	55427173	CA	C	0	25.0	0	0.0	30.0	0	0.0	30.0	0	0.0	27.5	0	0.0	31.0	0	0.0	33.5	2	0.38	33.2	2	0.15	33.1	2	0.07	31.1	7	0.15
chr12	55551799	CTCTT	C	0	45.0	0	0.0	50.0	0	0.0	53.33	1	0.24	53.75	2	0.35	50.0	2	0.32	46.5	2	0.19	46.4	4	0.15	40.7	6	0.15	37.0	8	0.12
chr12	56229101	CAGCA	C	0	75.0	1	0.77	60.0	2	1.27	63.33	2	0.73	65.0	2	0.35	67.0	4	0.47	61.5	6	0.35	54.2	7	0.2	52.7	22	0.32	50.1	38	0.3
chr12	56997073	AAC	A	0	55.0	0	0.0	57.5	2	0.78	58.33	2	0.43	61.25	2	0.3	61.0	3	0.37	62.5	5	0.26	56.4	10	0.25	51.8	15	0.22	51.35	25	0.19
chr12	57225403	T	TGGC	0	75.0	1	0.37	82.5	3	0.48	78.33	4	0.45	80.0	4	0.33	80.0	8	0.52	75.5	15	0.54	65.6	40	0.74	66.6	78	0.7	63.15	110	0.56
chr12	59768159	G	GA	0	45.0	0	0.0	42.5	0	0.0	41.67	1	0.4	41.25	1	0.3	38.0	1	0.28	35.0	2	0.33	41.4	4	0.2	38.4	7	0.2	40.1	11	0.14
chr12	64318765	A	AGTT	0	35.0	0	0.0	40.0	0	0.0	45.0	0	0.0	41.25	0	0.0	40.0	0	0.0	45.0	1	0.1	41.8	3	0.14	40.1	11	0.28	41.75	22	0.25
chr12	66138155	T	TA	0	15.0	0	0.0	30.0	0	0.0	33.33	1	0.61	37.5	1	0.36	34.0	1	0.35	36.0	1	0.15	34.6	3	0.2	32.1	5	0.19	32.4	14	0.27
chr12	66310492	AG	A	0	40.0	0	0.0	40.0	0	0.0	43.33	1	0.36	41.25	1	0.3	41.0	1	0.24	40.5	1	0.13	45.6	8	0.32	44.3	16	0.33	41.65	20	0.23
chr12	69694438	GT	G	0	30.0	1	2.5	30.0	1	1.14	30.0	1	0.74	31.25	1	0.51	31.0	1	0.42	37.0	2	0.29	37.4	7	0.4	33.4	8	0.29	37.2	27	0.39
chr12	69936112	TGC	T	0	35.0	0	0.0	30.0	1	1.14	25.0	1	1.07	23.75	1	0.89	27.0	1	0.56	37.0	3	0.44	44.8	4	0.16	48.6	13	0.23	44.65	19	0.19
chr12	71676724	AGTT	A	0	30.0	0	0.0	37.5	0	0.0	36.67	0	0.0	35.0	0	0.0	34.0	1	0.35	35.0	1	0.17	33.4	4	0.29	32.3	5	0.19	30.9	8	0.17
chr12	71755139	CCGG	C	0	85.0	4	1.21	85.0	9	1.42	90.0	14	1.34	87.5	18	1.3	84.0	22	1.32	78.5	31	1.11	72.0	54	0.86	66.5	85	0.78	55.55	107	0.7
chr12	71854566	CATT	C	0	50.0	1	0.8	42.5	1	0.57	35.0	1	0.56	35.0	1	0.41	35.0	1	0.33	35.0	1	0.16	36.4	3	0.18	36.3	6	0.18	38.8	14	0.19
chr12	75423033	G	GACA	0	30.0	0	0.0	27.5	1	1.67	28.33	1	0.91	26.25	1	0.89	27.0	1	0.62	31.0	3	0.67	32.4	5	0.38	32.5	12	0.45	39.4	24	0.31
chr12	76031156	TTGC	T	0	60.0	0	0.0	62.5	0	0.0	61.67	1	0.18	67.5	2	0.22	68.0	5	0.44	64.5	11	0.53	64.2	35	0.68	66.6	74	0.67	66.9	160	0.72
chr12	81277414	C	CT	0	20.0	0	0.0	15.0	0	0.0	16.67	0	0.0	23.75	0	0.0	27.0	0	0.0	32.5	1	0.2	29.4	2	0.19	29.3	2	0.09	31.9	11	0.22
chr12	81277414	CT	C	0	20.0	0	0.0	15.0	0	0.0	16.67	0	0.0	23.75	0	0.0	27.0	0	0.0	32.5	1	0.2	29.4	2	0.19	29.3	2	0.09	31.9	11	0.22
chr12	85244866	GA	G	0	30.0	0	0.0	37.5	0	0.0	41.67	0	0.0	40.0	0	0.0	39.0	0	0.0	39.0	2	0.26	35.8	2	0.13	30.8	3	0.13	28.8	7	0.17
chr12	95889059	TGGAG	T	0	30.0	0	0.0	30.0	2	2.29	38.33	2	0.91	37.5	2	0.72	36.0	3	0.93	43.0	4	0.43	46.4	13	0.48	42.5	15	0.33	43.2	23	0.25
chr12	98487122	T	TA	0	20.0	0	0.0	22.5	0	0.0	30.0	0	0.0	27.5	0	0.0	30.0	0	0.0	31.5	0	0.0	33.6	1	0.07	39.3	4	0.1	42.45	18	0.2
chr12	98487122	TA	T	0	20.0	0	0.0	22.5	0	0.0	30.0	0	0.0	27.5	0	0.0	30.0	0	0.0	31.5	0	0.0	33.6	1	0.07	39.3	4	0.1	42.45	18	0.2
chr12	98487122	TAA	T	0	20.0	0	0.0	22.5	0	0.0	30.0	0	0.0	27.5	0	0.0	30.0	0	0.0	31.5	0	0.0	33.6	1	0.07	39.3	4	0.1	42.45	18	0.2
chr12	101726417	TTGAC	T	0	40.0	0	0.0	42.5	0	0.0	43.33	0	0.0	43.75	0	0.0	41.0	0	0.0	40.5	0	0.0	33.2	1	0.07	34.1	3	0.1	32.55	6	0.11
chr12	103947408	TGAA	T	0	45.0	0	0.0	40.0	0	0.0	41.67	1	0.6	40.0	1	0.42	41.0	1	0.29	42.0	2	0.26	36.0	2	0.13	37.5	6	0.17	38.75	22	0.29
chr12	103979949	G	GA	0	15.0	0	0.0	25.0	0	0.0	26.67	0	0.0	25.0	0	0.0	29.0	1	0.48	35.0	2	0.33	36.2	3	0.19	37.8	8	0.23	40.05	16	0.2
chr12	103984919	G	GA	0	45.0	0	0.0	45.0	0	0.0	38.33	0	0.0	37.5	0	0.0	36.0	1	0.31	32.0	2	0.39	31.4	5	0.41	35.1	11	0.36	35.4	20	0.32
chr12	103985727	A	ATTGAGAGC	0	40.0	0	0.0	47.5	0	0.0	45.0	0	0.0	46.25	1	0.24	46.0	1	0.19	42.0	2	0.26	34.8	4	0.28	40.2	16	0.4	39.25	29	0.38
chr12	104309959	G	GTGC	0	60.0	0	0.0	57.5	0	0.0	58.33	1	0.22	61.25	3	0.47	60.0	3	0.41	58.0	4	0.28	48.6	5	0.17	47.3	15	0.27	42.25	28	0.31
chr12	106247619	TGCC	T	0	75.0	2	0.74	80.0	6	0.95	83.33	11	1.12	83.75	14	1.03	84.0	19	1.11	79.5	34	1.12	76.6	72	0.99	77.0	139	0.95	72.25	209	0.81
chr12	106247710	GGGC	G	0	95.0	5	1.43	87.5	8	1.16	86.67	12	1.15	82.5	15	1.19	81.0	18	1.15	81.0	36	1.1	78.8	83	1.09	78.5	144	0.95	72.15	209	0.81
chr12	107775723	AG	A	0	80.0	2	0.73	77.5	4	0.68	75.0	8	0.95	73.75	8	0.74	76.0	12	0.83	74.5	27	0.97	63.6	41	0.81	59.6	81	0.91	52.5	97	0.7
chr12	110582933	TCGC	T	0	75.0	4	1.48	82.5	9	1.43	81.67	11	1.12	77.5	13	1.11	76.0	16	1.13	73.5	31	1.16	76.6	75	1.02	72.8	127	0.96	61.45	162	0.86
chr12	111363021	TGCCACCCCC	T	0	80.0	0	0.0	77.5	2	0.33	76.67	3	0.34	75.0	3	0.27	76.0	6	0.42	73.5	11	0.42	73.2	36	0.54	69.4	62	0.52	64.0	79	0.39
chr12	112931909	TA	T	0	30.0	0	0.0	37.5	0	0.0	40.0	1	0.42	40.0	1	0.31	42.0	1	0.23	45.0	1	0.1	44.0	4	0.17	41.9	10	0.23	43.65	18	0.19
chr12	113180949	A	ACTT	0	50.0	0	0.0	47.5	0	0.0	55.0	1	0.24	55.0	1	0.18	59.0	3	0.36	61.0	7	0.38	60.4	11	0.24	54.5	16	0.22	52.2	30	0.22
chr12	113955165	C	CGGT	0	70.0	2	0.82	72.5	3	0.61	63.33	3	0.52	57.5	3	0.46	56.0	3	0.38	57.0	7	0.44	56.6	12	0.3	53.1	17	0.24	48.4	32	0.27
chr12	116851742	T	TA	0	30.0	0	0.0	32.5	0	0.0	41.67	0	0.0	46.25	0	0.0	48.0	0	0.0	50.0	2	0.19	50.4	7	0.22	52.5	16	0.23	51.65	30	0.23
chr12	116851742	TA	T	0	30.0	0	0.0	32.5	0	0.0	41.67	0	0.0	46.25	0	0.0	48.0	0	0.0	50.0	2	0.19	50.4	7	0.22	52.5	16	0.23	51.65	30	0.23
chr12	116851793	GGAAA	G	0	40.0	0	0.0	47.5	0	0.0	53.33	0	0.0	47.5	0	0.0	45.0	0	0.0	46.5	0	0.0	50.2	7	0.22	53.3	17	0.24	51.15	28	0.21
chr12	118068521	TTCC	T	0	55.0	0	0.0	60.0	0	0.0	60.0	0	0.0	57.5	1	0.33	56.0	1	0.26	49.0	2	0.21	44.6	6	0.25	44.7	8	0.17	46.65	22	0.21
chr12	118068521	TTCCTCC	T	0	55.0	0	0.0	60.0	0	0.0	60.0	0	0.0	57.5	1	0.33	56.0	1	0.26	49.0	2	0.21	44.6	6	0.25	44.7	8	0.17	46.65	22	0.21
chr12	118073853	ATGATCACCTCGGGCTGGG	A	0	55.0	0	0.0	65.0	2	0.52	58.33	2	0.43	60.0	2	0.29	59.0	2	0.25	59.5	3	0.18	53.8	4	0.11	49.8	9	0.15	47.25	28	0.25
chr12	120655817	AGTGC	A	0	55.0	1	0.71	52.5	3	1.22	53.33	3	1.03	52.5	4	0.89	54.0	4	0.58	54.5	7	0.47	56.8	13	0.32	58.0	29	0.35	54.8	49	0.33
chr12	120655825	CGTGCGT	C	0	70.0	3	1.33	52.5	3	1.5	55.0	4	1.11	53.75	4	0.86	54.0	4	0.62	54.5	7	0.47	56.0	13	0.33	58.3	30	0.35	54.9	48	0.32
chr12	120655825	CGTGCGTGT	C	0	70.0	3	1.33	52.5	3	1.5	55.0	4	1.11	53.75	4	0.86	54.0	4	0.62	54.5	7	0.47	56.0	13	0.33	58.3	30	0.35	54.9	48	0.32
chr12	120655827	TGC	T	0	65.0	3	1.67	55.0	3	1.41	53.33	4	1.16	55.0	4	0.79	54.0	4	0.62	54.5	7	0.47	56.2	13	0.33	58.4	30	0.35	55.0	48	0.32
chr12	120996826	C	CTCATTCAT	0	50.0	0	0.0	47.5	0	0.0	43.33	0	0.0	48.75	1	0.21	50.0	1	0.16	53.5	2	0.14	52.6	4	0.12	54.8	10	0.13	55.25	23	0.15
chr12	121240523	C	CT	0	35.0	0	0.0	40.0	2	1.27	45.0	4	1.33	46.25	4	0.95	46.0	5	0.99	49.0	10	0.84	55.2	32	0.84	54.7	46	0.63	51.2	59	0.46
chr12	121240523	CT	C	0	35.0	0	0.0	40.0	2	1.27	45.0	4	1.33	46.25	4	0.95	46.0	5	0.99	49.0	10	0.84	55.2	32	0.84	54.7	46	0.63	51.2	59	0.46
chr12	121626867	CCCGCCA	C	0	100.0	3	0.66	92.5	6	0.71	90.0	11	0.92	87.5	15	1.01	85.0	18	1.01	76.0	26	0.92	76.4	65	0.91	73.7	114	0.84	65.05	162	0.77
chr12	122134018	T	TC	0	80.0	2	0.63	75.0	3	0.54	68.33	3	0.43	67.5	4	0.44	62.0	5	0.52	59.0	8	0.47	53.8	14	0.39	56.5	36	0.48	54.85	59	0.4
chr12	122995575	TGCCACCACC	T	0	65.0	0	0.0	70.0	2	0.7	71.67	4	0.78	72.5	5	0.65	71.0	6	0.57	67.0	14	0.64	66.0	20	0.38	63.8	26	0.27	62.3	46	0.24
chr12	123389462	AGGC	A	0	90.0	5	1.39	85.0	8	1.14	80.0	10	1.14	78.75	12	0.98	81.0	15	0.92	81.5	28	0.84	83.2	78	0.9	80.4	145	0.9	73.25	220	0.82
chr12	124980722	ACTC	A	0	60.0	2	2.0	65.0	2	1.16	63.33	3	1.09	66.25	4	0.65	68.0	7	0.71	68.5	13	0.58	64.8	23	0.44	61.8	41	0.44	58.4	64	0.38
chr12	124993834	C	CCTG	0	80.0	2	0.62	80.0	2	0.31	78.33	3	0.33	80.0	8	0.62	81.0	10	0.61	82.5	31	0.91	80.0	79	0.99	71.4	128	1.01	62.15	163	0.84
chr12	131828552	G	GGCTGCCGCT	0	80.0	4	1.27	80.0	5	0.81	81.67	7	0.71	82.5	10	0.74	85.0	14	0.78	84.0	33	0.94	80.4	79	0.98	79.2	150	0.96	71.4	205	0.81
chr12	131828557	C	CCGCTGCTGT	0	80.0	4	1.27	80.0	5	0.78	80.0	7	0.74	82.5	10	0.75	84.0	13	0.74	83.0	31	0.9	80.0	78	0.98	79.2	150	0.96	71.45	205	0.8
chr12	132240646	TC	T	0	60.0	1	0.74	62.5	2	0.59	56.67	3	0.66	58.75	4	0.6	56.0	6	0.79	58.0	10	0.6	58.2	20	0.49	60.4	38	0.44	58.5	54	0.34
chr12	132240661	GC	G	0	50.0	1	0.95	50.0	1	0.62	50.0	2	0.6	43.75	2	0.58	48.0	4	0.73	57.5	10	0.61	58.6	21	0.51	60.3	37	0.43	58.5	55	0.34
chr12	132472888	G	GT	0	70.0	2	0.83	70.0	3	0.62	70.0	4	0.58	68.75	5	0.53	69.0	8	0.67	68.5	13	0.56	66.8	30	0.54	67.4	60	0.53	65.85	115	0.54
chr12	132583283	GGCCTGGGCCGCGAGC	G	0	80.0	1	0.32	85.0	6	0.88	86.67	9	0.8	86.25	14	0.95	83.0	15	0.87	79.5	28	0.89	80.2	74	0.93	79.0	136	0.88	69.35	192	0.81
chr13	19425813	T	TGCGAA	0	65.0	0	0.0	65.0	0	0.0	58.33	0	0.0	52.5	0	0.0	52.0	1	0.15	51.0	3	0.25	52.6	7	0.21	41.5	10	0.24	37.85	16	0.23
chr13	20988342	C	CGGGGCG	0	90.0	3	0.74	87.5	6	0.82	85.0	7	0.67	83.75	9	0.67	84.0	12	0.69	79.0	23	0.74	74.0	52	0.76	67.1	86	0.77	59.75	138	0.78
chr13	21158124	C	CCAAAG	0	30.0	0	0.0	25.0	0	0.0	23.33	0	0.0	23.75	0	0.0	24.0	0	0.0	27.0	2	0.55	33.4	4	0.29	39.5	13	0.33	38.65	18	0.24
chr13	21172460	TG	T	0	40.0	0	0.0	30.0	0	0.0	31.67	0	0.0	30.0	0	0.0	28.0	0	0.0	26.5	0	0.0	28.8	3	0.3	32.7	7	0.26	36.25	23	0.35
chr13	28368598	CGAT	C	0	40.0	1	2.86	37.5	1	1.11	36.67	1	1.05	36.25	2	1.6	38.0	3	1.56	33.0	4	0.96	43.0	9	0.39	44.3	17	0.35	42.0	26	0.29
chr13	42888297	T	TTCAGG	0	25.0	0	0.0	42.5	0	0.0	41.67	0	0.0	38.75	0	0.0	38.0	0	0.0	41.0	1	0.12	37.6	2	0.11	35.1	6	0.19	37.75	15	0.21
chr13	44574728	TCCA	T	0	50.0	0	0.0	35.0	1	1.0	40.0	1	0.56	42.5	1	0.32	42.0	1	0.26	42.5	1	0.12	47.2	3	0.11	45.4	6	0.12	48.7	15	0.13
chr13	45596583	CCCAGATACTCTTCCTCCT	C	0	55.0	0	0.0	50.0	0	0.0	48.33	0	0.0	50.0	0	0.0	46.0	0	0.0	47.5	1	0.19	46.8	1	0.07	46.2	4	0.09	43.7	7	0.08
chr13	48037781	A	AGGAGTC	0	85.0	3	1.0	77.5	7	1.23	76.67	10	1.17	72.5	12	1.16	73.0	16	1.2	70.0	26	1.07	67.4	64	1.13	59.6	86	0.98	50.9	104	0.81
chr13	48093560	CAT	C	0	50.0	0	0.0	42.5	0	0.0	45.0	0	0.0	46.25	0	0.0	45.0	0	0.0	45.5	3	0.31	37.8	8	0.46	36.8	14	0.41	41.15	29	0.34
chr13	49668416	CA	C	0	10.0	0	0.0	37.5	2	1.6	45.0	3	1.0	47.5	4	0.89	50.0	5	0.8	56.5	10	0.64	49.2	15	0.51	46.8	16	0.3	47.85	32	0.28
chr13	50956449	T	TA	0	20.0	0	0.0	22.5	0	0.0	23.33	0	0.0	23.75	0	0.0	26.0	0	0.0	30.0	0	0.0	32.8	0	0.0	34.1	3	0.1	35.95	7	0.11
chr13	52143913	C	CT	0	15.0	0	0.0	27.5	0	0.0	28.33	1	0.86	25.0	1	0.81	23.0	1	0.77	25.0	2	0.68	30.2	6	0.54	39.0	17	0.45	40.0	32	0.4
chr13	52643319	GA	G	0	55.0	0	0.0	40.0	0	0.0	41.67	0	0.0	43.75	0	0.0	45.0	1	0.2	45.0	2	0.21	49.2	7	0.27	43.4	13	0.3	44.65	28	0.29
chr13	60528440	GATA	G	0	20.0	0	0.0	32.5	0	0.0	35.0	1	0.56	35.0	1	0.42	39.0	1	0.27	39.0	3	0.41	35.0	4	0.26	33.1	5	0.18	32.75	14	0.26
chr13	71866405	T	TGCCGCC	0	80.0	3	0.95	87.5	10	1.4	80.0	12	1.26	78.75	15	1.21	78.0	17	1.12	74.0	25	0.92	71.4	55	0.86	65.6	80	0.75	65.65	161	0.76
chr13	71866525	TGCCGCC	T	0	90.0	4	1.11	90.0	9	1.25	86.67	14	1.34	82.5	16	1.23	85.0	21	1.22	79.0	33	1.06	72.6	58	0.89	65.2	83	0.79	64.5	156	0.77
chr13	71866525	TGCCGCCGCCGCCGCC	T	0	90.0	4	1.11	90.0	9	1.25	86.67	14	1.34	82.5	16	1.23	85.0	21	1.22	79.0	33	1.06	72.6	58	0.89	65.2	83	0.79	64.5	156	0.77
chr13	71866528	TGCCGCCGCCGCCGCC	T	0	90.0	4	1.11	92.5	10	1.33	85.0	13	1.26	82.5	15	1.13	85.0	21	1.22	79.0	34	1.1	72.2	57	0.88	65.3	83	0.79	64.4	155	0.77
chr13	72743601	G	GGTGA	0	40.0	1	2.86	35.0	1	0.89	36.67	1	0.54	37.5	1	0.38	38.0	1	0.28	34.0	1	0.17	34.0	3	0.21	36.6	8	0.24	37.0	13	0.19
chr13	75589936	GTCC	G	0	35.0	0	0.0	37.5	1	1.11	36.67	1	0.71	38.75	2	0.81	43.0	3	0.74	42.0	5	0.61	40.0	11	0.57	37.3	15	0.44	36.0	18	0.28
chr13	77698131	T	TGG	0	85.0	2	0.67	82.5	5	0.77	85.0	10	0.99	85.0	12	0.89	84.0	14	0.88	82.5	29	0.85	76.4	60	0.82	77.1	127	0.86	67.3	180	0.79
chr13	77698140	G	GC	0	70.0	0	0.0	77.5	3	0.51	85.0	9	0.89	86.25	13	0.96	86.0	16	0.93	84.0	31	0.88	76.2	60	0.83	77.2	128	0.86	67.3	179	0.79
chr13	78602347	CTGG	C	0	70.0	2	1.0	70.0	4	1.0	66.67	4	0.8	68.75	6	0.84	69.0	11	1.09	74.0	32	1.2	75.0	73	1.04	71.2	129	1.02	67.6	220	0.96
chr13	96987624	GA	G	0	50.0	1	0.83	45.0	1	0.49	41.67	1	0.38	42.5	1	0.29	42.0	1	0.24	44.0	2	0.21	42.0	5	0.24	40.8	11	0.27	40.65	29	0.36
chr13	99970412	TGGC	T	0	95.0	4	1.14	97.5	10	1.14	91.67	14	1.23	83.75	16	1.29	83.0	18	1.12	73.0	27	1.03	73.6	62	0.94	69.8	123	1.04	71.75	233	0.93
chr13	99982752	C	CCCA	0	80.0	2	0.73	67.5	2	0.53	63.33	2	0.4	61.25	3	0.45	60.0	5	0.62	62.0	13	0.71	64.8	44	0.85	68.2	102	0.88	64.3	195	0.94
chr13	107866337	T	TCTG	0	70.0	1	0.44	70.0	1	0.21	71.67	3	0.39	71.25	4	0.4	72.0	4	0.31	72.0	14	0.54	65.2	37	0.7	60.1	59	0.66	58.75	111	0.66
chr13	107866337	TCTG	T	0	70.0	1	0.44	70.0	1	0.21	71.67	3	0.39	71.25	4	0.4	72.0	4	0.31	72.0	14	0.54	65.2	37	0.7	60.1	59	0.66	58.75	111	0.66
chr13	107866366	CGCTGCTGCTGCT	C	0	75.0	1	0.36	67.5	1	0.22	68.33	2	0.29	72.5	4	0.38	70.0	4	0.33	67.0	11	0.49	64.4	36	0.69	59.9	59	0.67	59.7	118	0.67
chr13	112068120	ATGGGCG	A	0	75.0	2	0.8	85.0	7	1.17	86.67	12	1.25	86.25	15	1.13	87.0	18	1.04	79.0	33	1.1	75.2	75	1.07	76.3	154	1.06	72.6	271	1.03
chr13	112068796	C	CGGGCGT	0	90.0	5	1.54	75.0	7	1.3	76.67	10	1.14	73.75	11	1.01	74.0	15	1.1	79.5	35	1.11	75.6	79	1.11	70.5	147	1.19	62.4	223	1.15
chr13	113033971	TC	T	0	75.0	2	0.91	75.0	4	0.85	71.67	6	0.92	66.25	7	0.98	67.0	7	0.72	59.0	9	0.54	55.6	18	0.47	56.7	33	0.41	61.45	89	0.47
chr13	113325656	A	ACACT	0	65.0	0	0.0	60.0	2	0.59	60.0	2	0.38	63.75	4	0.51	61.0	4	0.43	60.0	9	0.5	60.8	23	0.5	62.2	46	0.48	59.85	75	0.42
chr14	18974760	A	ATTTT	0	20.0	0	0.0	25.0	0	0.0	33.33	0	0.0	36.25	0	0.0	35.0	0	0.0	41.0	2	0.24	37.8	4	0.23	38.0	4	0.11	37.0	6	0.09
chr14	19426872	G	GA	0	20.0	0	0.0	20.0	0	0.0	23.33	0	0.0	23.75	0	0.0	30.0	1	0.48	42.0	2	0.23	36.6	2	0.12	38.4	4	0.11	37.6	6	0.09
chr14	20002692	CT	C	0	30.0	0	0.0	40.0	0	0.0	43.33	0	0.0	42.5	0	0.0	45.0	0	0.0	46.5	0	0.0	48.8	11	0.37	43.7	13	0.27	37.5	14	0.2
chr14	20990160	CCCCG	C	0	80.0	1	0.42	72.5	3	0.58	68.33	5	0.74	63.75	5	0.63	60.0	5	0.57	62.5	11	0.57	60.6	31	0.68	56.1	51	0.65	49.3	70	0.58
chr14	20990191	T	TTG	0	50.0	0	0.0	50.0	1	0.44	53.33	2	0.62	57.5	2	0.34	63.0	6	0.64	59.0	11	0.64	60.0	30	0.67	55.7	51	0.66	49.3	70	0.58
chr14	21092592	GGAGGCT	G	0	75.0	1	0.56	67.5	1	0.32	70.0	2	0.4	73.75	6	0.67	75.0	8	0.64	75.0	17	0.66	67.6	40	0.72	70.2	85	0.7	65.25	150	0.72
chr14	22007898	AGGT	A	0	50.0	0	0.0	52.5	1	0.36	43.33	1	0.36	42.5	1	0.28	44.0	1	0.21	41.0	2	0.24	43.6	7	0.3	44.1	9	0.19	39.35	18	0.23
chr14	22007906	CA	C	0	50.0	1	0.83	45.0	1	0.5	48.33	1	0.29	46.25	1	0.24	45.0	1	0.2	40.5	2	0.24	43.4	7	0.3	44.0	9	0.19	39.35	17	0.22
chr14	22124025	G	GC	0	65.0	0	0.0	52.5	0	0.0	48.33	1	0.29	50.0	1	0.2	48.0	1	0.18	43.5	2	0.21	42.2	4	0.18	43.5	10	0.22	40.15	14	0.17
chr14	22503797	AC	A	0	35.0	0	0.0	45.0	0	0.0	41.67	0	0.0	41.25	0	0.0	43.0	0	0.0	37.5	1	0.14	37.2	3	0.18	36.4	3	0.1	41.75	22	0.26
chr14	22505163	TC	T	0	45.0	1	1.43	47.5	2	0.95	45.0	2	0.68	43.75	2	0.56	44.0	2	0.42	42.5	3	0.33	39.0	4	0.21	39.7	5	0.13	43.2	28	0.3
chr14	22771503	T	TAGC	0	55.0	0	0.0	52.5	0	0.0	46.67	0	0.0	50.0	0	0.0	50.0	1	0.21	48.0	4	0.38	46.0	11	0.43	47.2	19	0.34	49.1	40	0.33
chr14	22902045	G	GGGC	0	85.0	2	0.61	72.5	3	0.59	66.67	3	0.45	66.25	3	0.34	64.0	3	0.3	56.5	4	0.25	54.6	9	0.24	51.3	12	0.18	48.7	19	0.16
chr14	22902055	G	GGCA	0	85.0	3	0.91	77.5	3	0.51	68.33	3	0.44	63.75	3	0.37	63.0	4	0.4	55.0	4	0.26	54.6	9	0.24	51.3	12	0.18	48.85	19	0.16
chr14	23079577	C	CGTGAAT	0	50.0	3	2.5	47.5	3	1.36	46.67	3	0.94	45.0	3	0.74	48.0	4	0.69	49.0	6	0.5	46.0	12	0.47	44.4	13	0.27	46.35	23	0.22
chr14	23080668	TTCC	T	0	45.0	0	0.0	50.0	0	0.0	48.33	0	0.0	46.25	0	0.0	45.0	1	0.61	45.5	1	0.14	45.2	1	0.04	44.0	10	0.21	43.5	17	0.18
chr14	23275590	ACAT	A	0	35.0	0	0.0	40.0	0	0.0	46.67	0	0.0	52.5	0	0.0	50.0	0	0.0	43.5	0	0.0	48.0	2	0.08	49.9	14	0.23	49.7	31	0.25
chr14	23275590	ACATCAT	A	0	35.0	0	0.0	40.0	0	0.0	46.67	0	0.0	52.5	0	0.0	50.0	0	0.0	43.5	0	0.0	48.0	2	0.08	49.9	14	0.23	49.7	31	0.25
chr14	23275616	TTCC	T	0	45.0	0	0.0	47.5	0	0.0	45.0	0	0.0	45.0	0	0.0	48.0	0	0.0	48.0	0	0.0	49.2	4	0.14	49.5	13	0.22	49.8	31	0.25
chr14	24001480	T	TA	0	65.0	0	0.0	50.0	0	0.0	51.67	0	0.0	53.75	0	0.0	54.0	0	0.0	52.0	0	0.0	49.8	0	0.0	48.7	4	0.07	46.6	12	0.11
chr14	24177196	G	GGAA	0	50.0	1	0.95	50.0	1	0.42	50.0	3	0.83	53.75	4	0.71	57.0	6	0.77	57.0	8	0.49	55.4	10	0.26	55.9	13	0.17	55.85	36	0.23
chr14	24177200	GA	G	0	50.0	1	0.95	47.5	1	0.48	48.33	2	0.63	53.75	4	0.72	58.0	5	0.61	58.5	8	0.47	55.6	10	0.26	56.0	13	0.17	55.8	36	0.23
chr14	24182417	CAG	C	0	70.0	0	0.0	65.0	0	0.0	65.0	2	0.33	61.25	2	0.27	64.0	3	0.3	66.5	6	0.27	60.6	9	0.2	59.9	22	0.25	61.7	48	0.26
chr14	24212553	AT	A	0	30.0	0	0.0	30.0	0	0.0	36.67	0	0.0	42.5	0	0.0	47.0	0	0.0	51.5	3	0.24	51.8	13	0.4	51.3	29	0.45	52.2	65	0.49
chr14	24212553	ATT	A	0	30.0	0	0.0	30.0	0	0.0	36.67	0	0.0	42.5	0	0.0	47.0	0	0.0	51.5	3	0.24	51.8	13	0.4	51.3	29	0.45	52.2	65	0.49
chr14	24212553	ATTT	A	0	30.0	0	0.0	30.0	0	0.0	36.67	0	0.0	42.5	0	0.0	47.0	0	0.0	51.5	3	0.24	51.8	13	0.4	51.3	29	0.45	52.2	65	0.49
chr14	24214059	CA	C	0	65.0	0	0.0	62.5	0	0.0	56.67	1	0.21	53.75	1	0.18	49.0	1	0.17	42.0	1	0.12	43.8	1	0.04	46.6	16	0.3	51.45	58	0.45
chr14	24369694	A	AGGGGGTGCT	0	75.0	0	0.0	72.5	0	0.0	76.67	2	0.29	72.5	4	0.46	72.0	4	0.35	72.0	14	0.54	66.4	21	0.39	65.6	40	0.38	66.85	98	0.44
chr14	28792097	TA	T	0	25.0	0	0.0	30.0	0	0.0	33.33	0	0.0	33.75	0	0.0	34.0	1	0.42	37.5	1	0.14	40.8	7	0.34	39.9	26	0.65	40.2	34	0.42
chr14	28792100	A	AC	0	25.0	0	0.0	27.5	0	0.0	31.67	0	0.0	32.5	0	0.0	33.0	0	0.0	37.5	1	0.14	41.2	7	0.33	39.7	26	0.66	40.25	34	0.42
chr14	28792102	A	AAC	0	30.0	0	0.0	25.0	0	0.0	30.0	0	0.0	32.5	0	0.0	34.0	0	0.0	38.0	1	0.14	41.0	7	0.33	39.7	26	0.66	40.3	34	0.42
chr14	29927415	G	GCCCGGA	0	95.0	4	0.89	80.0	5	0.78	80.0	8	0.84	81.25	12	0.92	81.0	15	0.91	76.5	26	0.89	72.2	58	0.9	71.9	113	0.93	66.25	164	0.76
chr14	30605564	T	TA	0	20.0	0	0.0	20.0	0	0.0	21.67	0	0.0	23.75	0	0.0	24.0	0	0.0	27.0	1	0.27	31.2	2	0.16	33.2	7	0.26	33.6	16	0.28
chr14	31387188	CAAG	C	0	45.0	0	0.0	47.5	0	0.0	45.0	1	0.34	40.0	1	0.32	45.0	3	0.6	45.0	6	0.59	37.6	7	0.4	37.4	13	0.37	37.4	29	0.42
chr14	34768732	C	CT	0	20.0	0	0.0	32.5	0	0.0	33.33	0	0.0	31.25	0	0.0	31.0	0	0.0	25.0	0	0.0	28.2	0	0.0	31.5	4	0.16	31.5	5	0.1
chr14	34768732	CT	C	0	20.0	0	0.0	32.5	0	0.0	33.33	0	0.0	31.25	0	0.0	31.0	0	0.0	25.0	0	0.0	28.2	0	0.0	31.5	4	0.16	31.5	5	0.1
chr14	36581063	ACCG	A	0	85.0	3	1.43	85.0	9	1.42	81.67	11	1.18	78.75	15	1.28	79.0	16	1.05	78.5	32	1.04	72.2	62	0.95	66.2	103	0.94	64.55	171	0.82
chr14	45246814	A	AT	0	30.0	0	0.0	32.5	0	0.0	35.0	0	0.0	32.5	0	0.0	33.0	0	0.0	35.5	0	0.0	34.0	1	0.07	35.6	3	0.1	36.45	10	0.15
chr14	53152761	T	TGCCGCC	0	75.0	3	1.07	77.5	6	1.0	76.67	8	0.91	72.5	10	0.95	72.0	13	1.01	70.0	24	0.98	70.8	63	1.01	70.4	122	0.99	66.45	187	0.86
chr14	54702331	C	CCAG	0	65.0	3	1.5	60.0	3	0.84	63.33	5	0.83	58.75	5	0.72	57.0	6	0.74	51.5	7	0.53	49.8	12	0.39	45.7	16	0.31	44.35	22	0.22
chr14	57205905	AGG	A	0	55.0	0	0.0	40.0	0	0.0	43.33	0	0.0	42.5	0	0.0	39.0	0	0.0	35.5	0	0.0	31.0	2	0.17	32.7	7	0.26	30.15	12	0.26
chr14	67198162	TGAA	T	0	45.0	1	1.11	40.0	1	0.63	38.33	1	0.45	38.75	1	0.34	39.0	1	0.26	37.0	2	0.3	37.4	2	0.11	38.1	6	0.17	40.65	18	0.22
chr14	67204764	C	CT	0	35.0	1	1.67	47.5	1	0.48	45.0	1	0.33	47.5	3	0.67	47.0	4	0.72	49.5	5	0.41	48.6	11	0.37	45.4	18	0.35	44.65	29	0.29
chr14	67592277	T	TA	0	10.0	0	0.0	25.0	0	0.0	35.0	1	0.56	41.25	1	0.3	42.0	1	0.23	48.5	1	0.09	41.0	1	0.05	38.0	2	0.06	40.55	14	0.17
chr14	67592277	TA	T	0	10.0	0	0.0	25.0	0	0.0	35.0	1	0.56	41.25	1	0.3	42.0	1	0.23	48.5	1	0.09	41.0	1	0.05	38.0	2	0.06	40.55	14	0.17
chr14	69573085	CGCGGCG	C	0	95.0	4	0.95	95.0	11	1.25	90.0	14	1.18	85.0	15	1.05	81.0	17	1.07	78.0	34	1.14	73.4	65	0.97	73.1	126	0.95	69.95	220	0.9
chr14	70809055	GCCT	G	0	90.0	4	1.43	82.5	5	1.0	80.0	5	0.79	82.5	10	0.93	79.0	11	0.83	78.0	27	0.94	75.0	59	0.85	75.4	123	0.89	67.3	168	0.75
chr14	73105897	AAG	A	0	60.0	2	2.0	50.0	2	2.22	55.0	5	1.85	50.0	7	2.19	49.0	8	2.05	43.5	12	1.79	37.8	16	1.07	34.2	19	0.69	33.3	25	0.46
chr14	73593806	T	TTCAA	0	45.0	1	1.0	40.0	1	0.62	48.33	1	0.29	48.75	1	0.22	46.0	2	0.39	49.5	4	0.33	44.2	5	0.21	40.4	6	0.15	40.8	20	0.24
chr14	73593808	GCTTA	G	0	40.0	1	1.25	42.5	1	0.56	46.67	1	0.31	48.75	1	0.22	47.0	2	0.38	49.0	4	0.34	44.2	5	0.21	40.5	6	0.15	40.75	19	0.23
chr14	73739237	C	CTGCTGCTGT	0	65.0	0	0.0	67.5	0	0.0	65.0	0	0.0	63.75	1	0.13	61.0	1	0.11	64.0	7	0.36	63.6	15	0.32	64.7	32	0.31	61.9	56	0.29
chr14	76196032	G	GT	0	20.0	0	0.0	35.0	0	0.0	36.67	1	0.5	33.75	1	0.47	34.0	1	0.37	39.0	1	0.13	39.0	3	0.16	35.2	3	0.1	35.0	6	0.1
chr14	77027303	AGCG	A	0	75.0	3	1.07	85.0	9	1.26	81.67	13	1.34	80.0	16	1.31	79.0	19	1.24	74.5	26	0.94	71.4	55	0.86	70.9	110	0.88	69.9	201	0.82
chr14	77027417	TTGC	T	0	50.0	0	0.0	55.0	1	0.34	56.67	1	0.21	58.75	2	0.29	63.0	3	0.3	70.5	20	0.81	72.0	60	0.93	71.6	107	0.84	70.05	201	0.82
chr14	77027417	TTGCTGC	T	0	50.0	0	0.0	55.0	1	0.34	56.67	1	0.21	58.75	2	0.29	63.0	3	0.3	70.5	20	0.81	72.0	60	0.93	71.6	107	0.84	70.05	201	0.82
chr14	77027447	CTGT	C	0	60.0	0	0.0	65.0	0	0.0	61.67	0	0.0	57.5	0	0.0	61.0	5	0.56	69.0	19	0.8	71.8	65	1.01	71.2	107	0.85	70.3	202	0.82
chr14	77027468	CTGT	C	0	60.0	0	0.0	57.5	0	0.0	66.67	4	0.62	70.0	7	0.73	70.0	8	0.66	68.5	18	0.77	70.8	65	1.04	71.2	109	0.87	70.45	204	0.82
chr14	77468895	T	TG	0	35.0	0	0.0	40.0	1	0.63	50.0	2	0.53	51.25	2	0.38	53.0	2	0.29	55.5	4	0.26	50.6	10	0.32	49.6	21	0.34	46.8	27	0.25
chr14	77900589	G	GAAC	0	45.0	1	1.0	45.0	2	1.0	46.67	2	0.61	46.25	2	0.47	46.0	2	0.38	50.5	8	0.66	47.4	12	0.43	45.2	17	0.34	45.9	32	0.31
chr14	80831095	GAT	G	0	25.0	0	0.0	20.0	0	0.0	18.33	1	2.0	21.25	1	1.14	22.0	1	0.89	29.0	1	0.26	33.6	4	0.29	33.7	6	0.22	32.55	7	0.14
chr14	88385934	TG	T	0	80.0	2	0.62	70.0	2	0.42	71.67	4	0.52	71.25	5	0.49	72.0	7	0.54	70.0	13	0.53	65.8	29	0.54	60.5	53	0.58	50.35	67	0.53
chr14	91417187	GC	G	0	70.0	2	1.21	67.5	4	1.27	66.67	5	1.17	67.5	7	1.0	63.0	7	0.84	47.5	8	0.74	60.8	35	0.77	61.2	72	0.77	62.8	166	0.85
chr14	91574244	TC	T	0	85.0	4	1.21	80.0	6	1.0	83.33	10	1.0	81.25	14	1.1	79.0	16	1.05	74.0	26	0.97	69.8	51	0.84	65.3	58	0.57	55.9	66	0.44
chr14	92071033	G	GC	0	60.0	0	0.0	60.0	0	0.0	56.67	0	0.0	52.5	0	0.0	47.0	0	0.0	42.0	0	0.0	36.2	3	0.19	40.3	11	0.27	40.25	26	0.32
chr14	92071042	T	TGC	0	50.0	0	0.0	52.5	0	0.0	50.0	0	0.0	47.5	0	0.0	44.0	0	0.0	41.5	0	0.0	35.6	3	0.19	40.2	9	0.22	40.3	26	0.32
chr14	92071051	G	GC	0	45.0	0	0.0	42.5	0	0.0	41.67	0	0.0	41.25	0	0.0	41.0	0	0.0	40.0	0	0.0	35.8	3	0.19	40.0	9	0.23	40.25	26	0.32
chr14	92071052	T	TGCTGCTGCTG	0	40.0	0	0.0	42.5	0	0.0	41.67	0	0.0	40.0	0	0.0	41.0	0	0.0	40.5	0	0.0	35.8	3	0.19	40.0	9	0.23	40.25	26	0.32
chr14	92688191	TGGC	T	0	80.0	3	1.25	85.0	7	1.03	76.67	8	0.91	73.75	10	0.93	76.0	12	0.83	74.0	21	0.77	70.8	57	0.91	68.5	92	0.79	66.9	139	0.62
chr14	93066319	A	ATG	0	45.0	0	0.0	52.5	2	1.48	56.67	3	1.24	57.5	5	1.32	59.0	5	0.84	54.0	5	0.37	53.6	18	0.5	49.3	23	0.38	49.75	34	0.28
chr14	93066319	ATG	A	0	45.0	0	0.0	52.5	2	1.48	56.67	3	1.24	57.5	5	1.32	59.0	5	0.84	54.0	5	0.37	53.6	18	0.5	49.3	23	0.38	49.75	34	0.28
chr14	93066335	GTGTGTA	G	0	50.0	0	0.0	55.0	0	0.0	56.67	1	0.41	57.5	3	0.79	58.0	5	0.91	52.0	6	0.5	53.2	18	0.51	49.4	23	0.38	50.0	34	0.27
chr14	93943928	CA	C	0	25.0	0	0.0	30.0	0	0.0	31.67	0	0.0	31.25	0	0.0	30.0	1	0.5	34.5	1	0.19	45.4	7	0.27	47.4	21	0.37	49.95	41	0.33
chr14	94115783	T	TGGCCATGGC	0	65.0	0	0.0	65.0	1	0.24	66.67	2	0.31	66.25	3	0.35	66.0	3	0.28	64.0	10	0.49	61.6	16	0.34	58.5	21	0.25	56.75	32	0.2
chr14	94769866	G	GCGC	0	80.0	4	1.27	75.0	7	1.25	73.33	10	1.28	76.25	12	1.07	78.0	16	1.09	75.5	31	1.11	75.0	70	1.01	65.2	99	0.93	62.15	167	0.86
chr14	95436969	TAGA	T	0	35.0	0	0.0	47.5	0	0.0	45.0	1	0.34	50.0	2	0.4	49.0	2	0.33	53.5	3	0.21	52.6	7	0.2	49.8	14	0.23	48.45	23	0.2
chr14	95517234	CCCCACAGTCCGGG	C	0	65.0	0	0.0	75.0	2	0.56	71.67	2	0.28	71.25	3	0.3	68.0	3	0.26	61.0	9	0.49	60.6	20	0.44	61.9	50	0.53	61.1	114	0.61
chr14	96502495	G	GC	0	85.0	0	0.0	77.5	1	0.18	73.33	1	0.12	73.75	3	0.28	74.0	7	0.52	72.0	20	0.83	68.2	49	0.89	67.8	96	0.84	59.35	142	0.81
chr14	96860760	T	TTG	0	25.0	0	0.0	20.0	0	0.0	23.33	0	0.0	20.0	0	0.0	23.0	0	0.0	32.0	0	0.0	29.6	1	0.1	28.6	2	0.1	29.25	8	0.19
chr14	99175205	GCTC	G	0	60.0	0	0.0	62.5	1	0.35	66.67	4	0.75	65.0	5	0.75	66.0	8	0.87	70.5	23	0.98	71.8	61	0.96	72.8	131	0.99	70.8	242	0.97
chr14	100239449	GCCA	G	0	85.0	3	0.91	80.0	4	0.67	78.33	7	0.82	78.75	10	0.87	77.0	13	0.91	72.5	23	0.88	71.0	66	1.05	75.1	148	1.05	76.2	308	1.07
chr14	100884332	C	CTCT	0	50.0	0	0.0	55.0	1	0.33	55.0	3	0.66	53.75	3	0.52	56.0	3	0.38	52.0	7	0.52	52.2	16	0.47	54.1	34	0.47	56.0	66	0.42
chr14	103110465	CG	C	0	80.0	2	0.83	75.0	3	0.53	73.33	5	0.62	67.5	5	0.55	66.0	6	0.55	54.5	8	0.56	60.2	16	0.37	61.4	37	0.4	63.5	56	0.28
chr14	103110465	CGG	C	0	80.0	2	0.83	75.0	3	0.53	73.33	5	0.62	67.5	5	0.55	66.0	6	0.55	54.5	8	0.56	60.2	16	0.37	61.4	37	0.4	63.5	56	0.28
chr14	103338418	A	ACAC	0	60.0	0	0.0	62.5	1	0.32	53.33	1	0.27	48.75	1	0.23	46.0	1	0.22	43.5	1	0.11	40.4	2	0.11	40.4	7	0.18	40.2	20	0.25
chr14	103914533	TC	T	0	60.0	1	0.62	50.0	1	0.42	50.0	1	0.27	47.5	1	0.22	47.0	1	0.18	45.0	2	0.2	43.4	3	0.13	39.7	6	0.15	41.0	23	0.28
chr14	104588780	TGACGGGCAG	T	0	70.0	2	0.82	77.5	5	0.85	76.67	6	0.69	75.0	7	0.63	73.0	8	0.6	72.0	15	0.58	70.0	32	0.52	66.3	44	0.4	65.45	84	0.39
chr14	104886546	CGCAGGA	C	0	65.0	1	0.5	70.0	1	0.21	73.33	3	0.38	75.0	4	0.37	76.0	8	0.57	70.0	12	0.49	69.2	28	0.47	68.7	56	0.47	68.5	110	0.47
chr14	105168368	C	CCAG	0	70.0	1	0.44	72.5	3	0.61	78.33	6	0.68	83.75	10	0.78	84.0	15	0.93	86.5	31	0.89	86.4	86	0.93	80.6	161	0.99	79.95	303	0.95
chr14	105529711	TGCC	T	0	80.0	4	1.27	85.0	8	1.26	83.33	11	1.15	80.0	12	0.98	79.0	15	1.03	76.5	27	0.97	71.8	59	0.92	69.5	97	0.8	68.6	171	0.73
chr14	105893550	G	GCCA	0	45.0	0	0.0	50.0	0	0.0	55.0	0	0.0	55.0	0	0.0	53.0	0	0.0	61.5	1	0.05	63.4	7	0.14	63.6	20	0.2	62.95	45	0.23
chr14	106268738	CACT	C	0	55.0	0	0.0	47.5	1	0.48	51.67	2	0.55	57.5	3	0.52	58.0	3	0.37	55.5	5	0.33	56.2	14	0.37	50.8	18	0.28	47.55	25	0.22
chr14	106268747	T	TATA	0	45.0	0	0.0	50.0	0	0.0	53.33	1	0.29	56.25	2	0.36	60.0	4	0.48	55.0	5	0.33	55.2	14	0.38	50.7	18	0.28	47.45	25	0.22
chr14	106324499	G	GTC	0	60.0	1	0.74	62.5	2	0.53	63.33	2	0.34	62.5	3	0.39	59.0	3	0.35	62.5	4	0.21	56.8	12	0.3	56.8	21	0.26	50.55	33	0.26
chr14	106324502	TCC	T	0	70.0	1	0.5	65.0	2	0.5	65.0	3	0.48	62.5	3	0.39	60.0	3	0.34	62.5	4	0.21	56.4	12	0.3	56.7	21	0.26	50.45	33	0.26
chr14	106421909	CTA	C	0	45.0	0	0.0	55.0	1	0.33	60.0	1	0.19	62.5	1	0.13	62.0	1	0.1	59.5	4	0.23	57.0	12	0.3	55.9	25	0.32	48.25	31	0.27
chr14	106421912	CT	C	0	40.0	0	0.0	52.5	0	0.0	58.33	1	0.2	61.25	1	0.13	62.0	1	0.1	60.0	4	0.22	56.6	12	0.3	55.9	25	0.32	48.25	31	0.27
chr14	106538005	TGC	T	0	40.0	0	0.0	50.0	1	0.4	53.33	1	0.24	57.5	1	0.16	54.0	1	0.14	55.0	3	0.21	51.2	7	0.22	51.1	13	0.2	47.2	19	0.17
chr14	106592730	GA	G	0	40.0	1	1.33	45.0	1	0.5	48.33	2	0.58	50.0	4	0.82	51.0	6	0.93	53.5	10	0.7	57.8	17	0.41	52.6	26	0.38	48.65	42	0.36
chr15	20534634	TCC	T	0	60.0	1	1.0	57.5	2	1.05	55.0	3	1.11	56.25	3	0.9	55.0	4	0.97	56.0	5	0.62	54.8	9	0.51	55.8	20	0.45	57.25	47	0.39
chr15	20534698	CCTCCTG	C	0	55.0	0	0.0	57.5	0	0.0	53.33	0	0.0	55.0	1	0.35	54.0	1	0.27	56.5	5	0.64	55.2	10	0.57	55.5	20	0.5	57.1	45	0.37
chr15	20535051	T	TCC	0	55.0	0	0.0	52.5	0	0.0	51.67	0	0.0	55.0	1	0.31	55.0	1	0.27	55.5	4	0.53	55.4	12	0.63	55.7	25	0.67	55.25	47	0.4
chr15	22466045	CCTCCTG	C	0	65.0	0	0.0	55.0	0	0.0	56.67	1	0.41	53.75	1	0.42	57.0	1	0.29	55.0	4	0.6	55.0	11	0.61	54.9	21	0.57	55.35	44	0.48
chr15	22786700	GGCC	G	0	95.0	5	1.28	95.0	10	1.35	90.0	13	1.15	87.5	16	1.09	85.0	19	1.11	82.0	38	1.17	81.0	75	0.92	75.7	135	0.94	66.15	198	0.9
chr15	23360742	AAGG	A	0	50.0	1	1.25	47.5	1	0.67	46.67	2	0.75	51.25	3	0.6	53.0	3	0.45	58.0	4	0.25	57.4	8	0.21	53.7	18	0.26	52.8	30	0.22
chr15	23439856	G	GCAT	0	55.0	1	2.0	60.0	1	0.63	55.0	2	1.03	56.25	2	0.8	56.0	2	0.58	60.5	5	0.34	59.6	11	0.31	54.2	21	0.34	52.75	41	0.35
chr15	23439857	C	CATT	0	55.0	1	2.0	60.0	1	0.91	55.0	2	1.03	55.0	2	0.82	56.0	2	0.67	61.0	5	0.34	59.8	11	0.31	54.1	21	0.34	52.75	41	0.35
chr15	23440077	T	TG	0	60.0	0	0.0	57.5	1	0.67	60.0	1	0.39	58.75	2	0.57	59.0	2	0.49	58.0	3	0.33	58.8	12	0.5	58.3	23	0.37	54.3	45	0.38
chr15	23440393	CT	C	0	45.0	0	0.0	55.0	0	0.0	58.33	1	0.31	56.25	1	0.27	56.0	1	0.24	56.5	2	0.21	57.4	14	0.58	58.6	26	0.53	56.35	51	0.46
chr15	23440395	TC	T	0	50.0	0	0.0	52.5	0	0.0	58.33	1	0.31	57.5	1	0.26	57.0	1	0.23	57.0	3	0.3	57.4	14	0.58	58.6	26	0.53	56.35	50	0.45
chr15	23440456	TC	T	0	50.0	0	0.0	55.0	0	0.0	55.0	0	0.0	58.75	1	0.33	56.0	1	0.33	57.5	3	0.36	57.6	14	0.6	58.3	26	0.54	57.25	51	0.45
chr15	23440600	TCTC	T	0	55.0	1	2.0	57.5	1	0.53	60.0	3	1.0	60.0	4	0.91	59.0	5	1.02	58.5	8	0.86	58.2	13	0.56	57.8	26	0.54	58.85	55	0.49
chr15	23440677	ATCT	A	0	55.0	0	0.0	55.0	1	0.56	58.33	2	0.8	58.75	4	1.03	59.0	5	0.95	58.5	6	0.6	58.8	15	0.65	58.1	30	0.61	58.8	56	0.51
chr15	23440862	T	TCTC	0	65.0	1	0.91	57.5	2	1.05	58.33	2	0.69	58.75	2	0.57	61.0	2	0.36	58.0	4	0.42	58.0	13	0.53	58.6	30	0.61	56.5	51	0.51
chr15	27271592	GAGTC	G	0	45.0	0	0.0	55.0	0	0.0	50.0	0	0.0	48.75	0	0.0	50.0	0	0.0	58.0	4	0.24	58.6	15	0.35	57.5	24	0.29	49.8	31	0.25
chr15	30373076	TCA	T	0	50.0	0	0.0	52.5	1	0.37	53.33	1	0.24	52.5	2	0.37	52.0	3	0.45	50.0	3	0.24	46.8	12	0.44	40.7	15	0.36	42.8	30	0.33
chr15	30407964	C	CTTG	0	50.0	1	1.25	45.0	1	0.71	46.67	1	0.45	47.5	1	0.27	48.0	1	0.18	56.0	2	0.13	56.0	4	0.11	55.4	14	0.19	53.0	32	0.23
chr15	31484006	T	TGGCGGCGGCGGC	0	85.0	4	1.14	90.0	10	1.3	86.67	14	1.29	83.75	17	1.22	85.0	23	1.28	78.5	35	1.14	76.6	77	1.05	75.1	156	1.11	68.8	249	1.05
chr15	31484006	TGGC	T	0	85.0	4	1.14	90.0	10	1.3	86.67	14	1.29	83.75	17	1.22	85.0	23	1.28	78.5	35	1.14	76.6	77	1.05	75.1	156	1.11	68.8	249	1.05
chr15	32450920	CCTT	C	0	50.0	0	0.0	55.0	0	0.0	56.67	1	0.21	61.25	2	0.27	58.0	2	0.24	56.5	4	0.25	55.2	9	0.24	50.8	14	0.22	49.15	27	0.22
chr15	32598156	GAGA	G	0	50.0	1	0.8	52.5	1	0.36	55.0	2	0.44	55.0	2	0.33	55.0	2	0.26	54.0	3	0.21	53.8	8	0.22	51.3	15	0.23	49.4	29	0.24
chr15	32798900	CCTT	C	0	55.0	0	0.0	52.5	1	0.36	50.0	1	0.3	45.0	2	0.56	45.0	2	0.43	41.5	3	0.35	41.6	6	0.28	41.0	13	0.31	42.05	25	0.28
chr15	33844877	TAGA	T	0	35.0	0	0.0	47.5	0	0.0	41.67	0	0.0	41.25	1	0.33	38.0	1	0.31	42.0	4	0.5	42.0	5	0.23	45.8	15	0.29	43.25	22	0.24
chr15	34038911	CCCGCCGCCGCCT	C	0	90.0	4	1.43	90.0	9	1.31	86.67	12	1.21	85.0	15	1.19	85.0	20	1.19	84.5	37	1.08	80.2	80	1.02	75.6	132	0.93	58.05	153	0.91
chr15	38484604	AGGTGGTGGT	A	0	60.0	0	0.0	55.0	0	0.0	58.33	0	0.0	61.25	0	0.0	56.0	0	0.0	48.0	0	0.0	50.0	0	0.0	42.2	4	0.11	37.55	8	0.12
chr15	39976796	G	GGACGAC	0	60.0	4	2.5	70.0	7	1.46	75.0	11	1.31	71.25	12	1.19	70.0	13	1.08	68.5	23	0.99	64.0	50	0.99	57.7	70	0.84	48.25	79	0.68
chr15	40807700	T	TGGGGC	0	80.0	2	1.03	77.5	2	0.48	75.0	5	0.86	73.75	6	0.67	73.0	8	0.73	71.5	16	0.65	64.8	35	0.68	60.4	63	0.69	55.65	89	0.58
chr15	43206280	ATG	A	0	65.0	0	0.0	65.0	1	0.26	66.67	1	0.17	68.75	1	0.12	64.0	1	0.11	59.5	2	0.12	54.8	6	0.16	49.5	14	0.23	49.2	29	0.24
chr15	43525605	AGGT	A	0	60.0	0	0.0	52.5	1	0.41	51.67	1	0.26	45.0	1	0.26	46.0	1	0.2	44.0	1	0.11	46.0	2	0.08	48.2	8	0.14	51.0	16	0.12
chr15	43618667	A	ACAG	0	55.0	0	0.0	52.5	0	0.0	55.0	0	0.0	58.75	0	0.0	60.0	0	0.0	52.0	1	0.08	51.2	2	0.06	52.1	5	0.07	52.15	19	0.14
chr15	43618667	ACAG	A	0	55.0	0	0.0	52.5	0	0.0	55.0	0	0.0	58.75	0	0.0	60.0	0	0.0	52.0	1	0.08	51.2	2	0.06	52.1	5	0.07	52.15	19	0.14
chr15	64675691	AAAG	A	0	40.0	0	0.0	47.5	2	0.95	46.67	2	0.67	50.0	2	0.42	51.0	3	0.48	53.0	4	0.29	52.4	12	0.35	54.3	19	0.26	50.65	31	0.24
chr15	70984140	GCAA	G	0	50.0	0	0.0	55.0	3	0.99	43.33	3	1.07	38.75	3	1.0	37.0	3	0.91	38.5	3	0.41	34.0	3	0.21	30.2	3	0.13	33.85	11	0.19
chr15	72474872	T	TGGC	0	95.0	4	1.03	90.0	8	1.04	88.33	12	1.18	87.5	15	1.14	85.0	17	1.13	76.5	27	1.06	72.0	63	1.04	72.1	117	0.92	63.3	169	0.86
chr15	74072269	GCCT	G	0	80.0	2	0.63	65.0	3	0.71	63.33	3	0.5	62.5	3	0.39	64.0	4	0.39	64.0	6	0.29	59.6	10	0.23	58.7	18	0.21	60.15	50	0.28
chr15	74244058	TAAG	T	0	50.0	0	0.0	52.5	1	0.37	56.67	2	0.44	57.5	2	0.31	59.0	3	0.37	60.0	5	0.28	58.0	7	0.17	58.4	13	0.15	56.95	27	0.17
chr15	74543947	T	TCAG	0	55.0	0	0.0	55.0	0	0.0	56.67	0	0.0	55.0	0	0.0	55.0	0	0.0	55.5	0	0.0	52.6	7	0.2	48.3	10	0.17	45.65	25	0.24
chr15	75624778	G	GT	0	20.0	0	0.0	25.0	0	0.0	30.0	2	1.67	38.75	2	0.7	43.0	3	0.69	48.0	7	0.61	52.0	21	0.62	54.5	41	0.56	56.75	109	0.69
chr15	78266241	CAT	C	0	50.0	0	0.0	50.0	0	0.0	45.0	0	0.0	45.0	0	0.0	46.0	0	0.0	45.0	1	0.1	40.4	3	0.15	43.1	10	0.22	43.8	21	0.22
chr15	78620724	ACAG	A	0	60.0	0	0.0	65.0	2	0.48	68.33	5	0.71	71.25	9	0.89	74.0	11	0.8	77.0	26	0.88	75.6	66	0.92	73.2	117	0.87	65.45	165	0.77
chr15	78766597	GCGC	G	0	75.0	2	0.74	72.5	3	0.63	70.0	3	0.5	71.25	4	0.44	72.0	5	0.4	69.5	10	0.42	65.2	19	0.37	64.6	34	0.33	65.55	62	0.29
chr15	80948904	TGAA	T	0	50.0	0	0.0	47.5	0	0.0	46.67	0	0.0	52.5	2	0.36	54.0	3	0.41	57.0	6	0.38	60.6	13	0.29	57.3	13	0.16	53.55	21	0.15
chr15	81323835	C	CT	0	35.0	0	0.0	32.5	0	0.0	36.67	0	0.0	38.75	0	0.0	40.0	1	0.26	48.5	3	0.26	50.2	16	0.52	54.5	46	0.62	54.15	80	0.55
chr15	82344787	GCCT	G	0	70.0	1	0.61	67.5	1	0.32	66.67	1	0.2	66.25	1	0.16	67.0	3	0.35	64.5	5	0.32	62.8	15	0.37	58.4	22	0.3	56.45	30	0.2
chr15	84172532	A	AG	0	70.0	0	0.0	72.5	3	0.63	68.33	4	0.6	67.5	5	0.56	66.0	7	0.66	68.5	18	0.81	63.6	28	0.56	56.6	48	0.6	55.85	95	0.61
chr15	84643644	ACTTGGCTCCGTGTTCCAT	A	0	50.0	0	0.0	50.0	1	0.42	53.33	2	0.48	51.25	2	0.38	50.0	2	0.32	50.5	2	0.16	48.2	4	0.14	46.3	14	0.26	46.95	24	0.22
chr15	84895079	C	CTTG	0	50.0	0	0.0	60.0	0	0.0	63.33	2	0.33	61.25	2	0.27	62.0	3	0.31	64.0	4	0.2	62.0	9	0.19	57.9	21	0.25	52.0	38	0.28
chr15	89751072	C	CG	0	90.0	5	1.25	82.5	6	0.9	81.67	7	0.74	81.25	9	0.72	78.0	11	0.77	78.5	27	0.9	74.8	63	0.91	73.6	113	0.84	66.65	154	0.7
chr15	89751074	C	CACGGGGCTCGG	0	90.0	4	1.0	82.5	6	0.9	81.67	7	0.71	80.0	9	0.74	78.0	11	0.77	78.5	26	0.86	74.8	63	0.91	73.6	113	0.84	66.65	154	0.7
chr15	89776902	AGGGCAGGGGCAG	A	0	80.0	0	0.0	80.0	1	0.23	78.33	3	0.43	78.75	4	0.4	77.0	6	0.45	78.5	17	0.59	73.4	47	0.7	70.4	94	0.76	62.8	121	0.61
chr15	90760094	C	CT	0	35.0	0	0.0	42.5	0	0.0	36.67	0	0.0	38.75	0	0.0	37.0	0	0.0	43.0	0	0.0	38.8	4	0.21	40.4	14	0.35	40.2	17	0.21
chr15	90760094	CT	C	0	35.0	0	0.0	42.5	0	0.0	36.67	0	0.0	38.75	0	0.0	37.0	0	0.0	43.0	0	0.0	38.8	4	0.21	40.4	14	0.35	40.2	17	0.21
chr15	90885290	CT	C	0	60.0	0	0.0	57.5	0	0.0	58.33	0	0.0	60.0	0	0.0	63.0	0	0.0	65.0	1	0.05	62.8	12	0.24	61.6	27	0.28	64.25	80	0.39
chr15	92655447	TTGGAGC	T	0	65.0	1	0.48	67.5	3	0.66	70.0	6	0.82	70.0	7	0.72	70.0	10	0.82	71.5	23	0.92	75.0	64	0.96	66.7	103	0.94	57.4	121	0.74
chr15	92997084	G	GA	0	35.0	0	0.0	37.5	0	0.0	35.0	0	0.0	35.0	0	0.0	39.0	1	0.28	35.0	3	0.51	38.0	6	0.34	34.8	10	0.34	39.2	22	0.29
chr15	98968574	A	AC	0	50.0	0	0.0	50.0	0	0.0	56.67	0	0.0	61.25	2	0.27	61.0	4	0.43	58.5	8	0.47	48.6	11	0.37	48.8	17	0.29	49.65	45	0.37
chr15	99105897	G	GACGCGGCTGTGCGC	0	75.0	2	0.8	80.0	7	1.17	76.67	11	1.38	72.5	11	1.16	74.0	14	1.1	73.0	29	1.2	75.6	76	1.08	72.2	134	1.04	67.2	213	0.95
chr15	99105900	A	AG	0	75.0	2	0.8	80.0	7	1.21	75.0	10	1.33	73.75	11	1.1	75.0	15	1.18	73.0	30	1.24	75.4	75	1.07	72.3	134	1.03	67.15	213	0.95
chr15	99712503	CCAG	C	0	65.0	1	0.5	62.5	2	0.52	65.0	3	0.48	65.0	5	0.61	65.0	8	0.8	59.5	11	0.68	54.8	16	0.44	49.6	24	0.39	47.6	33	0.29
chr15	99712503	CCAGCAG	C	0	65.0	1	0.5	62.5	2	0.52	65.0	3	0.48	65.0	5	0.61	65.0	8	0.8	59.5	11	0.68	54.8	16	0.44	49.6	24	0.39	47.6	33	0.29
chr15	99712503	CCAGCAGCAGCAGCAG	C	0	65.0	1	0.5	62.5	2	0.52	65.0	3	0.48	65.0	5	0.61	65.0	8	0.8	59.5	11	0.68	54.8	16	0.44	49.6	24	0.39	47.6	33	0.29
chr15	99716651	A	ACG	0	65.0	2	1.82	67.5	2	0.49	66.67	3	0.46	62.5	4	0.53	64.0	4	0.4	61.0	7	0.4	54.6	14	0.38	45.7	18	0.34	45.15	37	0.36
chr15	101489479	G	GGC	0	95.0	5	1.43	82.5	7	1.3	78.33	8	1.0	76.25	9	0.81	77.0	11	0.75	81.0	32	0.98	83.6	92	1.06	82.4	173	1.02	77.1	270	0.91
chr16	88772	A	AG	0	70.0	1	0.42	65.0	3	0.71	61.67	4	0.7	61.25	5	0.67	64.0	6	0.59	63.0	10	0.51	60.6	15	0.33	59.5	33	0.37	59.6	65	0.37
chr16	88774	G	GA	0	70.0	1	0.41	65.0	3	0.71	61.67	4	0.7	62.5	5	0.64	64.0	7	0.69	63.0	10	0.51	60.6	15	0.33	59.4	33	0.37	59.65	65	0.37
chr16	372543	A	AG	0	60.0	1	0.74	65.0	1	0.25	61.67	2	0.36	61.25	2	0.27	62.0	2	0.21	62.5	4	0.2	64.2	15	0.29	63.8	38	0.37	63.6	57	0.28
chr16	381743	AAGC	A	0	80.0	1	0.36	77.5	2	0.36	78.33	6	0.67	78.75	9	0.73	79.0	13	0.84	83.5	30	0.9	81.6	74	0.94	79.6	134	0.85	73.35	213	0.79
chr16	400139	C	CAG	0	65.0	1	0.56	65.0	1	0.24	61.67	1	0.18	61.25	1	0.13	59.0	1	0.12	60.5	5	0.27	62.4	14	0.29	59.6	27	0.3	61.25	74	0.39
chr16	625086	AC	A	0	60.0	1	0.57	55.0	1	0.33	61.67	2	0.35	63.75	4	0.49	64.0	5	0.5	59.5	5	0.28	59.8	10	0.22	60.3	27	0.3	60.0	69	0.38
chr16	682286	GC	G	0	75.0	1	0.37	72.5	2	0.42	70.0	2	0.31	67.5	4	0.45	67.0	4	0.36	63.5	9	0.45	60.8	19	0.41	61.4	40	0.43	61.35	87	0.46
chr16	717425	T	TG	0	75.0	0	0.0	67.5	0	0.0	68.33	0	0.0	62.5	0	0.0	62.0	1	0.13	66.0	7	0.33	65.2	21	0.4	66.4	45	0.41	65.7	82	0.38
chr16	728953	T	TG	0	80.0	1	0.71	70.0	1	0.27	68.33	1	0.21	71.25	4	0.51	70.0	5	0.45	67.0	11	0.51	65.8	32	0.6	69.9	80	0.65	69.7	167	0.69
chr16	780558	CG	C	0	55.0	1	0.71	57.5	2	0.67	56.67	2	0.47	55.0	3	0.57	57.0	4	0.55	57.0	8	0.57	58.4	22	0.6	60.9	35	0.43	62.4	60	0.32
chr16	805516	GGCAGCT	G	0	70.0	1	0.44	67.5	1	0.23	68.33	1	0.15	67.5	1	0.11	68.0	4	0.35	64.0	8	0.39	62.0	17	0.35	60.4	26	0.29	59.75	58	0.33
chr16	813354	AGGACGCCGGACCGACAC	A	0	80.0	4	1.27	70.0	6	1.23	68.33	6	0.9	68.75	7	0.78	71.0	10	0.82	71.5	17	0.67	67.8	34	0.59	64.8	68	0.65	58.0	106	0.63
chr16	1229236	CG	C	0	75.0	2	0.71	67.5	2	0.44	73.33	3	0.37	68.75	4	0.42	68.0	5	0.43	68.0	9	0.39	65.2	21	0.4	68.0	54	0.47	66.55	80	0.36
chr16	1256557	AG	A	0	75.0	0	0.0	65.0	1	0.26	70.0	1	0.14	71.25	1	0.1	71.0	2	0.16	69.5	6	0.25	70.8	20	0.32	68.3	42	0.36	66.5	80	0.36
chr16	1773387	CG	C	0	80.0	2	0.63	82.5	6	0.9	81.67	10	1.03	81.25	13	1.0	79.0	16	1.05	75.0	27	0.99	74.4	64	0.95	74.4	132	0.96	69.8	198	0.82
chr16	1918336	T	TC	0	85.0	3	0.86	82.5	5	0.74	81.67	8	0.8	82.5	12	0.88	85.0	16	0.89	83.5	31	0.9	83.2	74	0.86	77.6	130	0.86	69.75	166	0.68
chr16	1961642	G	GC	0	80.0	2	0.73	72.5	2	0.52	71.67	2	0.32	70.0	2	0.24	69.0	2	0.18	60.5	2	0.12	55.6	6	0.16	54.1	21	0.29	54.75	44	0.29
chr16	1980003	GT	G	0	70.0	1	0.42	72.5	2	0.38	70.0	2	0.27	68.75	3	0.32	67.0	3	0.27	66.0	10	0.46	68.6	32	0.55	68.0	71	0.62	69.45	166	0.69
chr16	1999880	G	GTCC	0	85.0	3	0.91	75.0	3	0.6	70.0	4	0.55	72.5	6	0.57	75.0	9	0.64	69.5	11	0.46	67.8	24	0.42	69.5	51	0.42	66.55	78	0.35
chr16	2009619	GC	G	0	80.0	3	0.94	80.0	5	0.78	75.0	7	0.83	68.75	7	0.74	71.0	9	0.72	74.0	25	0.94	79.0	69	0.92	72.0	113	0.9	63.15	147	0.75
chr16	2009734	CG	C	0	95.0	5	1.19	90.0	8	1.07	85.0	11	1.09	83.75	13	1.03	83.0	17	1.05	80.0	29	0.97	78.2	75	1.01	70.1	109	0.91	63.4	146	0.74
chr16	2771011	C	CT	0	40.0	0	0.0	47.5	0	0.0	48.33	0	0.0	47.5	1	0.23	47.0	1	0.19	53.5	2	0.14	55.8	3	0.08	55.4	16	0.21	58.35	42	0.25
chr16	2771011	CT	C	0	40.0	0	0.0	47.5	0	0.0	48.33	0	0.0	47.5	1	0.23	47.0	1	0.19	53.5	2	0.14	55.8	3	0.08	55.4	16	0.21	58.35	42	0.25
chr16	2857669	GGT	G	0	75.0	1	0.36	72.5	2	0.39	73.33	4	0.51	68.75	4	0.44	67.0	6	0.54	68.0	13	0.56	64.2	29	0.56	67.4	51	0.46	66.65	80	0.36
chr16	3020706	TG	T	0	70.0	0	0.0	62.5	1	0.26	60.0	2	0.37	57.5	4	0.61	53.0	4	0.57	56.5	8	0.5	63.4	31	0.63	69.4	93	0.78	64.8	155	0.74
chr16	3069295	C	CG	0	80.0	2	0.63	67.5	2	0.44	63.33	2	0.34	60.0	2	0.28	58.0	2	0.24	57.5	5	0.32	60.6	15	0.33	57.7	25	0.3	56.15	46	0.29
chr16	3356755	GT	G	0	50.0	0	0.0	50.0	0	0.0	51.67	2	0.5	51.25	2	0.39	53.0	2	0.29	54.0	6	0.41	51.6	15	0.45	51.9	25	0.37	48.55	34	0.29
chr16	3390048	TGTA	T	0	70.0	0	0.0	65.0	0	0.0	65.0	1	0.16	62.5	2	0.26	59.0	2	0.23	55.5	3	0.2	56.0	5	0.13	55.4	14	0.18	51.8	23	0.17
chr16	3552226	AG	A	0	50.0	0	0.0	55.0	1	0.36	55.0	1	0.23	56.25	2	0.33	55.0	2	0.27	53.5	2	0.14	51.2	4	0.12	52.6	9	0.14	50.05	24	0.22
chr16	4206753	TC	T	0	70.0	0	0.0	57.5	0	0.0	63.33	1	0.19	55.0	1	0.19	55.0	1	0.14	58.0	3	0.18	63.0	9	0.19	62.9	27	0.29	61.75	54	0.29
chr16	4594387	CAGG	C	0	55.0	1	0.67	60.0	1	0.28	61.67	1	0.19	62.5	1	0.13	63.0	2	0.2	63.0	6	0.3	62.2	14	0.29	64.0	33	0.32	61.55	61	0.32
chr16	4702105	ACTG	A	0	65.0	2	1.11	70.0	2	0.42	68.33	3	0.43	67.5	5	0.55	68.0	5	0.43	66.5	8	0.36	61.8	14	0.29	58.5	24	0.28	56.3	59	0.37
chr16	4746950	TGAG	T	0	55.0	0	0.0	60.0	0	0.0	61.67	0	0.0	58.75	0	0.0	60.0	1	0.11	61.0	3	0.16	61.8	12	0.25	60.3	21	0.23	57.1	37	0.23
chr16	5072070	G	GGTCT	0	65.0	0	0.0	62.5	1	0.32	65.0	1	0.16	61.25	3	0.4	61.0	5	0.54	65.5	18	0.84	63.2	39	0.79	58.3	59	0.7	51.1	70	0.54
chr16	8645976	GC	G	0	75.0	2	0.91	77.5	4	0.76	68.33	6	0.87	62.5	6	0.78	59.0	6	0.71	51.0	7	0.56	47.6	14	0.5	49.9	25	0.4	50.9	46	0.36
chr16	8645981	A	AGATCGCCT	0	75.0	1	0.45	80.0	5	0.91	70.0	6	0.82	61.25	6	0.82	61.0	6	0.66	50.5	6	0.48	47.8	14	0.5	50.1	25	0.4	50.7	45	0.35
chr16	10430798	GGAC	G	0	45.0	1	1.0	40.0	1	0.63	40.0	1	0.42	41.25	2	0.59	43.0	2	0.43	38.0	3	0.42	36.6	6	0.36	35.4	8	0.26	34.95	17	0.28
chr16	11915672	C	CCCG	0	85.0	3	1.0	85.0	7	1.03	85.0	12	1.18	82.5	14	1.09	79.0	15	1.01	76.5	25	0.85	74.8	67	0.97	75.1	136	0.97	64.8	188	0.9
chr16	11915672	CCCG	C	0	85.0	3	1.0	85.0	7	1.03	85.0	12	1.18	82.5	14	1.09	79.0	15	1.01	76.5	25	0.85	74.8	67	0.97	75.1	136	0.97	64.8	188	0.9
chr16	11915672	CCCGCCGCCG	C	0	85.0	3	1.0	85.0	7	1.03	85.0	12	1.18	82.5	14	1.09	79.0	15	1.01	76.5	25	0.85	74.8	67	0.97	75.1	136	0.97	64.8	188	0.9
chr16	11933616	CAT	C	0	40.0	0	0.0	40.0	1	0.67	40.0	3	1.29	41.25	3	0.95	40.0	4	1.04	40.0	5	0.63	42.2	7	0.31	45.2	19	0.37	46.9	35	0.32
chr16	15873503	T	TCTA	0	40.0	0	0.0	45.0	0	0.0	43.33	0	0.0	42.5	0	0.0	45.0	0	0.0	40.0	1	0.13	36.2	2	0.12	34.9	5	0.17	35.55	13	0.21
chr16	19581667	T	TC	0	60.0	0	0.0	60.0	0	0.0	46.67	0	0.0	45.0	0	0.0	45.0	0	0.0	49.0	2	0.17	45.8	4	0.15	44.9	10	0.2	43.25	21	0.23
chr16	20349764	T	TTCTGCCAGA	0	30.0	0	0.0	40.0	0	0.0	45.0	0	0.0	47.5	0	0.0	48.0	1	0.18	48.0	4	0.36	45.2	11	0.44	44.2	18	0.37	50.15	61	0.49
chr16	20488437	TAC	T	0	45.0	0	0.0	40.0	0	0.0	40.0	0	0.0	36.25	0	0.0	38.0	1	0.28	40.0	3	0.38	42.8	3	0.13	41.4	7	0.16	41.8	10	0.11
chr16	21404229	CAT	C	0	35.0	0	0.0	52.5	1	0.41	58.33	3	0.65	61.25	4	0.59	62.0	5	0.58	60.0	12	0.73	56.2	24	0.68	56.9	51	0.71	57.0	94	0.66
chr16	21404230	AT	A	0	35.0	0	0.0	52.5	0	0.0	56.67	2	0.47	61.25	4	0.59	62.0	5	0.58	60.0	12	0.73	56.0	24	0.69	56.8	51	0.71	57.05	94	0.66
chr16	21404231	T	TC	0	35.0	0	0.0	50.0	0	0.0	55.0	2	0.5	62.5	4	0.57	63.0	6	0.68	60.0	12	0.73	56.2	24	0.68	56.8	51	0.71	57.1	94	0.66
chr16	21404235	C	CT	0	45.0	0	0.0	50.0	0	0.0	58.33	2	0.48	60.0	3	0.46	62.0	6	0.7	60.5	13	0.77	56.2	24	0.69	56.9	51	0.71	57.1	94	0.66
chr16	22008324	AG	A	0	45.0	0	0.0	47.5	0	0.0	51.67	3	0.75	58.75	6	0.88	63.0	8	0.82	69.5	20	0.86	76.4	66	0.98	71.7	109	0.91	64.6	161	0.8
chr16	24572390	TAAAGAG	T	0	25.0	0	0.0	37.5	0	0.0	35.0	0	0.0	32.5	0	0.0	33.0	0	0.0	32.0	0	0.0	37.4	3	0.17	36.5	3	0.09	36.9	16	0.24
chr16	24777100	AGCAGCCACAGCC	A	0	70.0	0	0.0	72.5	2	0.4	71.67	3	0.4	70.0	3	0.32	68.0	3	0.27	60.5	8	0.46	50.4	10	0.32	44.1	15	0.31	41.05	19	0.23
chr16	28456525	C	CCTCTGCCTCT	0	75.0	1	0.45	57.5	1	0.31	56.67	2	0.43	58.75	3	0.44	58.0	3	0.39	54.5	6	0.41	44.8	11	0.44	46.4	17	0.32	46.85	28	0.26
chr16	28588680	C	CA	0	60.0	0	0.0	55.0	1	0.33	53.33	1	0.24	53.75	2	0.36	55.0	4	0.57	48.5	8	0.68	47.6	12	0.43	51.2	21	0.32	53.65	37	0.26
chr16	29383625	CA	C	0	60.0	1	0.62	52.5	1	0.5	55.0	2	0.52	56.25	2	0.46	59.0	4	0.53	59.0	9	0.57	57.2	21	0.58	56.9	41	0.59	54.9	74	0.54
chr16	29779607	GGTCCGA	G	0	75.0	3	1.11	67.5	4	1.05	60.0	5	1.0	56.25	5	0.82	53.0	6	0.89	54.5	8	0.54	54.4	11	0.3	53.5	14	0.2	52.6	27	0.2
chr16	29810098	GGCGGCGGCAGCGGCA	G	0	65.0	2	1.0	65.0	4	1.05	70.0	6	0.89	67.5	7	0.82	65.0	8	0.8	67.0	12	0.56	62.2	15	0.31	63.1	34	0.34	62.3	63	0.33
chr16	29901480	G	GGGT	0	80.0	1	0.32	72.5	1	0.21	71.67	1	0.15	70.0	1	0.12	69.0	4	0.36	67.5	10	0.45	68.4	26	0.45	67.4	50	0.44	61.45	82	0.44
chr16	30005313	CT	C	0	80.0	0	0.0	67.5	1	0.29	73.33	1	0.14	72.5	3	0.3	71.0	4	0.35	69.0	11	0.46	67.8	24	0.42	63.9	37	0.36	64.2	85	0.41
chr16	30005313	CTCCCA	C	0	80.0	0	0.0	67.5	1	0.29	73.33	1	0.14	72.5	3	0.3	71.0	4	0.35	69.0	11	0.46	67.8	24	0.42	63.9	37	0.36	64.2	85	0.41
chr16	30005317	CA	C	0	75.0	0	0.0	70.0	0	0.0	71.67	2	0.32	71.25	3	0.31	72.0	5	0.41	69.0	12	0.5	67.6	24	0.43	63.7	37	0.37	64.2	85	0.41
chr16	30005317	CACCCCCTAAGATG	C	0	75.0	0	0.0	70.0	0	0.0	71.67	2	0.32	71.25	3	0.31	72.0	5	0.41	69.0	12	0.5	67.6	24	0.43	63.7	37	0.37	64.2	85	0.41
chr16	30005322	CCTAAGATG	C	0	65.0	0	0.0	72.5	0	0.0	70.0	2	0.35	71.25	3	0.33	71.0	5	0.41	69.0	12	0.5	67.4	24	0.43	63.7	37	0.37	64.3	85	0.41
chr16	30005323	CTAAGATG	C	0	65.0	0	0.0	75.0	0	0.0	70.0	2	0.38	71.25	3	0.33	70.0	5	0.43	69.5	12	0.5	67.2	24	0.43	63.6	37	0.37	64.3	85	0.41
chr16	30223147	AT	A	0	55.0	1	2.0	60.0	3	0.84	66.67	6	0.92	65.0	8	0.96	64.0	11	1.07	62.0	17	0.88	53.2	30	0.85	51.7	44	0.66	52.45	81	0.6
chr16	30369934	AGCCGGGGCTGGG	A	0	80.0	2	0.62	80.0	4	0.63	80.0	5	0.53	80.0	6	0.48	78.0	9	0.61	79.0	20	0.65	76.8	51	0.7	75.0	98	0.7	66.9	153	0.69
chr16	30659529	AGCGGCC	A	0	75.0	3	1.11	82.5	7	1.05	83.33	10	1.0	80.0	11	0.89	82.0	15	0.91	82.5	36	1.06	80.2	80	1.0	72.9	119	0.9	66.95	169	0.76
chr16	30659841	AGAG	A	0	70.0	2	1.67	72.5	3	0.87	78.33	5	0.76	76.25	9	0.96	76.0	13	1.02	73.5	23	0.92	72.8	56	0.86	71.9	100	0.78	64.15	150	0.73
chr16	31759374	G	GA	0	25.0	0	0.0	30.0	0	0.0	28.33	0	0.0	28.75	0	0.0	29.0	0	0.0	34.0	1	0.18	31.8	1	0.08	30.3	2	0.09	35.25	9	0.15
chr16	33009517	G	GTT	0	60.0	1	0.57	50.0	2	0.83	50.0	2	0.53	48.75	3	0.63	48.0	4	0.7	51.5	6	0.45	56.6	9	0.23	51.3	13	0.2	47.65	15	0.13
chr16	50153768	GGCA	G	0	90.0	4	1.04	82.5	7	1.08	78.33	9	0.98	77.5	11	0.92	73.0	12	0.9	75.5	23	0.81	75.2	61	0.86	76.0	132	0.91	70.65	212	0.85
chr16	50225244	T	TGTC	0	55.0	1	0.67	52.5	1	0.44	50.0	1	0.34	46.25	1	0.27	44.0	2	0.45	42.5	4	0.45	38.0	8	0.44	38.0	9	0.25	41.25	25	0.29
chr16	50729866	G	GC	0	65.0	0	0.0	60.0	0	0.0	58.33	0	0.0	52.5	0	0.0	56.0	0	0.0	49.0	1	0.08	45.4	3	0.12	43.4	8	0.17	44.0	12	0.12
chr16	51141743	C	CGCT	0	90.0	4	1.04	75.0	4	0.71	71.67	4	0.52	70.0	6	0.62	66.0	6	0.58	63.0	12	0.62	59.8	22	0.5	52.9	33	0.48	48.7	55	0.47
chr16	51141743	CGCT	C	0	90.0	4	1.04	75.0	4	0.71	71.67	4	0.52	70.0	6	0.62	66.0	6	0.58	63.0	12	0.62	59.8	22	0.5	52.9	33	0.48	48.7	55	0.47
chr16	53304496	GTTC	G	0	40.0	0	0.0	47.5	1	0.67	43.33	1	0.5	43.75	1	0.41	44.0	1	0.39	44.0	1	0.15	40.4	3	0.16	44.2	8	0.17	41.95	25	0.29
chr16	56839700	T	TA	0	30.0	0	0.0	32.5	0	0.0	36.67	0	0.0	37.5	0	0.0	38.0	0	0.0	41.0	0	0.0	41.2	3	0.14	41.5	10	0.23	44.0	30	0.31
chr16	57061922	T	TAAGAAAAAAAGA	0	30.0	0	0.0	37.5	0	0.0	40.0	0	0.0	40.0	0	0.0	42.0	0	0.0	44.0	1	0.1	46.2	7	0.26	50.1	18	0.29	50.4	29	0.23
chr16	57061929	AAAAG	A	0	20.0	0	0.0	27.5	0	0.0	36.67	0	0.0	41.25	0	0.0	42.0	0	0.0	43.0	1	0.11	45.4	6	0.23	49.9	18	0.29	50.4	29	0.23
chr16	58543410	G	GA	0	15.0	0	0.0	27.5	1	1.33	30.0	1	0.74	33.75	1	0.44	32.0	1	0.4	27.5	1	0.27	32.8	5	0.37	39.0	14	0.37	38.5	17	0.23
chr16	58543410	GA	G	0	15.0	0	0.0	27.5	1	1.33	30.0	1	0.74	33.75	1	0.44	32.0	1	0.4	27.5	1	0.27	32.8	5	0.37	39.0	14	0.37	38.5	17	0.23
chr16	66484760	AC	A	0	65.0	1	0.48	62.5	1	0.26	58.33	1	0.2	57.5	2	0.31	61.0	4	0.43	57.5	5	0.31	57.6	11	0.27	57.0	19	0.23	56.75	36	0.23
chr16	67652327	GAGA	G	0	50.0	0	0.0	52.5	1	0.59	46.67	1	0.41	50.0	2	0.57	53.0	2	0.33	56.0	3	0.2	56.4	5	0.13	60.3	27	0.3	64.8	98	0.47
chr16	67842919	A	ACAG	0	60.0	0	0.0	62.5	0	0.0	61.67	0	0.0	62.5	0	0.0	63.0	0	0.0	67.5	11	0.49	65.8	38	0.72	66.1	86	0.79	63.3	154	0.77
chr16	67842919	ACAG	A	0	60.0	0	0.0	62.5	0	0.0	61.67	0	0.0	62.5	0	0.0	63.0	0	0.0	67.5	11	0.49	65.8	38	0.72	66.1	86	0.79	63.3	154	0.77
chr16	67968591	GCCCGCCGCTGTC	G	0	90.0	4	1.23	87.5	7	1.12	86.67	11	1.15	86.25	15	1.11	82.0	17	1.08	78.0	31	1.13	77.4	64	0.87	72.8	106	0.8	64.55	146	0.7
chr16	71922607	A	AATGCCC	0	60.0	1	0.56	62.5	1	0.26	60.0	1	0.19	57.5	1	0.15	57.0	2	0.25	49.5	2	0.17	46.4	3	0.11	44.5	6	0.12	44.65	17	0.17
chr16	71922607	AATGCCC	A	0	60.0	1	0.56	62.5	1	0.26	60.0	1	0.19	57.5	1	0.15	57.0	2	0.25	49.5	2	0.17	46.4	3	0.11	44.5	6	0.12	44.65	17	0.17
chr16	71922625	CATGCCT	C	0	55.0	0	0.0	60.0	0	0.0	55.0	2	0.48	55.0	2	0.35	54.0	2	0.29	48.5	2	0.17	45.8	3	0.12	43.9	6	0.12	44.65	17	0.17
chr16	72073792	CGT	C	0	55.0	1	2.0	50.0	1	0.78	50.0	1	0.48	52.5	1	0.33	51.0	1	0.23	50.5	2	0.17	51.0	6	0.19	47.1	9	0.16	46.4	25	0.23
chr16	72787718	ACCG	A	0	95.0	5	1.43	95.0	11	1.41	88.33	14	1.33	87.5	17	1.21	85.0	21	1.21	71.0	26	1.06	63.0	43	0.87	62.3	64	0.67	55.6	87	0.57
chr16	72788663	T	TTGC	0	60.0	0	0.0	67.5	0	0.0	73.33	2	0.28	72.5	2	0.22	73.0	4	0.33	66.0	9	0.46	60.0	16	0.38	57.1	25	0.31	57.1	66	0.41
chr16	72788663	TTGCTGC	T	0	60.0	0	0.0	67.5	0	0.0	73.33	2	0.28	72.5	2	0.22	73.0	4	0.33	66.0	9	0.46	60.0	16	0.38	57.1	25	0.31	57.1	66	0.41
chr16	72797457	C	CTTG	0	45.0	1	1.11	55.0	1	0.42	50.0	1	0.32	50.0	1	0.24	53.0	1	0.16	53.5	2	0.15	54.2	3	0.09	54.7	12	0.16	53.25	31	0.22
chr16	72797457	CTTG	C	0	45.0	1	1.11	55.0	1	0.42	50.0	1	0.32	50.0	1	0.24	53.0	1	0.16	53.5	2	0.15	54.2	3	0.09	54.7	12	0.16	53.25	31	0.22
chr16	72797457	CTTGTTG	C	0	45.0	1	1.11	55.0	1	0.42	50.0	1	0.32	50.0	1	0.24	53.0	1	0.16	53.5	2	0.15	54.2	3	0.09	54.7	12	0.16	53.25	31	0.22
chr16	74391722	CCCTCTTCCACCCTCT	C	0	50.0	0	0.0	52.5	0	0.0	50.0	0	0.0	52.5	0	0.0	50.0	0	0.0	52.5	2	0.17	53.8	10	0.29	46.5	19	0.35	47.4	30	0.27
chr16	76277703	G	GT	0	40.0	1	1.67	40.0	1	0.67	46.67	3	0.92	47.5	3	0.67	45.0	3	0.6	46.5	4	0.38	48.2	8	0.3	47.7	22	0.42	42.7	31	0.35
chr16	79211975	G	GGTAAA	0	45.0	0	0.0	45.0	0	0.0	50.0	0	0.0	46.25	0	0.0	46.0	0	0.0	45.5	1	0.1	54.4	14	0.38	50.8	20	0.31	45.0	39	0.39
chr16	80978409	TG	T	0	60.0	0	0.0	47.5	0	0.0	43.33	0	0.0	36.25	0	0.0	35.0	0	0.0	33.5	0	0.0	37.8	2	0.11	41.9	11	0.25	42.0	24	0.27
chr16	80996958	AC	A	0	30.0	0	0.0	35.0	0	0.0	31.67	0	0.0	33.75	1	0.44	33.0	2	0.74	30.5	2	0.43	31.6	5	0.41	32.2	9	0.35	31.65	17	0.34
chr16	81208542	GTT	G	0	50.0	1	0.8	52.5	1	0.36	55.0	1	0.23	55.0	1	0.17	57.0	2	0.25	56.0	5	0.32	53.8	10	0.28	51.5	16	0.24	50.5	26	0.2
chr16	85656375	GGAGCGC	G	0	75.0	3	1.67	75.0	7	1.48	70.0	9	1.5	68.75	10	1.28	68.0	13	1.26	66.0	21	1.02	64.2	43	0.85	63.1	68	0.69	61.4	103	0.55
chr16	85656393	CGAGCGT	C	0	75.0	5	2.0	75.0	8	1.69	73.33	11	1.57	71.25	13	1.59	70.0	15	1.46	64.0	22	1.18	64.4	43	0.85	62.6	66	0.68	61.25	103	0.55
chr16	86510603	ACGG	A	0	85.0	4	1.11	82.5	8	1.19	81.67	12	1.22	82.5	16	1.19	81.0	17	1.04	79.5	35	1.11	74.0	67	0.99	70.8	111	0.89	72.0	233	0.9
chr16	87695727	C	CA	0	75.0	1	0.77	72.5	1	0.2	68.33	1	0.14	67.5	2	0.22	66.0	2	0.19	62.5	6	0.31	64.2	14	0.28	60.5	21	0.23	58.9	56	0.32
chr16	88528130	TGAA	T	0	65.0	1	0.48	65.0	1	0.24	71.67	3	0.41	73.75	5	0.49	71.0	7	0.6	70.5	12	0.5	67.0	19	0.34	67.4	36	0.32	65.4	75	0.35
chr16	88533286	GGA	G	0	70.0	1	0.42	65.0	2	0.47	68.33	3	0.43	70.0	4	0.41	72.0	6	0.46	73.5	13	0.48	74.4	38	0.56	71.1	77	0.61	73.25	199	0.75
chr16	88533291	CT	C	0	75.0	1	0.36	67.5	2	0.47	68.33	3	0.44	75.0	6	0.54	72.0	6	0.46	74.5	13	0.47	74.6	38	0.56	71.2	77	0.61	73.2	200	0.75
chr16	88533293	CTGG	C	0	75.0	1	0.36	67.5	1	0.24	70.0	3	0.41	75.0	6	0.53	72.0	6	0.46	74.5	13	0.47	74.6	38	0.55	71.3	78	0.62	73.25	200	0.75
chr16	88714226	G	GGTGT	0	55.0	0	0.0	57.5	0	0.0	61.67	1	0.19	66.25	3	0.37	63.0	3	0.32	65.0	8	0.39	65.2	19	0.36	65.7	36	0.33	66.0	81	0.37
chr16	88721198	CCTT	C	0	65.0	0	0.0	52.5	1	0.5	55.0	3	0.71	56.25	6	1.01	59.0	8	0.93	61.5	11	0.58	63.6	23	0.45	63.1	34	0.34	64.9	105	0.5
chr16	88723257	G	GCCTGCT	0	65.0	0	0.0	62.5	0	0.0	66.67	2	0.31	68.75	3	0.35	71.0	5	0.43	69.0	10	0.44	71.4	24	0.38	68.3	46	0.39	67.3	91	0.4
chr16	88733963	GTCC	G	0	65.0	1	0.56	72.5	1	0.29	70.0	2	0.35	71.25	2	0.21	70.0	3	0.26	68.0	5	0.23	66.0	16	0.3	66.2	37	0.34	66.1	86	0.39
chr16	88733986	CCTG	C	0	65.0	0	0.0	65.0	0	0.0	65.0	0	0.0	67.5	2	0.29	69.0	3	0.28	67.0	6	0.29	64.8	15	0.29	66.1	37	0.34	65.95	85	0.39
chr16	89224801	G	GGTGA	0	45.0	0	0.0	57.5	2	0.71	58.33	3	0.68	53.75	3	0.65	57.0	3	0.46	52.0	4	0.32	50.6	16	0.51	50.5	28	0.44	49.6	49	0.4
chr16	89850470	C	CGAG	0	70.0	2	1.0	72.5	3	0.71	76.67	7	0.9	76.25	10	0.92	74.0	13	0.98	73.5	25	0.93	73.2	53	0.79	64.5	77	0.74	59.55	104	0.59
chr16	89971819	C	CA	0	55.0	2	2.22	50.0	3	1.43	46.67	4	1.28	46.25	4	0.95	47.0	6	1.1	47.0	9	0.82	52.6	25	0.73	55.3	54	0.71	57.6	125	0.75
chr16	90094594	C	CGG	0	80.0	3	0.95	72.5	4	0.76	71.67	5	0.65	66.25	6	0.68	65.0	9	0.85	67.5	16	0.7	66.2	39	0.72	66.7	71	0.64	61.25	113	0.6
chr16	90095556	GT	G	0	55.0	0	0.0	57.5	1	0.3	60.0	2	0.38	60.0	3	0.42	60.0	3	0.34	54.5	8	0.55	55.6	18	0.47	55.2	34	0.45	56.05	75	0.48
chr17	733025	A	AGGGCC	0	75.0	2	0.8	80.0	3	0.5	75.0	5	0.6	75.0	8	0.71	77.0	12	0.81	75.5	25	0.88	73.6	61	0.9	69.5	107	0.89	67.55	193	0.85
chr17	733079	T	TCTC	0	75.0	4	1.48	75.0	8	1.43	70.0	9	1.24	72.5	12	1.15	76.0	15	1.04	72.0	26	1.0	70.2	54	0.88	68.4	98	0.84	66.65	189	0.85
chr17	1645661	G	GAGC	0	70.0	1	0.42	72.5	2	0.38	71.67	3	0.4	71.25	3	0.3	71.0	5	0.4	69.5	10	0.43	64.6	18	0.36	63.7	25	0.25	62.65	50	0.25
chr17	1728045	TGAG	T	0	70.0	0	0.0	70.0	1	0.27	71.67	2	0.34	75.0	3	0.3	75.0	5	0.39	69.0	6	0.26	64.4	17	0.33	64.1	39	0.38	62.05	74	0.39
chr17	3063248	TA	T	0	50.0	2	1.9	60.0	3	0.84	61.67	3	0.55	60.0	3	0.43	59.0	3	0.35	57.5	3	0.19	55.4	6	0.17	49.8	11	0.18	44.2	16	0.17
chr17	3546776	A	AGACCAGCCT	0	50.0	0	0.0	52.5	1	0.38	53.33	1	0.25	50.0	1	0.21	50.0	1	0.16	53.5	2	0.14	50.0	7	0.23	52.5	22	0.32	53.05	49	0.36
chr17	3690981	TG	T	0	70.0	1	0.44	57.5	2	0.62	56.67	2	0.42	52.5	4	0.73	56.0	4	0.52	59.0	6	0.36	57.6	12	0.3	59.7	28	0.32	61.15	57	0.31
chr17	4933906	ACCACCCCAGAGCCCAC	A	0	80.0	1	0.71	75.0	2	0.5	76.67	3	0.42	78.75	6	0.64	80.0	7	0.58	74.0	12	0.58	59.6	18	0.52	57.9	25	0.33	56.5	50	0.32
chr17	5183740	TATA	T	0	25.0	0	0.0	27.5	0	0.0	28.33	0	0.0	30.0	0	0.0	31.0	0	0.0	34.0	0	0.0	37.2	0	0.0	40.6	3	0.07	42.7	8	0.09
chr17	6446123	TC	T	0	55.0	1	0.71	55.0	1	0.38	50.0	1	0.32	51.25	1	0.22	51.0	1	0.18	48.0	2	0.2	47.4	5	0.2	48.1	10	0.18	51.15	26	0.2
chr17	6652224	G	GC	0	80.0	3	1.0	85.0	7	0.98	78.33	10	1.11	71.25	11	1.08	69.0	13	1.09	67.5	19	0.84	64.8	45	0.87	60.6	64	0.7	53.9	93	0.64
chr17	6652225	C	CG	0	85.0	3	0.86	85.0	7	0.98	76.67	9	1.04	72.5	11	1.05	69.0	13	1.09	67.0	19	0.86	64.6	45	0.88	60.5	64	0.7	53.9	93	0.64
chr17	7024699	C	CCAG	0	65.0	1	0.48	67.5	1	0.22	68.33	1	0.14	65.0	1	0.12	63.0	1	0.1	59.5	3	0.17	58.0	7	0.17	58.2	21	0.25	56.6	59	0.37
chr17	7262075	CG	C	0	90.0	3	0.92	65.0	3	0.75	61.67	5	0.88	60.0	5	0.7	63.0	6	0.6	59.5	7	0.4	59.2	25	0.57	67.4	87	0.77	67.85	174	0.76
chr17	7848539	TCAC	T	0	65.0	2	1.11	65.0	2	0.76	68.33	2	0.57	67.5	4	0.79	66.0	4	0.62	65.0	7	0.43	61.8	17	0.4	65.8	39	0.4	66.5	86	0.41
chr17	7848539	TCACCAC	T	0	65.0	2	1.11	65.0	2	0.76	68.33	2	0.57	67.5	4	0.79	66.0	4	0.62	65.0	7	0.43	61.8	17	0.4	65.8	39	0.4	66.5	86	0.41
chr17	7884826	CGAG	C	0	65.0	1	0.56	65.0	1	0.3	63.33	1	0.21	66.25	2	0.31	67.0	2	0.28	69.5	10	0.78	75.2	47	0.76	66.9	96	0.89	61.95	151	0.81
chr17	7884892	CGAG	C	0	65.0	2	1.82	62.5	2	1.74	63.33	3	1.71	65.0	6	1.52	64.0	7	1.56	68.5	18	0.99	75.8	54	0.82	69.5	109	0.93	62.95	154	0.8
chr17	8821895	A	AG	0	70.0	2	0.83	65.0	2	0.47	66.67	4	0.61	66.25	5	0.58	65.0	5	0.48	59.5	6	0.34	57.0	8	0.2	51.3	14	0.22	49.95	21	0.17
chr17	15230796	TGTTTG	T	0	45.0	0	0.0	50.0	0	0.0	45.0	0	0.0	46.25	0	0.0	39.0	0	0.0	38.5	2	0.28	43.4	13	0.55	47.9	27	0.47	45.6	35	0.34
chr17	15440206	C	CCTT	0	50.0	0	0.0	47.5	0	0.0	48.33	0	0.0	48.75	0	0.0	46.0	1	0.26	45.5	3	0.33	44.0	4	0.17	46.0	8	0.15	45.7	18	0.17
chr17	15613745	G	GA	0	35.0	0	0.0	35.0	0	0.0	41.67	0	0.0	47.5	1	0.22	52.0	1	0.15	53.5	4	0.28	50.0	8	0.26	48.3	17	0.29	46.85	38	0.35
chr17	15613745	GA	G	0	35.0	0	0.0	35.0	0	0.0	41.67	0	0.0	47.5	1	0.22	52.0	1	0.15	53.5	4	0.28	50.0	8	0.26	48.3	17	0.29	46.85	38	0.35
chr17	15974794	CCAA	C	0	50.0	0	0.0	50.0	0	0.0	53.33	0	0.0	51.25	1	0.19	52.0	2	0.3	53.5	4	0.28	50.2	9	0.29	46.8	13	0.24	43.3	26	0.28
chr17	16353371	G	GCGGAGGCCC	0	95.0	4	0.91	90.0	8	1.0	85.0	11	1.02	82.5	13	0.96	82.0	15	0.91	78.0	28	0.92	82.0	83	0.99	74.4	128	0.93	63.65	187	0.93
chr17	17136246	CCAG	C	0	60.0	0	0.0	65.0	0	0.0	66.67	0	0.0	65.0	0	0.0	63.0	0	0.0	60.0	0	0.0	58.6	4	0.09	55.2	12	0.16	52.8	18	0.13
chr17	17136246	CCAGCAG	C	0	60.0	0	0.0	65.0	0	0.0	66.67	0	0.0	65.0	0	0.0	63.0	0	0.0	60.0	0	0.0	58.6	4	0.09	55.2	12	0.16	52.8	18	0.13
chr17	17793783	AGC	A	0	60.0	0	0.0	65.0	1	0.24	65.0	2	0.32	62.5	2	0.26	62.0	2	0.21	64.0	7	0.36	64.8	20	0.42	63.7	34	0.35	63.65	93	0.47
chr17	17793786	AG	A	0	65.0	0	0.0	62.5	0	0.0	66.67	2	0.3	65.0	2	0.24	62.0	3	0.32	63.5	7	0.36	65.0	20	0.41	63.8	34	0.35	63.6	93	0.47
chr17	17793786	AGCAG	A	0	65.0	0	0.0	62.5	0	0.0	66.67	2	0.3	65.0	2	0.24	62.0	3	0.32	63.5	7	0.36	65.0	20	0.41	63.8	34	0.35	63.6	93	0.47
chr17	18971371	C	CGGT	0	70.0	2	0.89	65.0	2	0.52	66.67	3	0.46	62.5	4	0.53	64.0	4	0.4	64.5	10	0.49	65.0	25	0.47	62.9	39	0.39	58.85	55	0.32
chr17	19093546	ACTT	A	0	55.0	0	0.0	60.0	1	0.28	56.67	1	0.21	57.5	1	0.15	59.0	4	0.46	57.0	8	0.49	59.8	12	0.27	59.0	20	0.23	56.75	35	0.22
chr17	20467468	A	ATC	0	65.0	1	0.56	67.5	2	0.44	66.67	3	0.45	63.75	3	0.38	65.0	3	0.29	57.5	4	0.25	58.2	6	0.14	55.7	11	0.14	53.0	21	0.15
chr17	21253216	G	GC	0	75.0	1	0.36	77.5	4	0.67	80.0	9	0.94	78.75	13	1.05	77.0	15	1.01	79.5	35	1.13	79.4	79	1.02	71.8	122	0.95	62.45	145	0.74
chr17	21313703	TC	T	0	65.0	0	0.0	60.0	0	0.0	58.33	1	0.23	58.75	1	0.15	58.0	1	0.12	60.5	1	0.05	60.2	5	0.11	58.6	9	0.11	57.45	32	0.19
chr17	21313707	TCC	T	0	70.0	0	0.0	62.5	0	0.0	58.33	0	0.0	60.0	1	0.14	58.0	1	0.12	60.0	1	0.06	59.8	5	0.12	58.5	9	0.11	57.45	32	0.19
chr17	21416337	CGAG	C	0	60.0	2	1.11	57.5	3	0.91	53.33	3	0.71	51.25	4	0.76	54.0	4	0.56	58.5	8	0.47	60.4	31	0.68	62.3	65	0.67	60.9	117	0.63
chr17	28357363	G	GC	0	75.0	2	0.71	82.5	5	0.77	75.0	6	0.73	76.25	9	0.78	75.0	12	0.86	76.5	26	0.9	73.6	52	0.79	68.4	84	0.72	56.9	95	0.6
chr17	28365201	A	AG	0	70.0	0	0.0	72.5	1	0.19	71.67	1	0.13	62.5	1	0.13	62.0	1	0.1	61.5	2	0.11	61.0	9	0.19	60.3	16	0.18	56.95	31	0.19
chr17	28372173	C	CG	0	90.0	3	0.75	77.5	5	0.88	81.67	8	0.84	80.0	10	0.85	79.0	11	0.76	77.5	25	0.85	74.4	58	0.84	70.1	95	0.78	65.45	138	0.64
chr17	28372346	G	GC	0	80.0	2	0.62	80.0	4	0.69	71.67	4	0.53	71.25	6	0.61	75.0	10	0.72	74.5	24	0.88	75.2	62	0.9	67.6	83	0.73	66.2	137	0.63
chr17	28381278	A	AGC	0	75.0	3	1.2	67.5	4	0.94	61.67	6	1.12	60.0	8	1.14	60.0	9	1.04	65.0	18	0.88	67.0	42	0.76	63.0	75	0.76	56.65	91	0.57
chr17	28400704	GA	G	0	50.0	1	1.25	62.5	2	0.63	60.0	2	0.44	53.75	2	0.36	56.0	2	0.26	53.0	4	0.29	52.0	5	0.15	48.1	9	0.16	48.0	13	0.11
chr17	30834936	ACAATGT	A	0	40.0	0	0.0	40.0	0	0.0	36.67	0	0.0	37.5	2	0.71	33.0	2	0.74	35.5	4	0.64	35.6	7	0.44	33.9	10	0.35	34.2	17	0.29
chr17	31856643	G	GC	0	55.0	0	0.0	52.5	0	0.0	46.67	0	0.0	45.0	0	0.0	46.0	0	0.0	46.0	2	0.2	43.6	5	0.21	46.6	15	0.28	47.4	25	0.22
chr17	32142450	CCCGCCGCCGCCGCCG	C	0	85.0	4	1.21	90.0	11	1.53	86.67	16	1.53	86.25	22	1.6	85.0	28	1.63	82.0	40	1.2	71.0	64	1.02	65.5	94	0.88	54.25	119	0.81
chr17	32142450	CCCGCCGCCGCCGCCGCCG	C	0	85.0	4	1.21	90.0	11	1.53	86.67	16	1.53	86.25	22	1.6	85.0	28	1.63	82.0	40	1.2	71.0	64	1.02	65.5	94	0.88	54.25	119	0.81
chr17	35479821	AG	A	0	50.0	0	0.0	47.5	1	0.45	45.0	2	0.66	45.0	2	0.49	43.0	2	0.43	42.0	3	0.34	40.0	4	0.21	38.3	11	0.31	36.55	21	0.32
chr17	35773342	C	CA	0	70.0	2	0.82	75.0	4	0.71	75.0	8	0.96	70.0	9	0.92	68.0	9	0.78	64.5	13	0.63	63.8	21	0.41	58.7	22	0.26	56.7	36	0.22
chr17	35773344	G	GC	0	70.0	2	0.82	70.0	4	0.83	75.0	8	0.95	71.25	9	0.89	67.0	9	0.8	65.0	13	0.62	63.8	21	0.41	58.8	22	0.25	56.75	37	0.23
chr17	37710581	GTCACCAT	G	0	65.0	1	0.48	57.5	2	0.61	56.67	2	0.43	57.5	2	0.32	58.0	2	0.26	53.0	3	0.22	50.8	8	0.25	46.9	15	0.27	47.7	31	0.27
chr17	37987222	CGTT	C	0	40.0	2	2.67	45.0	3	1.48	43.33	3	1.07	50.0	3	0.61	53.0	3	0.44	55.0	4	0.27	58.2	11	0.26	60.8	32	0.35	60.95	62	0.34
chr17	38352778	G	GAGC	0	60.0	0	0.0	70.0	1	0.22	66.67	1	0.15	70.0	3	0.31	71.0	4	0.33	71.0	12	0.49	69.8	39	0.64	66.3	72	0.66	65.25	151	0.71
chr17	40141199	CT	C	0	40.0	0	0.0	42.5	0	0.0	41.67	0	0.0	45.0	0	0.0	47.0	0	0.0	41.0	0	0.0	45.0	5	0.2	47.3	32	0.59	50.2	87	0.69
chr17	40363083	TGGC	T	0	85.0	3	1.43	90.0	7	1.15	83.33	9	1.03	82.5	12	0.97	82.0	16	1.04	80.0	32	1.03	75.8	73	1.03	73.8	126	0.93	67.45	184	0.81
chr17	40701881	CA	C	0	45.0	0	0.0	42.5	0	0.0	45.0	0	0.0	41.25	0	0.0	41.0	0	0.0	32.5	2	0.38	36.4	5	0.3	38.9	14	0.37	39.7	25	0.32
chr17	40818998	GCCGCCGCCGGAGCTT	G	0	90.0	4	1.23	77.5	6	1.03	81.67	11	1.12	78.75	13	1.09	80.0	18	1.16	81.0	37	1.18	68.4	70	1.22	51.5	77	1.17	44.15	89	0.91
chr17	40819054	TGCCGCCGTGGCC	T	0	80.0	4	1.27	82.5	8	1.23	81.67	12	1.22	81.25	16	1.25	82.0	21	1.28	80.5	40	1.28	67.4	71	1.27	52.3	78	1.16	43.95	88	0.91
chr17	40822512	ATCC	A	0	60.0	0	0.0	62.5	0	0.0	60.0	0	0.0	57.5	1	0.19	55.0	1	0.15	54.5	2	0.14	49.8	5	0.18	45.5	10	0.2	38.6	13	0.18
chr17	41026758	AG	A	0	65.0	0	0.0	67.5	1	0.23	66.67	2	0.31	66.25	2	0.23	67.0	3	0.27	66.5	7	0.32	59.2	8	0.18	51.6	11	0.17	43.6	17	0.18
chr17	41084528	CCTGCTGCCGCCCCAG	C	0	75.0	0	0.0	70.0	1	0.21	73.33	2	0.27	72.5	2	0.21	70.0	3	0.26	66.5	6	0.29	63.8	12	0.25	53.4	16	0.23	44.5	20	0.21
chr17	41098082	A	AT	0	50.0	0	0.0	55.0	0	0.0	51.67	1	0.27	52.5	1	0.19	51.0	1	0.16	54.5	2	0.14	51.6	6	0.18	53.0	15	0.22	49.4	30	0.25
chr17	41101538	TGAGGG	T	0	60.0	0	0.0	57.5	0	0.0	60.0	0	0.0	57.5	0	0.0	55.0	0	0.0	58.0	0	0.0	50.4	2	0.1	49.0	11	0.23	46.35	16	0.17
chr17	41101538	TGAGGGGAGGG	T	0	60.0	0	0.0	57.5	0	0.0	60.0	0	0.0	57.5	0	0.0	55.0	0	0.0	58.0	0	0.0	50.4	2	0.1	49.0	11	0.23	46.35	16	0.17
chr17	41149523	G	GGCAGCAGCTGGGGCA	0	70.0	0	0.0	70.0	1	0.22	68.33	1	0.15	65.0	1	0.12	67.0	2	0.19	65.5	2	0.1	65.2	10	0.2	53.2	12	0.18	47.2	23	0.21
chr17	41227069	ACTGCTGCCAGCC	A	0	65.0	0	0.0	60.0	0	0.0	66.67	1	0.16	63.75	1	0.13	65.0	2	0.2	62.0	2	0.11	56.0	3	0.08	53.0	7	0.11	45.7	14	0.14
chr17	41238457	AGACCACCTGCTGCAG	A	0	60.0	0	0.0	70.0	1	0.21	66.67	1	0.16	66.25	1	0.13	65.0	1	0.1	61.0	3	0.17	54.6	3	0.08	51.7	7	0.11	45.85	11	0.11
chr17	41302320	TGTACAGATGGTTG	T	0	45.0	0	0.0	50.0	0	0.0	48.33	0	0.0	50.0	1	0.21	51.0	2	0.33	51.0	2	0.16	51.6	5	0.16	52.0	11	0.17	50.0	23	0.19
chr17	41315499	TGCCCCCGCAGCCAGA	T	0	80.0	2	0.73	70.0	3	0.64	70.0	4	0.61	72.5	5	0.54	70.0	5	0.47	69.0	9	0.43	65.0	23	0.44	55.2	31	0.41	52.25	51	0.37
chr17	41486404	TGGA	T	0	65.0	1	0.48	65.0	2	0.48	60.0	3	0.56	61.25	4	0.53	62.0	5	0.53	65.0	6	0.29	55.8	15	0.4	54.7	29	0.39	57.95	56	0.33
chr17	42126630	CA	C	0	30.0	0	0.0	27.5	1	1.33	33.33	1	0.6	37.5	1	0.36	44.0	4	0.83	52.5	6	0.45	52.8	16	0.48	51.6	23	0.35	48.85	38	0.32
chr17	42184481	GGCA	G	0	80.0	3	0.95	72.5	5	0.95	71.67	7	0.91	75.0	9	0.8	73.0	10	0.75	71.0	21	0.84	70.0	44	0.72	65.7	70	0.65	59.25	93	0.53
chr17	42478927	T	TA	0	40.0	0	0.0	32.5	0	0.0	36.67	0	0.0	42.5	0	0.0	43.0	3	0.68	42.5	5	0.56	41.4	8	0.37	43.3	18	0.38	41.55	25	0.29
chr17	44903870	G	GAGT	0	75.0	0	0.0	57.5	0	0.0	60.0	0	0.0	53.75	0	0.0	54.0	0	0.0	55.5	1	0.07	54.2	8	0.22	56.0	22	0.28	54.8	43	0.29
chr17	45115180	T	TC	0	75.0	1	0.4	77.5	4	0.87	71.67	4	0.68	73.75	5	0.54	72.0	6	0.53	68.0	10	0.44	66.2	20	0.39	64.1	33	0.33	59.7	57	0.33
chr17	45115182	C	CT	0	80.0	2	0.73	77.5	3	0.65	71.67	4	0.65	73.75	5	0.53	73.0	6	0.52	68.0	10	0.44	66.2	20	0.39	64.0	33	0.33	59.7	57	0.33
chr17	45242066	T	TCCG	0	90.0	3	0.75	87.5	8	1.05	85.0	11	1.11	85.0	14	1.06	83.0	14	0.93	77.5	23	0.8	76.2	40	0.58	70.3	64	0.52	66.05	102	0.47
chr17	45242066	TCCG	T	0	90.0	3	0.75	87.5	8	1.05	85.0	11	1.11	85.0	14	1.06	83.0	14	0.93	77.5	23	0.8	76.2	40	0.58	70.3	64	0.52	66.05	102	0.47
chr17	46297273	CTCAAGCCACCGT	C	0	50.0	0	0.0	55.0	1	0.42	56.67	1	0.22	55.0	1	0.18	51.0	1	0.17	52.0	2	0.17	52.2	7	0.22	50.4	12	0.2	49.75	24	0.2
chr17	47157039	CA	C	0	35.0	0	0.0	35.0	0	0.0	41.67	0	0.0	41.25	0	0.0	38.0	0	0.0	34.5	1	0.17	34.2	2	0.14	38.8	6	0.16	39.2	23	0.3
chr17	48037705	C	CG	0	95.0	3	0.67	90.0	6	0.74	90.0	10	0.83	88.75	12	0.79	86.0	16	0.89	82.0	29	0.91	77.2	63	0.92	70.0	87	0.75	61.5	103	0.56
chr17	48037718	T	TGG	0	95.0	2	0.45	95.0	7	0.78	90.0	9	0.74	87.5	12	0.79	87.0	15	0.8	84.0	32	0.96	77.0	61	0.9	69.9	85	0.74	61.35	103	0.56
chr17	48037758	A	AG	0	80.0	3	0.95	80.0	5	0.78	81.67	8	0.82	81.25	12	0.94	83.0	15	0.89	86.0	35	1.0	76.0	57	0.88	69.1	82	0.73	60.9	103	0.57
chr17	48804923	GCTTTCCAAAGTCGGGCA	G	0	55.0	0	0.0	55.0	2	0.68	56.67	2	0.45	57.5	2	0.32	57.0	2	0.25	57.0	6	0.37	54.4	12	0.33	48.7	17	0.29	47.6	32	0.28
chr17	48937288	CT	C	0	55.0	1	0.67	52.5	2	0.73	53.33	3	0.71	56.25	3	0.47	52.0	3	0.44	50.5	6	0.47	47.8	16	0.57	48.1	26	0.45	43.45	43	0.46
chr17	49225026	CAGG	C	0	70.0	0	0.0	70.0	0	0.0	71.67	2	0.34	75.0	5	0.55	77.0	8	0.62	70.5	20	0.86	66.2	44	0.81	62.9	70	0.71	62.3	116	0.61
chr17	49225719	CAGG	C	0	65.0	1	0.56	65.0	2	0.56	61.67	2	0.42	63.75	2	0.28	65.0	4	0.41	59.5	4	0.23	57.8	5	0.13	57.0	10	0.13	58.2	62	0.37
chr17	50150016	G	GC	0	95.0	5	1.19	80.0	7	1.17	83.33	11	1.1	82.5	13	0.98	77.0	16	1.1	76.0	31	1.08	74.4	71	1.03	74.5	131	0.94	72.0	225	0.87
chr17	50150017	C	CG	0	90.0	5	1.39	82.5	7	1.11	81.67	11	1.16	82.5	13	0.98	78.0	16	1.07	75.5	31	1.09	74.4	71	1.03	74.4	131	0.95	72.0	226	0.87
chr17	50150018	G	GGC	0	85.0	5	1.52	80.0	7	1.21	81.67	11	1.16	82.5	14	1.04	78.0	16	1.08	75.5	31	1.09	74.4	71	1.03	74.5	131	0.94	72.05	226	0.87
chr17	50375616	A	AAGC	0	45.0	0	0.0	47.5	0	0.0	41.67	0	0.0	42.5	0	0.0	42.0	0	0.0	46.5	0	0.0	48.8	3	0.1	48.1	4	0.07	46.25	15	0.14
chr17	50515981	TTTTTG	T	0	20.0	0	0.0	37.5	2	1.43	40.0	2	0.84	41.25	2	0.59	41.0	2	0.48	48.5	3	0.26	47.4	8	0.29	49.8	9	0.15	48.05	19	0.17
chr17	50699858	G	GTCA	0	55.0	0	0.0	47.5	0	0.0	45.0	0	0.0	45.0	0	0.0	42.0	0	0.0	41.0	0	0.0	43.8	1	0.04	47.6	14	0.25	45.0	27	0.27
chr17	50723951	TC	T	0	40.0	0	0.0	40.0	0	0.0	48.33	2	0.59	50.0	3	0.6	51.0	3	0.46	46.5	5	0.47	45.0	11	0.44	42.8	15	0.33	39.9	22	0.28
chr17	57979224	A	ATGT	0	45.0	0	0.0	47.5	0	0.0	46.67	0	0.0	50.0	0	0.0	52.0	0	0.0	47.0	0	0.0	39.8	1	0.05	35.7	2	0.06	37.55	16	0.23
chr17	58309245	G	GTCCTCCTCT	0	65.0	1	1.67	60.0	1	0.91	61.67	2	0.75	58.75	3	0.57	61.0	4	0.48	61.0	5	0.28	61.6	16	0.34	62.3	33	0.34	62.3	55	0.28
chr17	58756095	G	GGAACCC	0	75.0	3	1.07	80.0	8	1.25	76.67	12	1.36	73.75	16	1.47	73.0	17	1.28	67.0	25	1.11	70.4	54	0.88	70.0	111	0.91	60.7	150	0.82
chr17	59891036	AC	A	0	35.0	0	0.0	32.5	1	1.0	35.0	2	1.15	37.5	2	0.74	35.0	2	0.7	33.0	2	0.4	44.6	8	0.33	43.8	13	0.27	45.45	30	0.29
chr17	61388629	G	GA	0	15.0	0	0.0	25.0	0	0.0	33.33	0	0.0	38.75	2	0.67	38.0	2	0.58	43.0	6	0.66	55.4	15	0.4	56.0	21	0.27	56.85	37	0.23
chr17	63477131	T	TGCTGCC	0	85.0	2	0.56	85.0	5	0.69	81.67	7	0.7	81.25	10	0.76	83.0	14	0.81	76.5	25	0.86	77.2	62	0.83	76.3	119	0.82	69.9	164	0.67
chr17	63497004	CT	C	0	70.0	0	0.0	65.0	2	0.6	70.0	4	0.81	66.25	4	0.54	69.0	6	0.56	70.0	11	0.47	67.8	27	0.48	67.1	41	0.37	64.75	64	0.31
chr17	63583525	GC	G	0	70.0	2	0.89	57.5	2	0.71	56.67	2	0.43	53.75	2	0.36	56.0	3	0.41	51.5	7	0.54	50.8	10	0.31	49.6	15	0.25	48.65	40	0.34
chr17	68523715	C	CT	0	40.0	0	0.0	32.5	0	0.0	31.67	0	0.0	32.5	0	0.0	36.0	2	0.62	35.5	3	0.49	35.8	3	0.19	37.2	10	0.29	36.3	21	0.32
chr17	69149048	TGA	T	0	60.0	0	0.0	57.5	0	0.0	50.0	0	0.0	51.25	1	0.19	50.0	1	0.16	43.5	1	0.11	36.8	2	0.12	34.6	5	0.17	34.95	15	0.25
chr17	69154323	C	CACCTGGAA	0	45.0	0	0.0	42.5	0	0.0	41.67	0	0.0	37.5	0	0.0	37.0	0	0.0	37.0	0	0.0	35.6	2	0.13	40.7	7	0.17	38.1	15	0.21
chr17	69193975	AAT	A	0	30.0	0	0.0	32.5	0	0.0	28.33	0	0.0	28.75	0	0.0	30.0	0	0.0	29.5	0	0.0	29.6	1	0.09	30.3	2	0.09	32.55	7	0.13
chr17	69194394	AACAG	A	0	40.0	0	0.0	37.5	0	0.0	31.67	0	0.0	33.75	0	0.0	36.0	0	0.0	32.0	0	0.0	29.2	1	0.09	29.7	2	0.09	31.0	9	0.19
chr17	72040337	C	CG	0	70.0	1	0.61	60.0	1	0.42	53.33	1	0.38	50.0	1	0.35	48.0	1	0.23	49.5	2	0.17	42.2	3	0.14	42.1	7	0.16	39.35	14	0.18
chr17	74215705	GT	G	0	50.0	0	0.0	42.5	0	0.0	48.33	0	0.0	51.25	1	0.19	54.0	1	0.14	56.5	6	0.38	58.8	12	0.28	57.0	14	0.17	57.35	29	0.18
chr17	74251937	G	GGTCTGAACC	0	70.0	1	0.5	65.0	1	0.26	65.0	1	0.19	62.5	1	0.15	63.0	2	0.25	57.5	2	0.14	58.2	11	0.27	58.1	19	0.24	56.4	40	0.25
chr17	74367717	GC	G	0	50.0	1	0.95	57.5	1	0.31	60.0	2	0.37	58.75	2	0.29	61.0	2	0.22	57.0	3	0.19	52.2	6	0.18	53.2	13	0.18	55.8	29	0.19
chr17	74772557	G	GA	0	45.0	0	0.0	57.5	0	0.0	53.33	0	0.0	51.25	0	0.0	52.0	0	0.0	51.5	0	0.0	53.2	4	0.11	56.4	21	0.27	56.15	32	0.2
chr17	74842990	A	AGCTCCGGGG	0	75.0	1	0.36	72.5	4	0.77	73.33	6	0.77	76.25	9	0.8	76.0	12	0.85	76.5	26	0.91	78.0	70	0.93	75.4	106	0.75	66.15	128	0.59
chr17	75234840	TTA	T	0	45.0	0	0.0	47.5	0	0.0	46.67	2	0.62	48.75	2	0.42	48.0	3	0.53	52.5	7	0.51	52.2	22	0.65	50.0	27	0.43	48.55	46	0.39
chr17	75238541	G	GT	0	45.0	0	0.0	45.0	0	0.0	43.33	0	0.0	48.75	0	0.0	55.0	1	0.13	57.0	3	0.19	57.2	8	0.2	57.0	16	0.2	58.7	42	0.24
chr17	75517100	CGCCCTCCCT	C	0	85.0	2	0.57	82.5	4	0.6	81.67	6	0.61	75.0	7	0.64	71.0	8	0.64	68.5	10	0.43	66.0	32	0.6	66.9	73	0.66	64.45	132	0.64
chr17	76077365	TGTCCTGGCCC	T	0	70.0	1	0.44	70.0	2	0.44	70.0	4	0.58	72.5	5	0.5	71.0	6	0.49	67.5	17	0.75	63.8	39	0.77	62.6	80	0.82	61.1	133	0.71
chr17	76292482	CTGA	C	0	50.0	1	0.95	57.5	2	0.61	56.67	2	0.42	56.25	4	0.65	56.0	4	0.52	54.0	4	0.28	53.8	10	0.29	55.1	19	0.26	52.2	32	0.24
chr17	78223702	T	TAA	0	40.0	0	0.0	37.5	0	0.0	36.67	0	0.0	41.25	0	0.0	44.0	1	0.21	49.5	1	0.08	51.4	9	0.28	47.7	11	0.2	49.1	31	0.26
chr17	78223773	TTC	T	0	55.0	0	0.0	52.5	0	0.0	56.67	1	0.21	53.75	1	0.17	51.0	1	0.15	48.5	2	0.17	53.2	6	0.17	47.3	10	0.18	49.85	33	0.27
chr17	78802465	TTTTTTC	T	0	30.0	0	0.0	37.5	1	0.91	41.67	1	0.44	46.25	1	0.28	46.0	1	0.21	53.5	2	0.14	61.6	24	0.52	60.3	46	0.54	56.45	62	0.4
chr17	79834117	T	TGCCGCC	0	85.0	3	0.83	82.5	7	1.05	80.0	11	1.16	78.75	13	1.06	76.0	15	1.05	68.5	24	1.02	69.4	52	0.86	68.8	93	0.8	60.0	140	0.78
chr17	79834440	C	CGTG	0	75.0	3	1.2	67.5	3	1.09	66.67	5	1.17	67.5	6	1.01	69.0	8	1.04	70.5	20	0.94	70.0	42	0.71	66.7	91	0.82	64.15	152	0.74
chr17	79834440	CGTG	C	0	75.0	3	1.2	67.5	3	1.09	66.67	5	1.17	67.5	6	1.01	69.0	8	1.04	70.5	20	0.94	70.0	42	0.71	66.7	91	0.82	64.15	152	0.74
chr17	80090345	A	ACAC	0	65.0	3	1.5	72.5	7	1.35	70.0	11	1.5	66.25	12	1.37	66.0	14	1.29	63.0	26	1.31	55.8	47	1.23	55.4	60	0.78	50.4	73	0.58
chr17	81119469	C	CGGGCGT	0	75.0	3	1.67	77.5	7	1.41	80.0	11	1.33	81.25	15	1.33	78.0	16	1.26	71.5	27	1.1	74.4	55	0.79	72.3	84	0.64	69.55	139	0.57
chr17	81245699	AATG	A	0	50.0	0	0.0	57.5	0	0.0	61.67	1	0.18	63.75	3	0.37	65.0	4	0.38	68.0	11	0.48	68.6	25	0.42	65.3	46	0.43	62.5	80	0.41
chr17	81647905	TTAAC	T	0	40.0	0	0.0	60.0	2	0.59	60.0	3	0.56	62.5	4	0.53	67.0	6	0.56	64.5	13	0.63	65.6	39	0.73	66.9	79	0.71	63.5	122	0.61
chr17	81653316	CG	C	0	65.0	1	0.56	65.0	3	0.71	63.33	4	0.68	63.75	4	0.49	65.0	6	0.57	66.5	8	0.36	65.8	18	0.34	63.7	35	0.36	60.3	76	0.43
chr17	82037613	C	CTT	0	65.0	1	0.91	77.5	5	1.19	76.67	6	0.94	76.25	8	0.86	75.0	10	0.8	75.0	24	0.89	73.4	59	0.88	66.6	99	0.89	62.8	147	0.75
chr17	82256750	AT	A	0	30.0	0	0.0	32.5	1	1.33	38.33	1	0.67	40.0	2	0.77	40.0	2	0.55	46.0	6	0.61	39.8	12	0.61	45.6	21	0.4	46.15	39	0.37
chr17	82519934	CGGGCGGCGGGGCCGG	C	0	90.0	5	1.25	95.0	9	1.04	93.33	13	1.03	95.0	19	1.12	93.0	21	1.0	87.5	40	1.06	82.4	91	1.07	79.4	167	1.06	68.6	242	1.03
chr18	49122	T	TCTCAC	0	75.0	3	1.11	75.0	5	1.0	73.33	6	0.83	71.25	9	0.97	72.0	10	0.85	70.0	18	0.79	69.0	35	0.59	67.2	66	0.59	60.05	99	0.55
chr18	3452223	CT	C	0	80.0	1	0.71	80.0	4	0.69	78.33	6	0.75	78.75	8	0.74	78.0	9	0.68	76.0	20	0.74	69.0	42	0.71	64.5	72	0.69	57.75	108	0.65
chr18	3456680	GAC	G	0	50.0	0	0.0	37.5	0	0.0	35.0	0	0.0	36.25	0	0.0	34.0	0	0.0	34.5	1	0.17	40.0	6	0.3	40.4	10	0.25	42.0	28	0.32
chr18	5891373	GGCGGCGGCGGCC	G	0	75.0	4	1.6	82.5	9	1.49	88.33	16	1.45	90.0	19	1.22	84.0	21	1.26	74.5	31	1.16	71.0	65	1.05	72.2	116	0.9	69.6	189	0.78
chr18	9104205	G	GC	0	50.0	0	0.0	47.5	1	0.45	46.67	1	0.35	43.75	1	0.28	43.0	1	0.24	46.0	3	0.32	42.2	5	0.27	39.9	8	0.21	38.35	19	0.26
chr18	11689669	C	CGGCCCT	0	95.0	3	0.71	87.5	6	0.87	86.67	9	0.81	83.75	12	0.86	84.0	15	0.86	78.0	25	0.82	76.0	64	0.89	73.4	122	0.91	60.75	154	0.84
chr18	21520796	A	ATCT	0	40.0	0	0.0	30.0	0	0.0	31.67	0	0.0	32.5	0	0.0	32.0	0	0.0	37.5	0	0.0	41.0	7	0.33	42.1	17	0.38	44.0	33	0.34
chr18	22172110	TACC	T	0	60.0	2	1.14	72.5	5	1.05	71.67	7	1.03	68.75	9	1.08	71.0	12	1.11	75.0	26	0.94	77.4	69	0.92	72.3	116	0.89	67.4	182	0.8
chr18	23136049	GGGCGCCGGC	G	0	90.0	4	1.0	90.0	8	1.02	86.67	13	1.24	82.5	15	1.21	81.0	18	1.15	79.0	34	1.09	80.2	82	1.02	78.2	155	1.02	73.25	256	0.96
chr18	26548257	TTCC	T	0	55.0	0	0.0	65.0	1	0.58	66.67	2	0.59	70.0	2	0.32	70.0	5	0.61	66.0	11	0.66	75.0	62	0.92	69.7	107	0.88	68.1	208	0.9
chr18	26548296	GTCC	G	0	75.0	1	1.43	72.5	2	1.03	70.0	4	1.3	66.25	4	1.13	65.0	5	0.99	68.5	13	0.77	73.6	60	0.94	69.1	104	0.87	68.6	209	0.89
chr18	32772093	GCGCCGGCC	G	0	90.0	5	1.39	85.0	8	1.21	83.33	10	1.02	83.75	12	0.86	81.0	14	0.87	74.5	25	0.9	70.2	47	0.8	64.8	71	0.69	58.6	108	0.63
chr18	33745913	T	TCC	0	85.0	2	1.33	80.0	4	1.43	68.33	4	0.83	67.5	5	0.85	67.0	5	0.76	59.0	6	0.44	52.6	8	0.24	49.9	16	0.26	48.55	32	0.27
chr18	36718363	T	TCC	0	80.0	0	0.0	80.0	0	0.0	70.0	0	0.0	70.0	1	0.11	68.0	2	0.19	60.5	2	0.11	56.2	10	0.26	52.1	17	0.25	49.2	25	0.21
chr18	36718378	CACCTTTCTGGGTTTGCCG	C	0	65.0	0	0.0	70.0	1	0.3	75.0	1	0.17	75.0	2	0.23	72.0	2	0.17	61.5	2	0.11	56.4	10	0.25	52.3	17	0.25	49.2	25	0.21
chr18	44876704	C	CTCTT	0	60.0	1	1.0	52.5	2	1.18	53.33	2	0.58	56.25	3	0.58	52.0	3	0.5	52.0	5	0.4	47.0	5	0.18	47.3	9	0.16	42.35	18	0.2
chr18	46099311	CT	C	0	40.0	0	0.0	37.5	0	0.0	33.33	0	0.0	35.0	0	0.0	35.0	0	0.0	37.5	0	0.0	38.8	5	0.27	43.7	18	0.38	47.05	51	0.46
chr18	46253734	T	TCTG	0	50.0	0	0.0	50.0	1	0.42	48.33	1	0.29	42.5	1	0.28	45.0	2	0.4	41.0	2	0.24	36.2	2	0.12	35.8	6	0.19	35.95	11	0.17
chr18	46560315	CTCT	C	0	60.0	1	1.0	52.5	2	1.48	60.0	3	0.8	60.0	4	0.84	58.0	5	0.74	59.0	8	0.62	63.4	31	0.7	60.9	39	0.46	56.35	61	0.41
chr18	46963134	T	TGC	0	75.0	3	1.11	67.5	5	1.11	63.33	8	1.33	66.25	11	1.26	61.0	12	1.29	56.5	15	0.94	61.6	43	0.91	60.8	75	0.81	60.0	132	0.73
chr18	46969060	C	CAG	0	70.0	3	1.33	70.0	6	1.25	63.33	8	1.33	65.0	11	1.31	62.0	12	1.25	57.0	15	0.92	61.4	43	0.92	60.7	74	0.8	55.2	121	0.79
chr18	46969061	T	TGC	0	75.0	3	1.11	67.5	5	1.11	63.33	8	1.33	66.25	11	1.26	61.0	12	1.29	56.5	15	0.94	61.4	43	0.91	60.7	75	0.81	55.15	121	0.8
chr18	47023092	GCATCCAGGCCTCT	G	0	60.0	0	0.0	60.0	1	0.28	60.0	2	0.37	60.0	3	0.42	61.0	3	0.33	64.5	13	0.63	66.6	37	0.67	65.0	79	0.75	64.05	157	0.77
chr18	47098220	C	CAA	0	35.0	1	2.0	37.5	2	1.43	43.33	2	0.73	46.25	2	0.48	45.0	2	0.4	36.0	2	0.31	38.4	5	0.28	41.2	10	0.24	40.1	15	0.19
chr18	47098220	CA	C	0	35.0	1	2.0	37.5	2	1.43	43.33	2	0.73	46.25	2	0.48	45.0	2	0.4	36.0	2	0.31	38.4	5	0.28	41.2	10	0.24	40.1	15	0.19
chr18	47098220	CAA	C	0	35.0	1	2.0	37.5	2	1.43	43.33	2	0.73	46.25	2	0.48	45.0	2	0.4	36.0	2	0.31	38.4	5	0.28	41.2	10	0.24	40.1	15	0.19
chr18	47098282	GGAA	G	0	40.0	0	0.0	32.5	0	0.0	38.33	0	0.0	37.5	0	0.0	40.0	0	0.0	44.5	3	0.3	40.2	8	0.4	41.9	10	0.23	40.7	17	0.21
chr18	49879054	T	TGAG	0	25.0	0	0.0	42.5	0	0.0	50.0	2	0.56	47.5	2	0.45	47.0	2	0.38	45.5	5	0.49	48.2	9	0.31	48.0	12	0.21	45.5	22	0.21
chr18	51196774	CGCCGCCGCG	C	0	95.0	5	1.43	87.5	9	1.36	81.67	11	1.29	78.75	12	1.06	79.0	15	1.03	77.0	26	0.89	74.0	54	0.82	73.6	116	0.87	67.25	186	0.82
chr18	54224213	T	TGCC	0	90.0	4	1.11	92.5	8	0.95	91.67	14	1.14	86.25	16	1.09	86.0	20	1.11	86.5	35	0.98	79.2	66	0.89	74.3	112	0.88	60.5	134	0.76
chr18	54269586	GCGA	G	0	80.0	5	1.82	70.0	7	1.75	75.0	9	1.24	71.25	9	1.1	72.0	12	1.12	72.5	23	0.97	69.4	50	0.84	61.5	73	0.78	52.95	90	0.64
chr18	58536019	AAAG	A	0	30.0	0	0.0	45.0	0	0.0	40.0	0	0.0	41.25	0	0.0	42.0	0	0.0	45.0	1	0.1	48.2	9	0.31	48.2	15	0.26	49.4	32	0.26
chr18	58537154	ACAGTTGATGTGTCCT	A	0	40.0	0	0.0	50.0	1	0.44	53.33	1	0.25	52.5	2	0.38	49.0	2	0.34	49.0	3	0.25	50.0	4	0.13	48.8	9	0.15	49.4	24	0.2
chr18	59230434	TGAAG	T	0	50.0	1	0.95	57.5	1	0.31	55.0	1	0.22	46.25	1	0.23	45.0	1	0.2	43.0	2	0.22	41.0	7	0.33	41.3	11	0.26	40.75	21	0.25
chr18	62275512	A	ATT	0	10.0	0	0.0	22.5	1	2.22	31.67	1	0.71	28.75	1	0.67	29.0	1	0.56	34.0	2	0.38	30.6	3	0.26	34.8	10	0.33	35.15	15	0.24
chr18	62275512	AT	A	0	10.0	0	0.0	22.5	1	2.22	31.67	1	0.71	28.75	1	0.67	29.0	1	0.56	34.0	2	0.38	30.6	3	0.26	34.8	10	0.33	35.15	15	0.24
chr18	68691276	TAA	T	0	20.0	0	0.0	25.0	0	0.0	21.67	0	0.0	22.5	0	0.0	25.0	0	0.0	30.0	0	0.0	28.0	1	0.11	32.2	4	0.16	34.2	12	0.21
chr18	70196613	T	TCTC	0	45.0	0	0.0	50.0	1	0.42	48.33	2	0.59	51.25	2	0.38	50.0	2	0.32	43.5	4	0.42	36.8	6	0.36	35.9	9	0.28	36.45	19	0.29
chr18	74556355	G	GTGCTGC	0	70.0	0	0.0	70.0	1	0.21	66.67	3	0.45	63.75	3	0.38	63.0	5	0.54	56.0	8	0.52	45.0	11	0.44	46.5	18	0.33	50.9	31	0.24
chr18	76379001	CG	C	0	75.0	2	1.54	67.5	2	0.45	73.33	5	0.63	72.5	6	0.57	74.0	10	0.73	65.5	13	0.61	66.0	24	0.44	67.0	54	0.48	58.25	95	0.56
chr18	76496528	CG	C	0	75.0	2	1.11	65.0	3	0.75	60.0	4	0.83	62.5	5	0.74	64.0	7	0.8	63.5	14	0.75	58.6	35	0.82	53.9	59	0.82	51.0	96	0.74
chr18	79715186	T	TGGA	0	65.0	0	0.0	62.5	0	0.0	63.33	2	0.4	65.0	3	0.43	61.0	4	0.48	61.0	10	0.56	64.2	34	0.68	63.5	63	0.63	57.35	105	0.64
chr18	79863690	G	GGGC	0	90.0	3	0.75	85.0	5	0.69	85.0	9	0.83	78.75	12	0.97	78.0	14	0.93	76.5	29	0.99	74.6	72	1.04	72.6	136	1.03	65.9	187	0.87
chr18	80147459	G	GCTGTGGTGC	0	70.0	1	0.42	57.5	3	1.0	60.0	5	1.0	55.0	7	1.22	54.0	8	1.15	54.5	15	1.01	59.2	38	0.87	51.0	50	0.77	48.3	72	0.62
chr18	80168911	T	TACAAATAAC	0	10.0	0	0.0	25.0	0	0.0	28.33	0	0.0	30.0	0	0.0	30.0	1	0.48	39.5	3	0.39	48.0	11	0.38	47.5	21	0.37	50.2	51	0.41
chr19	464139	C	CGGGG	0	100.0	3	1.18	85.0	4	0.63	75.0	5	0.65	77.5	6	0.53	73.0	7	0.56	68.5	11	0.52	70.0	31	0.54	67.3	41	0.36	61.15	64	0.35
chr19	464139	CG	C	0	100.0	3	1.18	85.0	4	0.63	75.0	5	0.65	77.5	6	0.53	73.0	7	0.56	68.5	11	0.52	70.0	31	0.54	67.3	41	0.36	61.15	64	0.35
chr19	932465	TGAG	T	0	65.0	1	0.91	65.0	1	0.58	60.0	2	0.94	57.5	2	0.95	60.0	2	0.44	66.0	5	0.24	68.0	27	0.47	64.7	51	0.49	63.85	98	0.5
chr19	971948	G	GGCA	0	90.0	4	1.04	75.0	6	1.15	76.67	8	0.94	72.5	9	0.86	74.0	12	0.88	66.5	15	0.68	63.2	25	0.5	54.0	37	0.51	49.45	53	0.43
chr19	1004896	G	GCGTT	0	75.0	3	1.07	77.5	6	1.05	73.33	8	1.01	72.5	10	0.98	69.0	11	0.95	68.0	19	0.82	69.0	42	0.71	67.4	80	0.71	62.6	114	0.58
chr19	1009185	GAGC	G	0	75.0	1	0.37	75.0	2	0.36	75.0	4	0.47	71.25	6	0.6	74.0	8	0.58	74.0	22	0.8	75.8	55	0.77	72.5	102	0.78	68.4	152	0.65
chr19	1066625	AGACGGACAGGGCCC	A	0	70.0	2	0.83	72.5	4	0.77	68.33	5	0.75	65.0	5	0.61	65.0	6	0.58	63.0	9	0.45	65.8	20	0.37	66.8	56	0.52	67.5	122	0.54
chr19	1434835	G	GC	0	90.0	2	0.5	87.5	5	0.65	80.0	7	0.73	77.5	8	0.67	74.0	9	0.66	70.5	19	0.77	67.6	39	0.68	55.4	51	0.66	58.6	104	0.61
chr19	1474932	TG	T	0	80.0	1	0.32	62.5	2	0.51	70.0	3	0.41	70.0	5	0.51	69.0	6	0.5	68.0	11	0.48	66.6	25	0.45	65.0	43	0.41	62.35	77	0.4
chr19	1535193	GCCC	G	0	85.0	2	0.67	80.0	5	0.83	73.33	6	0.86	73.75	8	0.9	72.0	8	0.69	67.0	9	0.4	63.2	14	0.28	59.9	27	0.3	56.75	59	0.37
chr19	1799763	C	CA	0	35.0	0	0.0	30.0	0	0.0	45.0	0	0.0	46.25	0	0.0	47.0	0	0.0	54.0	4	0.28	57.2	19	0.47	57.7	48	0.58	54.75	77	0.52
chr19	1799763	CA	C	0	35.0	0	0.0	30.0	0	0.0	45.0	0	0.0	46.25	0	0.0	47.0	0	0.0	54.0	4	0.28	57.2	19	0.47	57.7	48	0.58	54.75	77	0.52
chr19	1799763	CAA	C	0	35.0	0	0.0	30.0	0	0.0	45.0	0	0.0	46.25	0	0.0	47.0	0	0.0	54.0	4	0.28	57.2	19	0.47	57.7	48	0.58	54.75	77	0.52
chr19	1825927	TCTC	T	0	50.0	0	0.0	55.0	0	0.0	55.0	1	0.24	56.25	3	0.49	59.0	4	0.47	60.0	7	0.41	60.4	13	0.29	58.4	21	0.25	58.7	59	0.34
chr19	1827020	T	TGGA	0	75.0	2	1.11	72.5	3	0.63	66.67	3	0.54	72.5	5	0.56	73.0	6	0.5	70.5	13	0.54	69.6	35	0.58	69.3	65	0.54	67.95	102	0.45
chr19	1827020	TGGA	T	0	75.0	2	1.11	72.5	3	0.63	66.67	3	0.54	72.5	5	0.56	73.0	6	0.5	70.5	13	0.54	69.6	35	0.58	69.3	65	0.54	67.95	102	0.45
chr19	1991914	G	GT	0	30.0	0	0.0	27.5	0	0.0	33.33	0	0.0	40.0	2	0.65	45.0	2	0.4	54.0	4	0.28	58.0	17	0.41	57.0	27	0.33	58.2	66	0.39
chr19	2833198	T	TA	0	60.0	1	0.74	57.5	1	0.3	58.33	1	0.2	56.25	2	0.33	51.0	3	0.48	49.0	4	0.35	47.6	6	0.22	46.9	10	0.19	46.45	22	0.21
chr19	2833207	C	CGCCGTA	0	55.0	1	0.67	57.5	1	0.31	60.0	1	0.19	56.25	2	0.32	56.0	3	0.4	48.0	4	0.36	47.4	6	0.22	47.0	10	0.19	46.45	22	0.21
chr19	2833222	ACCTCCC	A	0	65.0	0	0.0	60.0	2	0.67	56.67	2	0.44	56.25	2	0.34	56.0	2	0.26	47.5	4	0.36	47.4	6	0.22	47.5	10	0.19	46.45	22	0.21
chr19	3054102	CAGGT	C	0	85.0	1	0.38	70.0	2	0.7	66.67	3	0.51	63.75	4	0.54	65.0	5	0.47	66.0	6	0.28	66.4	20	0.37	60.5	34	0.37	58.6	53	0.31
chr19	3613227	G	GCCTCGC	0	75.0	2	0.91	72.5	4	0.95	70.0	5	0.83	72.5	9	1.0	71.0	12	1.06	74.5	28	1.04	75.2	56	0.8	70.3	87	0.71	67.65	148	0.65
chr19	4343628	C	CGGGGCGCGGGGCTGCA	0	95.0	5	1.43	90.0	6	0.87	88.33	10	0.98	85.0	12	0.93	85.0	15	0.96	81.0	29	0.92	77.6	70	0.95	71.7	102	0.79	66.0	148	0.69
chr19	4343855	AGGC	A	0	80.0	3	1.25	82.5	7	1.16	86.67	11	1.24	85.0	14	1.2	87.0	17	1.1	78.5	32	1.13	76.2	62	0.89	72.5	103	0.8	63.8	141	0.7
chr19	4499634	AAGCTGGCCGGGGAGG	A	0	70.0	1	0.44	67.5	2	0.63	70.0	3	0.61	67.5	3	0.41	67.0	4	0.45	67.0	12	0.59	63.0	24	0.5	61.4	43	0.47	60.65	70	0.38
chr19	4817275	A	AAGG	0	50.0	0	0.0	55.0	0	0.0	58.33	0	0.0	60.0	0	0.0	59.0	0	0.0	52.0	2	0.26	59.8	19	0.47	62.2	38	0.42	64.25	82	0.41
chr19	5772213	A	AT	0	30.0	1	2.22	27.5	1	1.43	26.67	1	0.95	31.25	1	0.52	38.0	2	0.56	49.5	6	0.5	49.0	16	0.56	52.1	35	0.54	54.2	63	0.44
chr19	5772213	ATTTTTTTTTTTT	A	0	30.0	1	2.22	27.5	1	1.43	26.67	1	0.95	31.25	1	0.52	38.0	2	0.56	49.5	6	0.5	49.0	16	0.56	52.1	35	0.54	54.2	63	0.44
chr19	5772213	ATTTTTTTTTTTTT	A	0	30.0	1	2.22	27.5	1	1.43	26.67	1	0.95	31.25	1	0.52	38.0	2	0.56	49.5	6	0.5	49.0	16	0.56	52.1	35	0.54	54.2	63	0.44
chr19	7011864	GT	G	0	65.0	1	0.5	52.5	1	0.37	56.67	1	0.21	58.75	3	0.44	62.0	3	0.31	55.5	3	0.2	56.6	9	0.22	54.8	18	0.24	50.7	46	0.36
chr19	7873419	A	AG	0	65.0	1	0.56	60.0	1	0.37	65.0	2	0.34	65.0	4	0.54	67.0	6	0.64	66.5	12	0.58	69.2	30	0.53	63.8	51	0.5	68.65	143	0.61
chr19	7873421	G	GC	0	65.0	1	0.67	62.5	1	0.29	65.0	3	0.5	65.0	5	0.65	67.0	6	0.62	66.5	12	0.58	69.0	30	0.53	63.8	51	0.5	68.75	144	0.61
chr19	7935166	C	CTT	0	40.0	1	1.25	30.0	1	1.14	31.67	2	1.43	36.25	3	1.18	45.0	7	1.4	52.0	13	0.98	57.4	24	0.6	58.6	43	0.51	59.45	81	0.46
chr19	7935166	CT	C	0	40.0	1	1.25	30.0	1	1.14	31.67	2	1.43	36.25	3	1.18	45.0	7	1.4	52.0	13	0.98	57.4	24	0.6	58.6	43	0.51	59.45	81	0.46
chr19	7935166	CTT	C	0	40.0	1	1.25	30.0	1	1.14	31.67	2	1.43	36.25	3	1.18	45.0	7	1.4	52.0	13	0.98	57.4	24	0.6	58.6	43	0.51	59.45	81	0.46
chr19	8305714	G	GA	0	20.0	0	0.0	37.5	1	0.71	45.0	4	1.33	51.25	5	0.96	53.0	6	0.85	51.5	9	0.68	54.2	20	0.55	55.4	27	0.35	58.45	56	0.33
chr19	8325007	GTCC	G	0	60.0	0	0.0	60.0	0	0.0	56.67	0	0.0	56.25	0	0.0	59.0	0	0.0	63.0	7	0.35	62.2	17	0.35	58.3	29	0.34	54.7	40	0.27
chr19	8334064	CTCGCTGTCGCCA	C	0	70.0	3	1.33	75.0	7	1.25	71.67	9	1.17	73.75	12	1.11	72.0	13	1.01	72.0	20	0.77	67.4	35	0.62	67.5	77	0.68	69.25	171	0.71
chr19	9115482	TAA	T	0	50.0	0	0.0	47.5	0	0.0	48.33	0	0.0	46.25	0	0.0	47.0	0	0.0	46.5	2	0.2	47.8	3	0.11	43.3	8	0.18	45.4	27	0.26
chr19	9126021	G	GATGGT	0	35.0	0	0.0	35.0	0	0.0	38.33	0	0.0	43.75	0	0.0	43.0	0	0.0	44.5	1	0.1	45.4	8	0.31	47.0	18	0.33	43.95	26	0.27
chr19	9126239	AG	A	0	30.0	0	0.0	42.5	1	0.57	41.67	2	0.77	38.75	2	0.67	39.0	2	0.53	45.0	3	0.3	45.4	6	0.23	46.8	15	0.27	45.9	27	0.26
chr19	9251063	C	CT	0	20.0	0	0.0	25.0	0	0.0	33.33	1	0.66	37.5	1	0.36	38.0	1	0.28	39.0	1	0.13	43.6	5	0.22	41.0	10	0.24	42.6	19	0.21
chr19	9251063	CT	C	0	20.0	0	0.0	25.0	0	0.0	33.33	1	0.66	37.5	1	0.36	38.0	1	0.28	39.0	1	0.13	43.6	5	0.22	41.0	10	0.24	42.6	19	0.21
chr19	9341349	ACT	A	0	35.0	0	0.0	40.0	0	0.0	36.67	0	0.0	33.75	0	0.0	33.0	0	0.0	35.0	1	0.17	36.4	1	0.06	35.4	3	0.1	37.15	10	0.15
chr19	9690763	TCTCTC	T	0	40.0	0	0.0	27.5	0	0.0	35.0	0	0.0	33.75	0	0.0	33.0	0	0.0	32.0	1	0.2	37.8	3	0.17	39.3	4	0.1	40.75	6	0.07
chr19	10565810	G	GCCCC	0	75.0	1	0.4	72.5	2	0.39	73.33	5	0.62	72.5	7	0.69	69.0	8	0.72	73.5	29	1.11	72.8	65	0.98	68.9	97	0.82	60.1	117	0.65
chr19	10572873	CAG	C	0	65.0	1	0.91	57.5	1	0.31	58.33	1	0.22	51.25	1	0.22	49.0	1	0.2	53.5	4	0.29	54.2	13	0.35	54.0	29	0.4	52.95	61	0.44
chr19	10641392	C	CA	0	35.0	0	0.0	32.5	0	0.0	41.67	1	0.44	45.0	1	0.28	47.0	2	0.36	51.5	2	0.16	51.4	6	0.19	51.7	18	0.27	51.85	38	0.29
chr19	10641403	C	CA	0	10.0	0	0.0	35.0	1	1.21	40.0	2	0.89	42.5	2	0.56	47.0	2	0.36	52.0	3	0.23	51.4	6	0.19	51.8	19	0.29	52.05	39	0.29
chr19	10871707	A	AGCG	0	65.0	2	1.0	72.5	6	1.33	81.67	10	1.14	86.25	16	1.21	87.0	21	1.23	88.0	43	1.18	84.8	102	1.17	80.1	159	1.02	73.35	235	0.91
chr19	11326796	T	TG	0	50.0	0	0.0	42.5	1	0.67	45.0	2	0.74	47.5	3	0.68	51.0	3	0.47	58.5	8	0.47	55.2	14	0.37	52.7	21	0.3	51.75	49	0.37
chr19	11348988	G	GA	0	55.0	1	0.67	57.5	2	0.61	61.67	2	0.36	62.5	2	0.26	60.0	2	0.23	63.0	2	0.1	59.8	8	0.18	56.8	15	0.19	55.0	28	0.19
chr19	11436200	GTCC	G	0	60.0	0	0.0	65.0	1	0.28	70.0	3	0.43	68.75	3	0.32	69.0	4	0.34	62.0	7	0.37	60.6	21	0.46	58.2	39	0.46	58.6	87	0.51
chr19	11447524	A	AGAG	0	65.0	2	0.95	70.0	2	0.43	70.0	3	0.46	66.25	3	0.39	63.0	4	0.47	66.0	8	0.38	67.8	22	0.38	66.7	40	0.36	66.4	73	0.33
chr19	11447524	AGAG	A	0	65.0	2	0.95	70.0	2	0.43	70.0	3	0.46	66.25	3	0.39	63.0	4	0.47	66.0	8	0.38	67.8	22	0.38	66.7	40	0.36	66.4	73	0.33
chr19	11447524	AGAGGAG	A	0	65.0	2	0.95	70.0	2	0.43	70.0	3	0.46	66.25	3	0.39	63.0	4	0.47	66.0	8	0.38	67.8	22	0.38	66.7	40	0.36	66.4	73	0.33
chr19	12034829	CT	C	0	50.0	0	0.0	45.0	0	0.0	51.67	1	0.29	51.25	1	0.23	52.0	1	0.19	52.5	4	0.37	45.2	8	0.33	47.4	21	0.39	49.7	67	0.55
chr19	12076154	ATTATC	A	0	35.0	0	0.0	27.5	0	0.0	35.0	0	0.0	35.0	0	0.0	38.0	0	0.0	39.0	1	0.13	40.0	3	0.15	40.0	7	0.18	39.15	17	0.22
chr19	12430726	C	CTG	0	45.0	0	0.0	37.5	0	0.0	38.33	0	0.0	35.0	0	0.0	38.0	0	0.0	40.0	3	0.38	40.0	8	0.4	41.1	13	0.31	39.25	19	0.25
chr19	12430727	CAA	C	0	50.0	0	0.0	37.5	0	0.0	38.33	0	0.0	36.25	0	0.0	37.0	0	0.0	40.0	3	0.38	40.0	8	0.4	41.1	13	0.31	39.25	19	0.25
chr19	12892337	C	CTG	0	65.0	0	0.0	62.5	1	0.27	61.67	1	0.18	56.25	1	0.16	55.0	1	0.14	53.0	2	0.17	52.0	6	0.18	55.7	23	0.3	56.6	66	0.41
chr19	13207857	C	CCTG	0	75.0	1	0.4	80.0	3	0.49	78.33	4	0.44	77.5	6	0.5	78.0	7	0.46	76.5	19	0.65	70.4	43	0.7	69.2	86	0.75	65.25	147	0.71
chr19	13207857	CCTG	C	0	75.0	1	0.4	80.0	3	0.49	78.33	4	0.44	77.5	6	0.5	78.0	7	0.46	76.5	19	0.65	70.4	43	0.7	69.2	86	0.75	65.25	147	0.71
chr19	13207857	CCTGCTG	C	0	75.0	1	0.4	80.0	3	0.49	78.33	4	0.44	77.5	6	0.5	78.0	7	0.46	76.5	19	0.65	70.4	43	0.7	69.2	86	0.75	65.25	147	0.71
chr19	13207857	CCTGCTGCTGCTGCTGCTG	C	0	75.0	1	0.4	80.0	3	0.49	78.33	4	0.44	77.5	6	0.5	78.0	7	0.46	76.5	19	0.65	70.4	43	0.7	69.2	86	0.75	65.25	147	0.71
chr19	13788226	CTT	C	0	20.0	0	0.0	20.0	0	0.0	26.67	0	0.0	32.5	0	0.0	35.0	1	0.33	44.5	3	0.31	51.4	11	0.33	54.4	31	0.42	52.1	50	0.37
chr19	13788226	CTTT	C	0	20.0	0	0.0	20.0	0	0.0	26.67	0	0.0	32.5	0	0.0	35.0	1	0.33	44.5	3	0.31	51.4	11	0.33	54.4	31	0.42	52.1	50	0.37
chr19	13788226	CTTTT	C	0	20.0	0	0.0	20.0	0	0.0	26.67	0	0.0	32.5	0	0.0	35.0	1	0.33	44.5	3	0.31	51.4	11	0.33	54.4	31	0.42	52.1	50	0.37
chr19	13788226	CTTTTT	C	0	20.0	0	0.0	20.0	0	0.0	26.67	0	0.0	32.5	0	0.0	35.0	1	0.33	44.5	3	0.31	51.4	11	0.33	54.4	31	0.42	52.1	50	0.37
chr19	13788226	CTTTTTT	C	0	20.0	0	0.0	20.0	0	0.0	26.67	0	0.0	32.5	0	0.0	35.0	1	0.33	44.5	3	0.31	51.4	11	0.33	54.4	31	0.42	52.1	50	0.37
chr19	13788226	CTTTTTTT	C	0	20.0	0	0.0	20.0	0	0.0	26.67	0	0.0	32.5	0	0.0	35.0	1	0.33	44.5	3	0.31	51.4	11	0.33	54.4	31	0.42	52.1	50	0.37
chr19	14583362	T	TGGA	0	65.0	0	0.0	62.5	0	0.0	55.0	0	0.0	53.75	0	0.0	57.0	0	0.0	57.0	0	0.0	58.8	5	0.12	55.3	10	0.14	52.3	33	0.25
chr19	14942170	T	TATC	0	50.0	1	0.83	52.5	1	0.38	46.67	1	0.33	47.5	1	0.26	48.0	1	0.2	47.0	2	0.19	50.2	6	0.19	50.2	18	0.29	49.95	37	0.3
chr19	16157396	TA	T	0	60.0	1	0.57	65.0	2	0.48	61.67	3	0.53	57.5	4	0.62	59.0	5	0.57	59.0	8	0.47	58.6	13	0.31	57.8	24	0.29	53.35	44	0.31
chr19	16628702	G	GC	0	90.0	4	1.04	82.5	5	0.74	75.0	6	0.72	72.5	8	0.8	71.0	9	0.77	68.0	22	0.98	68.2	58	1.02	68.4	107	0.92	65.5	183	0.86
chr19	17281820	G	GC	0	80.0	1	0.31	80.0	3	0.47	80.0	5	0.54	76.25	5	0.44	80.0	11	0.69	72.0	18	0.69	69.0	44	0.74	67.1	78	0.69	62.3	123	0.64
chr19	17286646	GGT	G	0	50.0	0	0.0	52.5	0	0.0	55.0	0	0.0	56.25	0	0.0	54.0	0	0.0	57.0	0	0.0	58.4	11	0.27	54.4	21	0.29	52.55	41	0.3
chr19	17286646	GGTGT	G	0	50.0	0	0.0	52.5	0	0.0	55.0	0	0.0	56.25	0	0.0	54.0	0	0.0	57.0	0	0.0	58.4	11	0.27	54.4	21	0.29	52.55	41	0.3
chr19	17286675	GTGTGTGTGTGTGTGTT	G	0	50.0	0	0.0	47.5	0	0.0	51.67	0	0.0	48.75	0	0.0	53.0	0	0.0	54.0	0	0.0	57.8	11	0.28	55.3	24	0.32	52.4	42	0.31
chr19	17286677	GTGTGTGTGTGTGTT	G	0	50.0	0	0.0	47.5	0	0.0	50.0	0	0.0	48.75	0	0.0	52.0	0	0.0	53.5	0	0.0	57.8	11	0.28	55.2	24	0.32	52.35	42	0.31
chr19	17286683	GTGTGTGTT	G	0	45.0	0	0.0	47.5	0	0.0	48.33	0	0.0	51.25	0	0.0	52.0	0	0.0	53.0	0	0.0	57.6	11	0.28	55.4	24	0.32	52.35	43	0.31
chr19	17286685	GTGTGTT	G	0	45.0	0	0.0	47.5	0	0.0	46.67	0	0.0	53.75	0	0.0	52.0	0	0.0	52.5	0	0.0	57.6	11	0.28	55.5	24	0.31	52.25	43	0.32
chr19	17286687	GTGTT	G	0	45.0	0	0.0	47.5	0	0.0	48.33	0	0.0	52.5	0	0.0	52.0	0	0.0	53.0	0	0.0	57.6	11	0.28	55.4	24	0.32	52.25	43	0.32
chr19	17286689	GTT	G	0	45.0	0	0.0	47.5	0	0.0	48.33	0	0.0	52.5	0	0.0	54.0	0	0.0	53.0	0	0.0	57.6	11	0.28	55.4	24	0.32	52.25	43	0.32
chr19	17455662	G	GC	0	90.0	2	0.71	80.0	3	0.58	78.33	3	0.53	77.5	6	0.68	76.0	9	0.86	71.0	17	0.69	67.2	40	0.72	65.8	66	0.62	61.2	94	0.52
chr19	17455666	CG	C	0	90.0	2	0.89	80.0	2	0.51	80.0	4	0.53	80.0	7	0.73	78.0	10	0.89	72.0	18	0.71	67.0	40	0.72	65.8	66	0.62	61.25	95	0.53
chr19	17455670	CTCCT	C	0	90.0	2	0.89	82.5	2	0.57	80.0	5	0.63	80.0	8	0.8	78.0	10	0.89	72.0	18	0.71	67.2	41	0.74	65.9	67	0.63	61.25	95	0.53
chr19	17455678	CA	C	0	80.0	0	0.0	87.5	3	0.61	83.33	6	0.79	82.5	10	0.9	78.0	12	1.0	73.0	18	0.69	67.6	43	0.76	65.9	67	0.63	61.4	95	0.52
chr19	17455690	CGGGGTCGCG	C	0	85.0	2	0.67	85.0	5	0.96	85.0	9	1.09	81.25	11	1.04	77.0	13	0.98	71.5	16	0.66	68.2	44	0.77	66.0	67	0.62	61.45	96	0.53
chr19	17688436	T	TGG	0	90.0	2	0.62	80.0	4	0.91	78.33	6	0.78	78.75	8	0.74	80.0	10	0.68	75.5	21	0.77	70.6	44	0.71	66.3	69	0.64	61.35	100	0.55
chr19	17719267	AAATG	A	0	15.0	0	0.0	27.5	0	0.0	38.33	1	0.48	45.0	2	0.51	48.0	3	0.52	54.0	8	0.55	58.8	27	0.62	60.9	63	0.68	61.0	99	0.55
chr19	17807962	A	AC	0	75.0	1	0.56	82.5	2	0.37	81.67	5	0.61	77.5	6	0.61	74.0	6	0.49	67.0	11	0.59	65.6	34	0.67	60.2	46	0.51	56.15	60	0.38
chr19	18220546	AC	A	0	85.0	1	0.33	75.0	1	0.19	75.0	3	0.37	73.75	7	0.68	69.0	7	0.64	65.0	10	0.51	62.4	24	0.5	61.0	42	0.45	58.9	75	0.43
chr19	18388494	C	CCGT	0	80.0	5	1.59	72.5	7	1.41	73.33	9	1.14	71.25	11	1.13	71.0	13	1.08	71.5	28	1.1	71.0	60	0.95	65.0	94	0.89	55.5	105	0.68
chr19	18433862	A	AT	0	85.0	3	1.0	90.0	7	0.91	90.0	10	0.83	88.75	14	0.91	81.0	15	0.94	79.0	31	1.0	77.2	60	0.81	74.4	97	0.7	68.5	138	0.59
chr19	18433863	G	GA	0	85.0	2	0.67	90.0	7	0.91	90.0	10	0.83	88.75	14	0.9	80.0	15	0.96	79.0	31	1.0	77.4	60	0.81	74.4	97	0.7	68.5	138	0.59
chr19	18433866	G	GC	0	90.0	2	0.71	90.0	7	0.94	91.67	10	0.8	88.75	13	0.84	83.0	16	0.95	79.0	30	0.97	77.4	60	0.81	74.5	96	0.69	68.5	139	0.59
chr19	18606578	GAGC	G	0	70.0	2	0.83	77.5	5	0.84	75.0	8	0.95	77.5	12	1.0	77.0	16	1.08	82.0	28	0.85	80.2	75	0.95	80.6	132	0.82	74.45	204	0.74
chr19	18869244	T	TGCC	0	90.0	3	0.78	90.0	8	1.07	80.0	10	1.14	81.25	13	1.04	83.0	17	1.02	78.0	28	0.93	77.0	65	0.88	75.1	117	0.84	72.1	193	0.75
chr19	19033487	CCCG	C	0	80.0	2	0.83	87.5	8	1.21	85.0	11	1.09	81.25	15	1.18	77.0	17	1.21	78.5	32	1.09	78.0	77	1.02	72.0	126	0.97	62.45	161	0.83
chr19	19320879	AGCGGCCCAGGCGGCG	A	0	85.0	3	0.83	82.5	7	1.08	78.33	7	0.79	73.75	9	0.86	77.0	13	0.92	73.5	25	0.93	65.6	49	0.92	65.6	90	0.84	61.4	138	0.73
chr19	19680066	CAT	C	0	25.0	0	0.0	32.5	1	0.95	35.0	1	0.55	36.25	1	0.38	36.0	1	0.32	39.0	2	0.27	43.6	8	0.34	44.7	21	0.42	46.55	47	0.44
chr19	19936972	T	TAAAAAA	0	30.0	0	0.0	35.0	0	0.0	40.0	0	0.0	35.0	0	0.0	33.0	0	0.0	34.0	0	0.0	36.4	1	0.06	31.7	3	0.12	34.25	11	0.19
chr19	20624370	G	GA	0	45.0	0	0.0	35.0	0	0.0	36.67	0	0.0	37.5	0	0.0	42.0	0	0.0	39.5	1	0.13	38.0	1	0.06	36.9	3	0.09	38.4	7	0.1
chr19	20790744	T	TA	0	45.0	0	0.0	35.0	0	0.0	41.67	0	0.0	41.25	0	0.0	40.0	0	0.0	42.0	0	0.0	40.0	1	0.05	41.4	6	0.14	40.65	14	0.17
chr19	20790753	G	GA	0	25.0	0	0.0	40.0	0	0.0	41.67	0	0.0	42.5	0	0.0	41.0	0	0.0	41.5	0	0.0	39.8	2	0.1	41.4	6	0.14	40.75	14	0.17
chr19	20790753	GAAA	G	0	25.0	0	0.0	40.0	0	0.0	41.67	0	0.0	42.5	0	0.0	41.0	0	0.0	41.5	0	0.0	39.8	2	0.1	41.4	6	0.14	40.75	14	0.17
chr19	20807153	TAAG	T	0	40.0	0	0.0	40.0	0	0.0	38.33	0	0.0	36.25	0	0.0	37.0	0	0.0	38.0	0	0.0	39.0	3	0.16	37.2	4	0.12	41.55	17	0.2
chr19	20807160	T	TCATC	0	40.0	0	0.0	42.5	0	0.0	35.0	0	0.0	36.25	0	0.0	39.0	0	0.0	38.0	0	0.0	38.6	2	0.11	37.1	4	0.12	41.7	17	0.2
chr19	21116967	T	TATA	0	20.0	0	0.0	30.0	0	0.0	35.0	0	0.0	41.25	1	0.3	36.0	1	0.32	31.5	1	0.21	31.4	2	0.17	34.4	2	0.07	33.95	4	0.07
chr19	21537631	CA	C	0	30.0	0	0.0	35.0	0	0.0	36.67	0	0.0	35.0	0	0.0	35.0	0	0.0	35.5	1	0.16	37.4	4	0.23	38.3	11	0.3	40.75	19	0.23
chr19	22756652	GTTTCATAA	G	0	15.0	0	0.0	37.5	1	0.71	33.33	2	1.21	36.25	2	0.77	37.0	2	0.62	35.0	3	0.49	35.8	5	0.31	36.2	6	0.18	35.65	6	0.09
chr19	22757389	A	AG	0	35.0	0	0.0	35.0	0	0.0	33.33	0	0.0	37.5	0	0.0	35.0	0	0.0	35.0	0	0.0	35.4	0	0.0	35.9	1	0.03	35.95	6	0.09
chr19	23744938	CCA	C	0	40.0	0	0.0	40.0	0	0.0	33.33	0	0.0	30.0	0	0.0	26.0	0	0.0	30.0	1	0.22	31.2	4	0.33	32.9	4	0.15	36.7	11	0.16
chr19	23935333	GC	G	0	55.0	0	0.0	40.0	0	0.0	40.0	0	0.0	40.0	0	0.0	39.0	0	0.0	36.5	0	0.0	41.0	2	0.1	41.0	3	0.07	38.0	8	0.11
chr19	30009210	GTGA	G	0	40.0	0	0.0	40.0	0	0.0	40.0	0	0.0	43.75	4	1.12	41.0	4	1.03	42.5	7	0.83	35.8	10	0.64	33.0	10	0.38	32.8	16	0.3
chr19	33301847	GGGC	G	0	85.0	4	1.54	90.0	9	1.38	86.67	13	1.47	83.75	14	1.23	84.0	17	1.13	75.0	24	0.91	80.4	79	1.0	75.0	138	0.99	73.3	244	0.91
chr19	34352847	ACCCCACCCCAGC	A	0	65.0	0	0.0	67.5	0	0.0	70.0	1	0.19	65.0	2	0.32	67.0	3	0.3	66.0	5	0.24	63.2	12	0.26	58.4	22	0.26	54.05	43	0.29
chr19	34759784	TAG	T	0	50.0	1	0.95	40.0	1	0.83	45.0	2	0.74	47.5	3	0.67	46.0	3	0.57	41.0	4	0.48	45.4	13	0.51	45.4	19	0.37	42.65	23	0.25
chr19	35267371	G	GGGA	0	55.0	1	1.11	60.0	2	0.57	66.67	4	0.61	70.0	7	0.72	72.0	11	0.85	73.0	22	0.83	71.6	44	0.69	67.6	72	0.63	66.8	144	0.65
chr19	35270026	T	TG	0	85.0	0	0.0	77.5	0	0.0	73.33	1	0.14	73.75	2	0.19	72.0	2	0.16	75.0	10	0.36	65.8	29	0.54	65.8	69	0.64	66.9	142	0.63
chr19	35270026	TG	T	0	85.0	0	0.0	77.5	0	0.0	73.33	1	0.14	73.75	2	0.19	72.0	2	0.16	75.0	10	0.36	65.8	29	0.54	65.8	69	0.64	66.9	142	0.63
chr19	35511477	C	CTG	0	70.0	1	0.5	72.5	2	0.48	68.33	2	0.33	67.5	2	0.25	68.0	3	0.3	63.0	4	0.23	63.4	14	0.28	60.9	29	0.32	60.25	62	0.35
chr19	35511515	GCCA	G	0	65.0	0	0.0	65.0	0	0.0	61.67	1	0.18	62.5	2	0.28	64.0	2	0.22	65.0	5	0.25	63.0	12	0.25	59.7	25	0.28	59.95	60	0.34
chr19	35644376	C	CT	0	70.0	2	1.21	62.5	2	0.7	58.33	2	0.42	61.25	3	0.43	61.0	4	0.45	68.0	18	0.8	66.0	32	0.62	63.3	68	0.68	64.35	136	0.66
chr19	35720471	CAAG	C	0	45.0	0	0.0	40.0	0	0.0	38.33	0	0.0	42.5	1	0.67	44.0	1	0.44	51.0	3	0.27	56.6	9	0.23	61.5	32	0.34	61.75	74	0.4
chr19	35723729	A	AG	0	75.0	2	0.74	57.5	3	0.91	56.67	4	0.84	58.75	4	0.59	56.0	5	0.65	62.5	10	0.52	60.0	25	0.56	57.5	36	0.44	58.15	64	0.38
chr19	35768035	AG	A	0	80.0	1	0.36	75.0	2	0.37	73.33	3	0.38	73.75	4	0.38	77.0	8	0.58	73.5	12	0.45	67.6	29	0.51	65.9	44	0.41	62.3	56	0.3
chr19	36149760	GGCTGGT	G	0	70.0	0	0.0	65.0	0	0.0	65.0	1	0.16	61.25	1	0.13	63.0	1	0.11	63.0	2	0.11	56.8	5	0.13	56.0	15	0.2	55.3	29	0.19
chr19	36638677	GGGA	G	0	60.0	0	0.0	55.0	0	0.0	50.0	0	0.0	47.5	1	0.23	44.0	1	0.22	38.5	3	0.41	33.2	3	0.22	35.8	4	0.13	34.85	15	0.25
chr19	37388949	C	CTGTG	0	40.0	0	0.0	37.5	0	0.0	41.67	0	0.0	41.25	0	0.0	41.0	1	0.25	39.5	2	0.26	40.2	6	0.3	39.7	10	0.25	39.55	16	0.2
chr19	37388951	AT	A	0	40.0	0	0.0	37.5	0	0.0	41.67	0	0.0	41.25	1	0.3	41.0	1	0.25	39.5	2	0.26	40.2	6	0.3	39.5	10	0.26	39.5	16	0.21
chr19	37886750	TCCTCCTCCTCCTCCCTTA	T	0	60.0	0	0.0	57.5	0	0.0	60.0	0	0.0	58.75	0	0.0	55.0	0	0.0	49.5	0	0.0	43.6	2	0.17	42.4	6	0.18	43.35	14	0.17
chr19	37894972	TGGA	T	0	65.0	0	0.0	60.0	1	0.34	58.33	2	0.42	52.5	2	0.38	55.0	2	0.27	58.0	3	0.18	57.8	9	0.22	54.9	21	0.28	52.65	41	0.3
chr19	38304905	TGAA	T	0	45.0	0	0.0	52.5	0	0.0	55.0	1	0.25	56.25	2	0.36	57.0	2	0.27	59.0	4	0.23	64.4	25	0.48	66.7	53	0.48	64.35	88	0.43
chr19	38304939	CAAG	C	0	45.0	0	0.0	57.5	0	0.0	55.0	0	0.0	56.25	0	0.0	55.0	0	0.0	59.5	5	0.28	65.4	24	0.45	66.3	53	0.48	64.3	86	0.42
chr19	38392222	CCCT	C	0	70.0	0	0.0	70.0	0	0.0	68.33	0	0.0	63.75	0	0.0	62.0	0	0.0	65.0	2	0.1	56.4	8	0.2	49.7	12	0.19	49.05	22	0.18
chr19	38408860	C	CAAG	0	50.0	1	1.25	55.0	1	0.38	55.0	1	0.33	57.5	3	0.62	64.0	4	0.5	61.0	9	0.52	53.4	11	0.31	53.1	19	0.27	51.45	41	0.31
chr19	38408860	CAAG	C	0	50.0	1	1.25	55.0	1	0.38	55.0	1	0.33	57.5	3	0.62	64.0	4	0.5	61.0	9	0.52	53.4	11	0.31	53.1	19	0.27	51.45	41	0.31
chr19	38840221	A	AGGGGGGG	0	80.0	0	0.0	75.0	1	0.25	75.0	3	0.48	71.25	5	0.61	71.0	6	0.54	61.5	9	0.49	64.0	25	0.49	56.8	33	0.41	53.65	49	0.34
chr19	38840227	T	TGGGGGGGGGGGGGGG	0	85.0	0	0.0	75.0	1	0.28	73.33	2	0.33	72.5	5	0.57	72.0	7	0.64	63.5	9	0.46	64.2	25	0.49	56.8	33	0.41	53.7	49	0.34
chr19	39248512	CT	C	0	80.0	3	0.95	72.5	4	0.77	70.0	5	0.69	72.5	9	0.86	75.0	12	0.85	71.0	21	0.83	69.0	38	0.65	66.9	69	0.62	63.7	131	0.65
chr19	40394271	TTCC	T	0	65.0	0	0.0	70.0	0	0.0	73.33	3	0.5	76.25	5	0.52	76.0	7	0.55	69.5	11	0.47	68.2	27	0.48	66.1	42	0.4	63.3	64	0.33
chr19	40617186	A	AG	0	60.0	1	0.56	65.0	2	0.48	68.33	4	0.58	67.5	5	0.56	68.0	8	0.69	65.5	12	0.59	59.4	22	0.51	52.6	28	0.41	47.05	33	0.3
chr19	40617188	G	GA	0	55.0	1	0.71	65.0	2	0.5	68.33	4	0.58	67.5	5	0.56	67.0	8	0.72	65.5	12	0.59	59.2	21	0.49	52.7	28	0.41	47.05	33	0.3
chr19	40667959	TTGC	T	0	60.0	0	0.0	65.0	0	0.0	65.0	0	0.0	65.0	0	0.0	64.0	0	0.0	66.5	5	0.23	66.8	15	0.28	63.0	29	0.3	57.9	48	0.29
chr19	40667986	CTGCTGT	C	0	60.0	0	0.0	60.0	0	0.0	60.0	0	0.0	62.5	0	0.0	65.0	0	0.0	66.0	4	0.18	66.2	15	0.29	62.3	26	0.27	57.85	47	0.29
chr19	40667989	CTGT	C	0	60.0	0	0.0	60.0	0	0.0	60.0	0	0.0	62.5	0	0.0	64.0	0	0.0	66.5	4	0.18	66.2	15	0.28	62.3	27	0.28	57.85	46	0.28
chr19	41116201	G	GC	0	55.0	0	0.0	50.0	0	0.0	56.67	0	0.0	58.75	2	0.35	59.0	2	0.28	58.0	4	0.24	55.2	4	0.11	50.5	12	0.19	47.9	17	0.15
chr19	41363039	T	TTCGAGA	0	65.0	2	1.0	62.5	2	0.53	60.0	3	0.6	58.75	3	0.45	52.0	3	0.45	49.0	7	0.59	50.2	13	0.41	49.6	20	0.33	50.25	56	0.44
chr19	41382944	AGGGGACTGGGC	A	0	65.0	0	0.0	55.0	0	0.0	51.67	0	0.0	47.5	0	0.0	50.0	1	0.16	52.5	4	0.29	53.6	10	0.28	52.3	25	0.37	52.65	47	0.34
chr19	41422961	G	GC	0	65.0	0	0.0	70.0	0	0.0	71.67	0	0.0	66.25	0	0.0	67.0	1	0.11	59.0	6	0.39	62.4	19	0.4	60.1	31	0.34	59.0	68	0.39
chr19	41577386	A	AGAC	0	35.0	0	0.0	42.5	2	1.11	51.67	2	0.51	52.5	4	0.73	52.0	5	0.74	50.0	7	0.56	49.6	15	0.49	51.3	21	0.32	51.25	26	0.2
chr19	42116837	AGAG	A	0	65.0	0	0.0	65.0	1	0.58	65.0	1	0.43	67.5	2	0.36	71.0	5	0.52	72.5	13	0.6	66.2	18	0.36	61.0	23	0.26	55.95	38	0.25
chr19	42116875	AGGC	A	0	85.0	3	1.43	77.5	6	1.43	73.33	8	1.52	75.0	10	1.31	73.0	12	1.26	73.0	15	0.67	65.8	18	0.37	61.7	23	0.25	56.1	38	0.25
chr19	42763987	AG	A	0	50.0	0	0.0	47.5	1	0.45	48.33	1	0.29	47.5	1	0.22	48.0	1	0.17	43.5	3	0.32	46.0	5	0.19	48.6	10	0.17	48.9	15	0.13
chr19	43204825	TC	T	0	40.0	0	0.0	50.0	0	0.0	48.33	0	0.0	48.75	0	0.0	48.0	0	0.0	45.0	1	0.1	46.2	4	0.16	46.9	11	0.21	49.1	24	0.2
chr19	43847013	GGGAGAT	G	0	45.0	0	0.0	35.0	0	0.0	30.0	0	0.0	33.75	0	0.0	33.0	0	0.0	34.5	2	0.35	34.4	2	0.14	37.0	6	0.18	34.95	10	0.17
chr19	44085845	TCTC	T	0	50.0	0	0.0	45.0	0	0.0	51.67	0	0.0	50.0	1	0.21	47.0	1	0.19	45.5	1	0.1	42.0	2	0.09	39.7	9	0.23	42.2	21	0.24
chr19	44274641	CG	C	0	35.0	1	2.0	40.0	1	0.67	41.67	1	0.44	38.75	1	0.4	38.0	1	0.32	41.5	1	0.12	39.2	2	0.1	40.9	4	0.1	40.35	8	0.1
chr19	44793588	A	AC	0	55.0	0	0.0	57.5	0	0.0	61.67	0	0.0	62.5	1	0.14	63.0	2	0.21	63.0	5	0.27	63.4	10	0.2	61.1	20	0.22	58.55	43	0.25
chr19	45064347	GCTC	G	0	75.0	2	0.91	77.5	4	0.95	73.33	5	0.95	73.75	7	0.78	74.0	9	0.79	75.0	18	0.68	75.0	56	0.83	70.9	88	0.7	61.75	121	0.63
chr19	45409230	CAAG	C	0	50.0	0	0.0	50.0	0	0.0	50.0	0	0.0	52.5	1	0.18	56.0	1	0.13	55.0	1	0.07	59.4	12	0.28	57.8	21	0.26	55.75	39	0.25
chr19	45607404	AT	A	0	35.0	0	0.0	47.5	0	0.0	48.33	0	0.0	52.5	2	0.36	53.0	3	0.43	62.0	11	0.58	60.0	20	0.46	58.8	30	0.35	55.35	59	0.39
chr19	45761788	A	ATCCAGC	0	65.0	1	0.5	67.5	2	0.44	65.0	3	0.51	65.0	3	0.39	65.0	5	0.49	65.5	11	0.53	63.6	17	0.35	58.1	28	0.34	53.1	45	0.32
chr19	46493758	C	CCGGCCT	0	80.0	3	0.94	72.5	6	1.15	80.0	10	1.05	78.75	13	1.05	78.0	16	1.05	78.5	29	0.94	74.6	57	0.83	71.5	100	0.79	66.6	158	0.72
chr19	47072503	TGGGGGA	T	0	90.0	2	0.71	82.5	2	0.44	85.0	5	0.68	81.25	5	0.46	79.0	6	0.45	71.5	9	0.41	66.4	19	0.35	61.6	31	0.33	56.85	49	0.3
chr19	47072515	AGGGGGC	A	0	90.0	1	1.18	92.5	4	0.86	85.0	4	0.49	82.5	4	0.36	78.0	6	0.46	72.5	9	0.39	66.2	19	0.35	61.4	30	0.32	56.85	49	0.3
chr19	47271407	TGAG	T	0	50.0	0	0.0	55.0	1	0.42	55.0	1	0.26	58.75	1	0.17	59.0	1	0.12	60.0	5	0.3	65.0	15	0.28	64.1	33	0.32	62.75	53	0.27
chr19	47414886	T	TG	0	80.0	1	0.42	82.5	2	0.32	80.0	4	0.48	76.25	5	0.49	75.0	6	0.51	67.5	11	0.55	67.0	27	0.52	60.5	38	0.47	57.3	63	0.4
chr19	47695375	CTG	C	0	65.0	0	0.0	67.5	1	0.32	66.67	1	0.22	66.25	1	0.17	67.0	3	0.35	68.0	8	0.35	66.0	15	0.28	64.9	36	0.35	65.9	71	0.33
chr19	47757037	T	TA	0	35.0	1	3.33	45.0	2	1.11	48.33	2	0.58	50.0	3	0.6	53.0	3	0.43	62.0	9	0.47	62.0	16	0.33	61.7	39	0.42	59.55	59	0.33
chr19	47802332	TGGGCCTGGGATC	T	0	75.0	0	0.0	67.5	1	0.25	68.33	2	0.34	67.5	3	0.41	65.0	3	0.34	66.5	7	0.38	65.6	15	0.32	64.4	22	0.24	61.85	58	0.32
chr19	47802354	TTTGGGCCTGAGA	T	0	70.0	1	0.44	70.0	1	0.25	65.0	1	0.19	63.75	1	0.15	67.0	3	0.33	66.5	7	0.37	65.4	14	0.3	64.8	25	0.27	62.1	58	0.32
chr19	47802380	TGGGCCTGGGATC	T	0	70.0	0	0.0	65.0	1	0.26	65.0	2	0.39	65.0	3	0.45	65.0	3	0.34	67.0	8	0.43	65.8	15	0.32	65.4	25	0.26	62.45	58	0.31
chr19	48077774	TG	T	0	60.0	0	0.0	52.5	0	0.0	48.33	0	0.0	47.5	0	0.0	49.0	1	0.17	47.0	2	0.19	47.0	9	0.33	42.1	10	0.23	40.75	15	0.18
chr19	48231759	C	CTT	0	35.0	0	0.0	37.5	1	0.71	28.33	1	0.83	31.25	2	1.04	37.0	2	0.6	38.0	2	0.28	44.6	8	0.32	46.4	21	0.39	46.75	40	0.37
chr19	48446743	TGAA	T	0	50.0	0	0.0	55.0	0	0.0	55.0	0	0.0	50.0	0	0.0	52.0	2	0.32	53.5	4	0.28	52.4	8	0.24	54.4	25	0.34	55.25	91	0.6
chr19	48498800	CG	C	0	90.0	2	1.25	87.5	4	0.92	88.33	7	0.71	87.5	11	0.86	87.0	13	0.82	82.5	24	0.79	78.6	49	0.65	74.2	78	0.57	72.1	137	0.53
chr19	48498800	CGG	C	0	90.0	2	1.25	87.5	4	0.92	88.33	7	0.71	87.5	11	0.86	87.0	13	0.82	82.5	24	0.79	78.6	49	0.65	74.2	78	0.57	72.1	137	0.53
chr19	48874922	A	AT	0	30.0	0	0.0	30.0	0	0.0	33.33	0	0.0	40.0	0	0.0	45.0	0	0.0	53.0	5	0.36	54.8	14	0.37	55.7	22	0.29	57.6	51	0.31
chr19	48874922	AT	A	0	30.0	0	0.0	30.0	0	0.0	33.33	0	0.0	40.0	0	0.0	45.0	0	0.0	53.0	5	0.36	54.8	14	0.37	55.7	22	0.29	57.6	51	0.31
chr19	48874922	ATT	A	0	30.0	0	0.0	30.0	0	0.0	33.33	0	0.0	40.0	0	0.0	45.0	0	0.0	53.0	5	0.36	54.8	14	0.37	55.7	22	0.29	57.6	51	0.31
chr19	48939591	T	TG	0	90.0	1	0.28	80.0	2	0.32	73.33	5	0.62	66.25	5	0.57	63.0	5	0.51	60.5	9	0.5	54.0	11	0.31	49.5	15	0.25	49.95	40	0.32
chr19	48944490	GGA	G	0	60.0	1	0.57	57.5	2	0.63	55.0	2	0.5	58.75	4	0.67	59.0	5	0.63	61.5	6	0.33	58.4	11	0.26	52.4	19	0.28	52.3	46	0.34
chr19	49070104	TGGA	T	0	70.0	0	0.0	62.5	0	0.0	63.33	1	0.17	65.0	2	0.24	63.0	2	0.2	63.5	2	0.1	58.4	11	0.27	55.2	25	0.34	53.45	51	0.37
chr19	49115423	CATG	C	0	40.0	0	0.0	35.0	0	0.0	43.33	0	0.0	38.75	0	0.0	38.0	2	0.67	41.0	3	0.4	50.6	14	0.44	55.4	49	0.64	60.45	118	0.65
chr19	49115829	C	CA	0	25.0	0	0.0	30.0	1	1.48	33.33	1	0.62	43.75	3	0.78	47.0	5	0.91	50.5	8	0.63	50.8	14	0.43	49.8	24	0.39	55.55	80	0.52
chr19	49115829	CA	C	0	25.0	0	0.0	30.0	1	1.48	33.33	1	0.62	43.75	3	0.78	47.0	5	0.91	50.5	8	0.63	50.8	14	0.43	49.8	24	0.39	55.55	80	0.52
chr19	49115829	CAA	C	0	25.0	0	0.0	30.0	1	1.48	33.33	1	0.62	43.75	3	0.78	47.0	5	0.91	50.5	8	0.63	50.8	14	0.43	49.8	24	0.39	55.55	80	0.52
chr19	49115842	AAAG	A	0	10.0	0	0.0	25.0	1	1.67	41.67	4	1.54	42.5	4	1.12	47.0	4	0.72	52.5	8	0.6	50.6	14	0.44	49.7	24	0.39	55.15	78	0.51
chr19	49115843	AAG	A	0	10.0	0	0.0	25.0	1	1.67	40.0	4	1.68	42.5	4	1.12	47.0	4	0.72	53.0	8	0.58	50.6	14	0.44	49.6	24	0.39	55.15	78	0.51
chr19	49154452	A	ACAT	0	35.0	0	0.0	35.0	0	0.0	41.67	0	0.0	43.75	0	0.0	44.0	2	0.45	50.0	4	0.32	53.6	7	0.2	54.5	16	0.22	56.85	35	0.22
chr19	49154452	ACAT	A	0	35.0	0	0.0	35.0	0	0.0	41.67	0	0.0	43.75	0	0.0	44.0	2	0.45	50.0	4	0.32	53.6	7	0.2	54.5	16	0.22	56.85	35	0.22
chr19	49154452	ACATCAT	A	0	35.0	0	0.0	35.0	0	0.0	41.67	0	0.0	43.75	0	0.0	44.0	2	0.45	50.0	4	0.32	53.6	7	0.2	54.5	16	0.22	56.85	35	0.22
chr19	49154631	T	TTCC	0	65.0	0	0.0	60.0	0	0.0	60.0	0	0.0	60.0	0	0.0	60.0	1	0.14	57.0	2	0.13	55.2	8	0.22	55.1	20	0.27	56.95	34	0.21
chr19	49478907	G	GC	0	85.0	0	0.0	72.5	1	0.33	70.0	3	0.48	66.25	4	0.48	69.0	6	0.52	68.5	11	0.47	58.8	15	0.35	54.9	32	0.43	54.0	71	0.49
chr19	49500559	C	CAG	0	65.0	0	0.0	62.5	2	0.53	60.0	2	0.44	58.75	2	0.35	58.0	3	0.4	62.5	7	0.42	63.6	20	0.42	62.8	32	0.33	60.3	64	0.36
chr19	49589959	T	TCCACCC	0	80.0	1	0.71	82.5	2	0.49	76.67	2	0.36	70.0	2	0.3	69.0	3	0.33	65.5	6	0.32	63.8	17	0.34	60.2	33	0.36	58.0	77	0.46
chr19	49651032	CTG	C	0	85.0	1	0.67	82.5	1	0.44	80.0	2	0.56	70.0	3	0.8	68.0	3	0.7	69.5	8	0.56	65.0	18	0.37	65.1	44	0.42	66.05	123	0.57
chr19	49651041	CAG	C	0	80.0	0	0.0	85.0	2	0.55	75.0	3	0.77	71.25	3	0.69	69.0	3	0.69	67.5	8	0.67	65.4	19	0.39	65.4	45	0.43	66.25	124	0.57
chr19	49652103	GCCGCTC	G	0	90.0	4	1.23	82.5	9	1.67	85.0	12	1.46	82.5	14	1.3	83.0	21	1.45	81.5	35	1.14	78.4	86	1.14	76.6	144	1.0	72.0	221	0.86
chr19	49746674	TCTGCTTCTCCTCCGGCTC	T	0	60.0	1	0.62	67.5	2	0.45	65.0	2	0.33	70.0	4	0.42	70.0	6	0.5	72.0	17	0.66	67.6	39	0.69	63.0	59	0.62	61.1	92	0.51
chr19	50378562	A	AAAC	0	45.0	1	1.11	50.0	2	0.83	48.33	2	0.59	51.25	4	0.76	57.0	5	0.62	64.0	7	0.34	65.0	25	0.48	63.8	41	0.4	58.7	62	0.36
chr19	50378564	A	ACAG	0	45.0	1	1.0	52.5	2	0.77	50.0	3	0.81	50.0	3	0.6	56.0	5	0.64	64.0	7	0.34	64.8	25	0.48	63.7	41	0.4	58.6	62	0.36
chr19	50481873	T	TG	0	70.0	0	0.0	67.5	1	0.22	70.0	2	0.28	70.0	3	0.32	72.0	4	0.32	73.5	11	0.43	69.2	20	0.35	67.9	34	0.29	66.35	63	0.29
chr19	50668937	CGTG	C	0	80.0	2	1.43	77.5	2	0.95	78.33	4	1.14	78.75	5	1.02	79.0	6	0.95	74.0	15	0.68	76.0	39	0.6	71.3	78	0.65	67.15	155	0.71
chr19	51225846	CCCGG	C	0	65.0	1	0.56	57.5	1	0.44	56.67	1	0.29	57.5	1	0.18	57.0	1	0.14	60.0	2	0.13	60.0	11	0.25	56.3	17	0.21	53.1	29	0.21
chr19	51332637	T	TG	0	60.0	0	0.0	55.0	0	0.0	61.67	1	0.21	57.5	1	0.17	57.0	3	0.4	54.5	5	0.34	48.6	6	0.2	50.1	13	0.21	48.15	29	0.25
chr19	51354359	T	TG	0	65.0	0	0.0	62.5	1	0.28	66.67	1	0.16	66.25	1	0.13	65.0	2	0.2	64.0	6	0.3	59.2	11	0.25	56.5	13	0.17	55.6	27	0.18
chr19	51354619	C	CCCACAG	0	40.0	0	0.0	35.0	0	0.0	33.33	0	0.0	37.5	0	0.0	37.0	0	0.0	38.0	0	0.0	49.0	4	0.13	51.5	19	0.29	51.9	26	0.2
chr19	51501536	G	GC	0	70.0	1	0.44	60.0	2	0.59	56.67	2	0.42	57.5	3	0.45	57.0	4	0.49	60.0	6	0.33	54.4	11	0.3	58.1	23	0.27	57.75	44	0.26
chr19	51592779	GATAAA	G	0	35.0	0	0.0	32.5	0	0.0	33.33	0	0.0	40.0	0	0.0	42.0	0	0.0	51.5	0	0.0	48.8	2	0.07	48.7	10	0.17	51.7	32	0.24
chr19	51594306	G	GA	0	25.0	0	0.0	40.0	0	0.0	41.67	0	0.0	45.0	0	0.0	48.0	1	0.22	51.0	6	0.48	60.2	34	0.76	60.0	67	0.74	56.85	86	0.54
chr19	52300415	CTG	C	0	40.0	0	0.0	40.0	0	0.0	40.0	0	0.0	37.5	0	0.0	40.0	0	0.0	43.5	1	0.12	49.6	10	0.33	49.0	13	0.22	46.25	24	0.23
chr19	52374462	A	AT	0	35.0	0	0.0	37.5	0	0.0	43.33	0	0.0	46.25	1	0.24	47.0	2	0.38	47.0	3	0.28	43.2	6	0.26	45.1	18	0.35	45.65	36	0.35
chr19	52374462	AT	A	0	35.0	0	0.0	37.5	0	0.0	43.33	0	0.0	46.25	1	0.24	47.0	2	0.38	47.0	3	0.28	43.2	6	0.26	45.1	18	0.35	45.65	36	0.35
chr19	52383891	TA	T	0	25.0	0	0.0	35.0	1	0.83	36.67	1	0.5	38.75	1	0.33	38.0	1	0.28	37.5	2	0.28	39.2	4	0.21	39.1	8	0.21	38.0	12	0.17
chr19	52383992	T	TCAA	0	30.0	1	4.0	32.5	1	1.11	33.33	1	0.71	28.75	1	0.63	30.0	1	0.46	30.5	1	0.23	36.8	3	0.18	39.0	7	0.19	38.35	12	0.16
chr19	52384816	T	TTTGGGAGGCCGAGGCGG	0	30.0	0	0.0	35.0	0	0.0	43.33	1	0.38	43.75	1	0.26	42.0	1	0.23	40.5	1	0.12	40.4	3	0.15	40.3	10	0.25	38.0	18	0.25
chr19	52384820	G	GAT	0	35.0	0	0.0	35.0	0	0.0	41.67	0	0.0	45.0	1	0.25	41.0	1	0.24	41.5	1	0.12	40.0	3	0.15	40.1	10	0.25	37.95	18	0.25
chr19	52613391	ATGT	A	0	40.0	0	0.0	40.0	0	0.0	36.67	0	0.0	36.25	0	0.0	36.0	0	0.0	37.5	1	0.14	38.6	5	0.27	38.2	12	0.33	36.9	22	0.32
chr19	52854052	C	CA	0	65.0	0	0.0	65.0	0	0.0	61.67	1	0.18	62.5	2	0.26	62.0	3	0.32	59.0	5	0.29	51.6	9	0.27	48.7	17	0.29	48.4	37	0.32
chr19	52951221	C	CACT	0	50.0	1	0.83	45.0	1	0.5	40.0	1	0.43	40.0	1	0.31	39.0	1	0.26	37.5	2	0.29	38.4	3	0.16	37.5	6	0.17	40.2	16	0.2
chr19	53376307	GACA	G	0	45.0	0	0.0	42.5	0	0.0	43.33	0	0.0	41.25	0	0.0	39.0	0	0.0	40.0	2	0.25	40.0	6	0.3	45.4	16	0.31	44.0	29	0.3
chr19	54171998	GCCC	G	0	75.0	1	0.77	72.5	1	0.33	70.0	2	0.4	66.25	3	0.44	65.0	3	0.32	64.5	6	0.29	68.2	16	0.28	64.4	27	0.26	59.05	41	0.24
chr19	54462807	GCCT	G	0	55.0	0	0.0	62.5	2	0.51	63.33	3	0.5	65.0	3	0.36	62.0	3	0.31	67.0	10	0.45	67.2	27	0.48	68.2	71	0.61	67.35	138	0.61
chr19	54839509	C	CCGG	0	55.0	0	0.0	57.5	0	0.0	56.67	0	0.0	57.5	2	0.31	63.0	3	0.3	60.0	6	0.34	55.8	13	0.33	51.3	20	0.31	46.5	35	0.33
chr19	54912834	GGAA	G	0	60.0	0	0.0	60.0	0	0.0	56.67	1	0.21	53.75	1	0.19	54.0	1	0.14	56.0	2	0.14	49.4	8	0.27	52.4	23	0.34	50.05	36	0.29
chr19	55014734	G	GCAGA	0	55.0	0	0.0	57.5	0	0.0	58.33	1	0.2	57.5	2	0.3	57.0	2	0.25	60.0	3	0.17	57.2	15	0.37	56.6	32	0.4	52.15	45	0.33
chr19	55279517	A	AGCCGCCGCC	0	85.0	3	0.86	87.5	6	0.87	76.67	7	0.81	76.25	8	0.69	76.0	9	0.63	71.5	15	0.59	63.4	23	0.46	57.1	34	0.43	57.8	82	0.51
chr19	55518173	C	CATCCCACCATGACTGCTG	0	70.0	0	0.0	65.0	0	0.0	65.0	0	0.0	65.0	1	0.54	65.0	2	0.82	64.0	5	0.72	61.4	6	0.31	60.7	7	0.15	60.65	47	0.31
chr19	55518184	G	GACTGCTGACCCCACCACT	0	60.0	0	0.0	65.0	1	0.58	65.0	1	0.56	63.75	1	0.56	64.0	1	0.42	64.0	5	0.72	61.0	6	0.3	61.2	7	0.15	60.45	46	0.31
chr19	55518191	G	GATCCCACCACAACCCCTC	0	65.0	0	0.0	65.0	1	0.58	65.0	1	0.56	63.75	1	0.43	64.0	2	0.68	63.0	5	0.79	61.2	6	0.29	61.3	7	0.15	60.5	46	0.31
chr19	55518248	C	CCCA	0	65.0	1	1.67	62.5	1	0.61	61.67	1	0.59	58.75	1	0.47	60.0	2	0.54	60.0	2	0.25	61.2	6	0.25	61.4	7	0.13	60.05	44	0.29
chr19	55540969	A	AC	0	65.0	1	0.67	62.5	2	0.59	60.0	2	0.46	63.75	3	0.51	64.0	3	0.36	62.5	5	0.29	65.0	11	0.21	63.8	34	0.34	57.7	54	0.32
chr19	55578541	C	CCCG	0	65.0	1	0.91	72.5	5	1.05	78.33	8	0.94	81.25	11	0.88	83.0	13	0.81	74.5	22	0.83	76.2	60	0.83	74.5	106	0.77	72.05	180	0.7
chr19	55912557	TGAAA	T	0	45.0	0	0.0	47.5	1	0.51	48.33	1	0.29	47.5	2	0.45	46.0	2	0.38	47.0	6	0.54	46.8	8	0.29	45.3	14	0.27	45.05	32	0.32
chr19	56088070	CTCG	C	0	85.0	5	1.52	82.5	8	1.23	81.67	12	1.32	81.25	15	1.3	78.0	16	1.18	78.5	27	0.95	76.2	63	0.9	72.7	112	0.87	70.55	197	0.79
chr19	56159902	ACCCCGGCAG	A	0	80.0	4	1.45	82.5	7	1.08	81.67	8	0.84	81.25	13	1.03	81.0	15	0.94	75.0	25	0.9	74.4	57	0.83	68.0	77	0.7	62.0	91	0.52
chr19	56286472	CCTT	C	0	40.0	0	0.0	37.5	1	0.74	36.67	1	0.54	42.5	2	0.71	43.0	3	0.74	43.5	4	0.44	44.0	10	0.42	47.3	24	0.43	44.7	40	0.4
chr19	56462408	C	CAG	0	55.0	0	0.0	60.0	0	0.0	61.67	0	0.0	58.75	0	0.0	58.0	0	0.0	56.0	2	0.13	54.2	8	0.22	53.0	12	0.17	51.9	23	0.17
chr19	57445371	C	CA	0	50.0	1	0.83	42.5	1	0.56	40.0	1	0.42	41.25	1	0.31	42.0	1	0.24	38.5	2	0.27	39.6	5	0.26	42.5	12	0.27	43.3	20	0.21
chr19	57477297	A	AGCC	0	80.0	3	1.09	75.0	4	0.74	71.67	5	0.68	71.25	7	0.69	69.0	10	0.84	63.5	14	0.69	56.6	22	0.55	54.7	40	0.54	49.95	53	0.43
chr19	57639969	TG	T	0	50.0	0	0.0	55.0	0	0.0	51.67	0	0.0	51.25	0	0.0	51.0	0	0.0	51.0	0	0.0	41.2	2	0.1	44.1	8	0.17	41.5	12	0.14
chr19	57692663	C	CA	0	35.0	1	2.0	37.5	2	1.48	46.67	3	0.94	45.0	3	0.76	45.0	5	0.99	51.0	9	0.69	49.2	19	0.63	44.5	25	0.51	42.9	42	0.46
chr19	57692663	CA	C	0	35.0	1	2.0	37.5	2	1.48	46.67	3	0.94	45.0	3	0.76	45.0	5	0.99	51.0	9	0.69	49.2	19	0.63	44.5	25	0.51	42.9	42	0.46
chr19	57790397	TG	T	0	50.0	0	0.0	45.0	0	0.0	45.0	0	0.0	45.0	0	0.0	48.0	0	0.0	47.5	1	0.09	48.6	2	0.07	49.5	14	0.23	48.65	32	0.27
chr19	57874500	C	CATA	0	30.0	0	0.0	35.0	0	0.0	36.67	0	0.0	35.0	0	0.0	34.0	0	0.0	36.5	0	0.0	37.6	1	0.06	41.7	7	0.17	44.05	21	0.22
chr19	57901702	T	TG	0	55.0	0	0.0	45.0	0	0.0	48.33	0	0.0	46.25	0	0.0	47.0	0	0.0	45.5	1	0.1	45.2	4	0.16	40.4	6	0.15	42.5	34	0.38
chr19	58002726	A	AC	0	70.0	1	0.61	75.0	2	0.5	76.67	6	0.8	75.0	6	0.63	75.0	7	0.54	72.5	22	0.86	73.8	62	0.91	67.1	104	0.92	58.85	144	0.83
chr19	58206992	A	AG	0	80.0	1	0.32	70.0	2	0.41	60.0	3	0.56	62.5	4	0.51	62.0	6	0.62	63.0	8	0.4	58.8	11	0.26	52.8	15	0.22	48.05	22	0.19
chr2	1942997	TTCC	T	0	50.0	0	0.0	50.0	1	2.11	43.33	1	1.25	41.25	1	0.89	42.0	2	1.08	47.5	7	1.01	45.6	12	0.59	43.0	17	0.4	40.25	30	0.38
chr2	1942997	TTCCTCC	T	0	50.0	0	0.0	50.0	1	2.11	43.33	1	1.25	41.25	1	0.89	42.0	2	1.08	47.5	7	1.01	45.6	12	0.59	43.0	17	0.4	40.25	30	0.38
chr2	3701560	GGAA	G	0	45.0	0	0.0	52.5	1	0.37	48.33	1	0.32	51.25	1	0.19	53.0	2	0.29	51.0	6	0.46	44.0	10	0.41	41.0	18	0.43	43.7	37	0.39
chr2	9412253	A	AT	0	25.0	1	5.0	32.5	1	0.95	41.67	2	0.8	37.5	2	0.71	40.0	2	0.51	49.5	7	0.57	44.8	15	0.6	43.4	26	0.55	43.95	46	0.48
chr2	9412253	AT	A	0	25.0	1	5.0	32.5	1	0.95	41.67	2	0.8	37.5	2	0.71	40.0	2	0.51	49.5	7	0.57	44.8	15	0.6	43.4	26	0.55	43.95	46	0.48
chr2	9849440	T	TA	0	40.0	1	1.33	37.5	1	0.74	36.67	1	0.51	33.75	1	0.49	33.0	1	0.41	34.0	1	0.18	32.6	4	0.3	31.6	4	0.16	33.75	14	0.25
chr2	9849440	TA	T	0	40.0	1	1.33	37.5	1	0.74	36.67	1	0.51	33.75	1	0.49	33.0	1	0.41	34.0	1	0.18	32.6	4	0.3	31.6	4	0.16	33.75	14	0.25
chr2	17781725	CAAGTT	C	0	45.0	0	0.0	40.0	0	0.0	35.0	0	0.0	33.75	0	0.0	37.0	0	0.0	38.0	0	0.0	36.0	2	0.12	34.3	3	0.1	35.95	10	0.16
chr2	20598245	CT	C	0	45.0	0	0.0	57.5	0	0.0	55.0	0	0.0	51.25	0	0.0	48.0	0	0.0	39.5	2	0.26	46.4	8	0.3	49.3	26	0.43	50.55	52	0.41
chr2	20667361	G	GGGCGGCGGC	0	90.0	3	0.83	90.0	7	0.94	93.33	12	1.02	86.25	14	1.04	86.0	18	1.03	85.0	37	1.03	78.0	77	1.01	74.6	121	0.87	69.8	181	0.75
chr2	20667447	CCCGCGCCGCGCG	C	0	90.0	4	1.0	95.0	12	1.36	91.67	15	1.21	87.5	19	1.24	84.0	21	1.19	81.0	35	1.07	78.4	76	0.99	74.0	115	0.84	69.4	173	0.72
chr2	21043901	GGCAGCGCCA	G	0	80.0	2	0.62	72.5	3	0.57	80.0	7	0.73	81.25	10	0.76	79.0	13	0.84	80.0	26	0.83	74.8	43	0.63	68.7	61	0.52	61.3	84	0.45
chr2	24164307	G	GC	0	60.0	0	0.0	50.0	1	0.4	53.33	1	0.25	53.75	1	0.19	55.0	1	0.14	49.0	3	0.25	46.0	5	0.19	46.9	9	0.16	45.6	18	0.18
chr2	24179257	C	CAA	0	25.0	1	5.0	22.5	1	2.86	25.0	1	1.11	23.75	1	0.95	29.0	1	0.53	28.5	1	0.28	30.0	3	0.29	36.1	6	0.19	40.2	10	0.13
chr2	25161586	C	CGCCGCTGCT	0	75.0	2	0.8	75.0	6	1.15	71.67	7	0.93	72.5	11	1.06	73.0	14	1.06	73.0	25	0.94	71.4	54	0.85	66.7	85	0.77	59.0	106	0.61
chr2	26254256	G	GACT	0	35.0	0	0.0	37.5	0	0.0	31.67	0	0.0	36.25	0	0.0	35.0	0	0.0	32.0	0	0.0	33.6	2	0.14	34.5	5	0.17	37.5	17	0.24
chr2	27312442	T	TG	0	60.0	0	0.0	60.0	1	0.3	53.33	1	0.26	53.75	1	0.23	56.0	1	0.17	57.5	2	0.14	53.4	4	0.12	53.2	7	0.1	52.8	16	0.12
chr2	29065059	C	CGCT	0	70.0	1	0.42	60.0	2	0.56	60.0	3	0.56	62.5	3	0.38	62.0	3	0.31	62.5	5	0.26	64.8	15	0.29	56.8	22	0.27	53.45	35	0.25
chr2	29228931	CTCCGAAA	C	0	70.0	1	1.54	67.5	1	0.36	70.0	1	0.28	66.25	2	0.5	63.0	2	0.31	59.0	5	0.32	61.8	13	0.27	59.5	23	0.26	58.5	48	0.28
chr2	37201782	GTTT	G	0	15.0	0	0.0	25.0	0	0.0	25.0	0	0.0	21.25	0	0.0	20.0	0	0.0	29.5	1	0.23	33.8	1	0.07	33.4	3	0.11	35.95	11	0.17
chr2	37952270	CTG	C	0	35.0	0	0.0	42.5	0	0.0	38.33	0	0.0	42.5	0	0.0	43.0	0	0.0	38.5	0	0.0	36.2	1	0.06	34.5	4	0.14	32.4	11	0.21
chr2	43224599	C	CCTGCTGCTG	0	80.0	1	0.31	80.0	3	0.48	81.67	7	0.71	80.0	11	0.89	81.0	14	0.89	76.5	26	0.98	76.0	70	1.02	71.6	116	0.93	62.75	181	0.94
chr2	43224599	CCTG	C	0	80.0	1	0.31	80.0	3	0.48	81.67	7	0.71	80.0	11	0.89	81.0	14	0.89	76.5	26	0.98	76.0	70	1.02	71.6	116	0.93	62.75	181	0.94
chr2	43428136	CAGA	C	0	50.0	0	0.0	47.5	0	0.0	51.67	2	0.53	48.75	2	0.42	49.0	2	0.33	44.0	5	0.53	41.4	15	0.7	45.1	30	0.59	41.45	42	0.49
chr2	44301127	GT	G	0	55.0	0	0.0	60.0	3	0.83	51.67	3	0.77	53.75	3	0.53	55.0	4	0.53	51.5	7	0.53	46.6	14	0.52	42.0	19	0.43	43.25	33	0.35
chr2	47369713	C	CG	0	75.0	3	1.2	72.5	6	1.15	73.33	8	0.99	73.75	11	1.02	70.0	13	1.08	72.5	22	0.84	71.6	56	0.88	70.0	113	0.92	60.05	155	0.86
chr2	48755615	G	GGCTGCA	0	80.0	2	0.67	75.0	5	0.89	73.33	7	0.87	73.75	8	0.74	71.0	10	0.79	72.0	22	0.86	67.2	40	0.71	59.6	49	0.55	53.1	59	0.42
chr2	54255565	GGGGCCC	G	0	75.0	2	0.71	77.5	3	0.5	76.67	3	0.34	70.0	3	0.31	66.0	3	0.28	62.5	9	0.48	58.0	19	0.47	56.6	41	0.52	53.45	72	0.5
chr2	61134189	TG	T	0	35.0	0	0.0	45.0	0	0.0	46.67	1	0.33	48.75	1	0.23	45.0	2	0.42	40.0	3	0.39	37.4	4	0.23	39.2	9	0.24	42.0	25	0.29
chr2	61186453	TAAG	T	0	25.0	0	0.0	30.0	0	0.0	35.0	0	0.0	38.75	0	0.0	37.0	0	0.0	37.0	0	0.0	35.0	2	0.13	34.9	5	0.17	37.65	11	0.16
chr2	65071511	GAAC	G	0	50.0	0	0.0	47.5	0	0.0	48.33	0	0.0	50.0	2	0.43	49.0	2	0.35	49.5	2	0.17	53.0	6	0.17	55.2	17	0.22	56.05	36	0.23
chr2	68538001	AAAG	A	0	35.0	0	0.0	30.0	0	0.0	33.33	0	0.0	35.0	0	0.0	34.0	0	0.0	37.5	2	0.29	36.0	2	0.12	36.9	8	0.24	36.55	13	0.19
chr2	68578009	GA	G	0	20.0	0	0.0	25.0	0	0.0	28.33	0	0.0	32.5	0	0.0	32.0	0	0.0	36.0	0	0.0	36.2	2	0.13	34.0	4	0.15	34.6	7	0.12
chr2	69514620	CTGT	C	0	45.0	0	0.0	55.0	0	0.0	58.33	0	0.0	52.5	0	0.0	52.0	0	0.0	55.5	0	0.0	53.2	2	0.06	47.7	3	0.05	45.55	11	0.11
chr2	69902655	TCTTCTGCTGCTC	T	0	45.0	0	0.0	47.5	0	0.0	51.67	0	0.0	52.5	0	0.0	51.0	0	0.0	50.0	0	0.0	53.0	7	0.22	51.4	9	0.16	43.3	14	0.15
chr2	70835701	G	GC	0	70.0	2	0.89	65.0	2	0.5	60.0	3	0.6	57.5	3	0.46	58.0	4	0.5	55.0	4	0.27	55.2	12	0.32	51.9	18	0.27	50.4	24	0.19
chr2	70943567	GGA	G	0	65.0	0	0.0	65.0	0	0.0	66.67	1	0.23	61.25	1	0.18	61.0	1	0.13	65.0	3	0.15	64.4	9	0.18	60.9	17	0.18	58.25	25	0.15
chr2	71574203	C	CAGGCGG	0	70.0	1	0.44	70.0	3	0.64	68.33	3	0.46	68.75	5	0.53	66.0	5	0.46	63.5	12	0.6	62.6	17	0.35	57.9	26	0.31	57.95	36	0.22
chr2	72465142	A	AAG	0	40.0	0	0.0	32.5	0	0.0	35.0	0	0.0	32.5	0	0.0	34.0	0	0.0	37.0	1	0.15	36.0	3	0.19	31.0	3	0.12	34.95	9	0.15
chr2	72465143	A	AGC	0	45.0	0	0.0	35.0	0	0.0	36.67	0	0.0	31.25	0	0.0	35.0	1	0.33	36.5	1	0.15	36.0	3	0.19	31.1	3	0.12	35.0	9	0.15
chr2	72924023	T	TG	0	75.0	2	0.91	67.5	3	0.71	58.33	3	0.59	61.25	3	0.4	60.0	4	0.45	63.5	13	0.65	63.6	28	0.56	62.9	62	0.63	60.0	96	0.53
chr2	73385902	T	TGGAGGA	0	80.0	2	0.83	67.5	2	0.57	70.0	3	0.56	67.5	3	0.43	65.0	4	0.51	70.0	14	0.58	70.4	50	0.81	66.5	92	0.83	56.2	119	0.75
chr2	73385902	TGGA	T	0	80.0	2	0.83	67.5	2	0.57	70.0	3	0.56	67.5	3	0.43	65.0	4	0.51	70.0	14	0.58	70.4	50	0.81	66.5	92	0.83	56.2	119	0.75
chr2	73385902	TGGAGGA	T	0	80.0	2	0.83	67.5	2	0.57	70.0	3	0.56	67.5	3	0.43	65.0	4	0.51	70.0	14	0.58	70.4	50	0.81	66.5	92	0.83	56.2	119	0.75
chr2	73385902	TGGAGGAGGA	T	0	80.0	2	0.83	67.5	2	0.57	70.0	3	0.56	67.5	3	0.43	65.0	4	0.51	70.0	14	0.58	70.4	50	0.81	66.5	92	0.83	56.2	119	0.75
chr2	73448096	T	TCTC	0	45.0	0	0.0	42.5	0	0.0	46.67	0	0.0	45.0	0	0.0	44.0	0	0.0	42.5	0	0.0	41.2	0	0.0	40.2	3	0.08	41.4	8	0.09
chr2	74314960	TCTC	T	0	50.0	1	0.95	50.0	1	0.42	50.0	1	0.27	51.25	1	0.21	51.0	1	0.17	45.5	1	0.1	45.8	1	0.04	45.2	7	0.14	41.45	15	0.17
chr2	75493441	CGCTGTCGCT	C	0	65.0	2	1.11	65.0	4	1.0	61.67	5	0.91	63.75	7	0.89	62.0	8	0.84	59.5	14	0.8	58.4	27	0.64	49.2	35	0.58	43.95	43	0.45
chr2	75679792	A	AT	0	25.0	0	0.0	47.5	0	0.0	48.33	0	0.0	45.0	1	0.25	44.0	1	0.21	38.0	1	0.14	32.8	1	0.07	33.1	3	0.11	36.55	6	0.09
chr2	85133704	GGGC	G	0	95.0	5	1.28	90.0	8	1.02	90.0	11	0.93	91.25	15	0.91	89.0	18	0.92	86.5	35	0.97	78.4	74	0.98	75.6	128	0.9	69.95	207	0.85
chr2	88627210	CCAG	C	0	75.0	2	0.74	72.5	3	0.61	78.33	7	0.8	77.5	10	0.86	79.0	12	0.78	78.5	29	0.95	74.6	62	0.92	69.6	110	0.93	59.65	144	0.81
chr2	89319635	A	AACC	0	45.0	0	0.0	47.5	0	0.0	41.67	0	0.0	40.0	0	0.0	43.0	0	0.0	49.5	1	0.08	49.0	2	0.07	47.7	8	0.14	46.15	19	0.18
chr2	89319639	CTGT	C	0	40.0	0	0.0	45.0	0	0.0	41.67	0	0.0	41.25	0	0.0	43.0	0	0.0	50.0	1	0.08	49.4	2	0.07	47.8	9	0.16	46.1	19	0.18
chr2	95181294	TGCG	T	0	65.0	2	1.0	70.0	4	0.83	61.67	5	0.88	57.5	5	0.76	55.0	5	0.66	50.5	5	0.39	50.6	11	0.34	49.7	23	0.38	48.25	52	0.45
chr2	95859968	A	AT	0	30.0	1	2.5	30.0	1	1.25	31.67	1	0.71	31.25	1	0.52	29.0	1	0.49	28.0	2	0.52	29.2	4	0.38	28.9	4	0.19	33.8	12	0.21
chr2	95944646	C	CA	0	35.0	0	0.0	35.0	0	0.0	31.67	0	0.0	33.75	0	0.0	36.0	0	0.0	35.0	0	0.0	38.2	3	0.16	38.9	5	0.13	32.9	8	0.15
chr2	95950752	C	CAA	0	45.0	0	0.0	42.5	0	0.0	40.0	0	0.0	33.75	0	0.0	31.0	0	0.0	31.0	1	0.22	35.2	1	0.06	39.9	5	0.13	35.35	7	0.11
chr2	95950756	AGC	A	0	50.0	0	0.0	45.0	0	0.0	36.67	0	0.0	33.75	0	0.0	32.0	0	0.0	31.0	1	0.23	35.2	1	0.06	40.0	5	0.13	35.3	7	0.11
chr2	97113749	GC	G	0	60.0	2	1.48	62.5	4	1.18	56.67	4	0.84	60.0	5	0.71	59.0	7	0.83	56.5	15	0.94	58.2	34	0.83	65.4	72	0.73	62.2	126	0.67
chr2	97249149	GA	G	0	30.0	0	0.0	27.5	0	0.0	25.0	0	0.0	26.25	0	0.0	29.0	0	0.0	29.5	1	0.23	30.4	2	0.17	31.3	7	0.29	32.9	13	0.25
chr2	99593871	CG	C	0	85.0	3	0.83	72.5	4	0.77	75.0	7	0.83	76.25	9	0.78	78.0	15	0.99	77.0	27	0.91	69.2	50	0.84	61.4	66	0.7	54.4	83	0.56
chr2	99593874	CTGAGG	C	0	80.0	2	0.63	75.0	5	0.89	76.67	7	0.81	76.25	10	0.86	78.0	15	0.99	78.0	28	0.93	68.8	49	0.83	61.4	66	0.7	54.35	83	0.56
chr2	99601547	CGCT	C	0	75.0	1	0.36	70.0	2	0.41	66.67	2	0.3	66.25	3	0.34	65.0	5	0.47	68.5	12	0.51	61.2	17	0.36	53.0	22	0.32	46.15	33	0.31
chr2	101007869	A	AAAG	0	35.0	0	0.0	35.0	0	0.0	33.33	0	0.0	35.0	0	0.0	35.0	0	0.0	40.5	1	0.13	47.6	7	0.25	45.2	12	0.24	43.8	19	0.2
chr2	101023623	G	GT	0	5.0	0	0.0	17.5	0	0.0	23.33	0	0.0	27.5	0	0.0	26.0	0	0.0	39.5	2	0.26	42.6	4	0.18	42.4	15	0.34	42.45	35	0.39
chr2	104856097	AGCC	A	0	90.0	4	1.04	92.5	9	1.12	91.67	13	1.05	86.25	14	0.97	86.0	15	0.82	82.5	29	0.88	80.8	75	0.92	78.1	146	0.96	76.65	274	0.93
chr2	105337480	G	GC	0	70.0	3	1.25	62.5	4	1.04	65.0	7	1.11	65.0	10	1.19	66.0	11	1.03	63.0	18	0.91	62.4	40	0.82	55.9	59	0.76	47.5	75	0.66
chr2	112074957	CAAT	C	0	40.0	0	0.0	35.0	0	0.0	30.0	0	0.0	26.25	0	0.0	27.0	0	0.0	30.0	3	0.68	33.4	4	0.29	37.4	4	0.12	38.25	11	0.15
chr2	113635062	CG	C	0	65.0	1	0.48	57.5	2	0.63	56.67	2	0.43	55.0	2	0.33	55.0	2	0.26	54.5	5	0.34	56.4	7	0.18	55.7	19	0.24	55.4	44	0.29
chr2	113742698	CA	C	0	30.0	0	0.0	27.5	0	0.0	31.67	1	0.77	31.25	1	0.56	33.0	1	0.41	34.0	2	0.36	33.2	6	0.44	30.6	6	0.26	30.45	11	0.24
chr2	119437074	A	AGTGTGC	0	60.0	1	0.74	55.0	1	0.42	61.67	1	0.19	63.75	2	0.26	67.0	5	0.45	67.5	11	0.48	62.2	21	0.43	57.4	31	0.38	55.55	49	0.32
chr2	119946587	A	AT	0	25.0	0	0.0	32.5	0	0.0	35.0	0	0.0	35.0	1	0.41	33.0	1	0.37	29.0	1	0.24	29.8	1	0.09	28.8	3	0.14	30.85	6	0.13
chr2	130372354	AGACGGG	A	0	70.0	2	1.21	82.5	7	1.3	83.33	9	1.07	82.5	14	1.19	81.0	17	1.19	77.5	30	1.02	73.6	56	0.83	69.4	93	0.78	62.8	128	0.65
chr2	131492342	AC	A	0	95.0	4	0.91	87.5	5	0.7	88.33	9	0.82	83.75	12	0.91	85.0	16	0.93	78.0	27	0.96	76.6	66	0.9	71.4	104	0.82	69.0	181	0.76
chr2	133118109	GT	G	0	45.0	0	0.0	35.0	0	0.0	36.67	0	0.0	35.0	0	0.0	36.0	0	0.0	37.0	1	0.19	39.2	3	0.16	36.6	6	0.18	37.35	15	0.22
chr2	151379530	T	TA	0	20.0	0	0.0	27.5	0	0.0	25.0	0	0.0	27.5	0	0.0	28.0	0	0.0	29.0	0	0.0	31.8	3	0.24	33.1	11	0.4	36.55	30	0.45
chr2	151379530	TA	T	0	20.0	0	0.0	27.5	0	0.0	25.0	0	0.0	27.5	0	0.0	28.0	0	0.0	29.0	0	0.0	31.8	3	0.24	33.1	11	0.4	36.55	30	0.45
chr2	151379530	TAA	T	0	20.0	0	0.0	27.5	0	0.0	25.0	0	0.0	27.5	0	0.0	28.0	0	0.0	29.0	0	0.0	31.8	3	0.24	33.1	11	0.4	36.55	30	0.45
chr2	158102038	G	GA	0	30.0	0	0.0	30.0	0	0.0	33.33	0	0.0	32.5	0	0.0	34.0	0	0.0	35.0	0	0.0	34.8	0	0.0	37.5	2	0.06	38.2	7	0.1
chr2	160062363	CCAG	C	0	85.0	3	0.91	82.5	5	0.75	80.0	7	0.76	77.5	11	0.95	75.0	13	0.94	73.0	19	0.74	71.8	45	0.76	67.2	74	0.67	60.6	110	0.6
chr2	165176264	CATT	C	0	30.0	0	0.0	32.5	0	0.0	36.67	0	0.0	38.75	0	0.0	43.0	1	0.22	43.0	3	0.32	38.2	6	0.33	32.5	6	0.23	33.2	10	0.18
chr2	168247354	G	GGCC	0	100.0	5	1.0	90.0	10	1.25	90.0	13	1.07	87.5	15	0.98	87.0	17	0.91	81.5	29	0.88	78.2	71	0.93	72.5	128	0.98	66.2	195	0.89
chr2	169776449	C	CAA	0	45.0	0	0.0	42.5	0	0.0	40.0	0	0.0	35.0	0	0.0	40.0	1	0.25	39.5	1	0.13	40.0	2	0.1	38.8	3	0.08	38.3	11	0.15
chr2	172102399	G	GGCT	0	70.0	0	0.0	67.5	1	0.23	68.33	1	0.15	72.5	5	0.5	74.0	10	0.75	74.5	22	0.82	67.0	40	0.74	66.4	79	0.73	63.25	144	0.73
chr2	174337445	GGGCGGCGGCAGCGGC	G	0	90.0	4	1.0	85.0	8	1.11	80.0	11	1.15	82.5	15	1.1	81.0	19	1.16	73.0	28	1.05	70.6	65	1.05	68.2	120	1.03	60.5	185	1.01
chr2	174427851	TTCAAATTTATCAG	T	0	15.0	0	0.0	27.5	0	0.0	28.33	0	0.0	26.25	0	0.0	29.0	0	0.0	32.5	0	0.0	31.6	1	0.08	30.2	3	0.13	33.7	17	0.3
chr2	176123561	C	CGCA	0	70.0	2	0.83	57.5	2	0.61	56.67	2	0.42	53.75	3	0.53	56.0	4	0.51	56.0	12	0.77	56.8	32	0.79	61.8	78	0.83	59.05	141	0.81
chr2	176130416	TGCG	T	0	85.0	4	1.21	80.0	8	1.3	76.67	10	1.15	68.75	11	1.16	63.0	13	1.31	72.5	32	1.23	76.0	77	1.07	71.6	133	1.04	63.75	195	0.96
chr2	176130573	G	GCGCACC	0	85.0	5	1.43	85.0	8	1.33	85.0	12	1.33	83.75	15	1.16	79.0	17	1.14	80.0	31	0.98	72.2	68	1.07	68.1	119	1.03	62.4	193	0.99
chr2	177629444	G	GGGA	0	60.0	0	0.0	55.0	0	0.0	56.67	0	0.0	52.5	1	0.19	53.0	1	0.15	49.5	2	0.16	46.8	4	0.15	45.5	10	0.19	42.25	12	0.13
chr2	178451006	GGC	G	0	90.0	4	1.11	82.5	6	0.89	75.0	8	0.95	72.5	9	0.87	72.0	11	0.85	75.5	24	0.84	76.6	58	0.79	72.6	102	0.77	61.55	146	0.77
chr2	178650213	TTTTCCTCTTCAGGAGCAA	T	0	50.0	0	0.0	47.5	0	0.0	48.33	0	0.0	48.75	0	0.0	51.0	0	0.0	38.5	0	0.0	33.8	1	0.07	32.5	3	0.11	33.2	9	0.16
chr2	178679957	C	CTCT	0	35.0	0	0.0	37.5	0	0.0	33.33	0	0.0	36.25	0	0.0	40.0	0	0.0	44.0	0	0.0	38.4	0	0.0	38.8	6	0.16	36.95	12	0.18
chr2	184937483	C	CACA	0	25.0	0	0.0	25.0	0	0.0	28.33	0	0.0	27.5	0	0.0	30.0	0	0.0	29.0	0	0.0	33.2	3	0.22	33.6	8	0.28	36.05	13	0.2
chr2	185738877	A	AG	0	75.0	0	0.0	75.0	2	0.5	70.0	3	0.56	70.0	5	0.62	70.0	6	0.56	68.5	16	0.71	69.4	44	0.74	60.7	64	0.71	49.9	78	0.64
chr2	186694319	G	GCAA	0	55.0	0	0.0	52.5	0	0.0	51.67	0	0.0	57.5	2	0.32	58.0	2	0.24	63.5	10	0.5	67.8	39	0.69	65.2	66	0.64	52.95	76	0.54
chr2	189805812	T	TA	0	15.0	0	0.0	22.5	0	0.0	26.67	1	0.94	25.0	1	0.81	29.0	1	0.48	34.0	1	0.17	33.4	3	0.22	30.6	8	0.34	33.25	11	0.2
chr2	189805812	TA	T	0	15.0	0	0.0	22.5	0	0.0	26.67	1	0.94	25.0	1	0.81	29.0	1	0.48	34.0	1	0.17	33.4	3	0.22	30.6	8	0.34	33.25	11	0.2
chr2	196656743	CTG	C	0	35.0	0	0.0	30.0	0	0.0	38.33	1	0.54	37.5	2	0.85	38.0	2	0.58	41.0	3	0.36	39.8	5	0.26	42.3	11	0.25	43.25	14	0.16
chr2	196666793	C	CA	0	40.0	0	0.0	37.5	0	0.0	43.33	1	0.36	41.25	1	0.3	41.0	2	0.48	37.0	2	0.29	36.6	3	0.18	34.7	3	0.1	34.25	6	0.1
chr2	196666793	CA	C	0	40.0	0	0.0	37.5	0	0.0	43.33	1	0.36	41.25	1	0.3	41.0	2	0.48	37.0	2	0.29	36.6	3	0.18	34.7	3	0.1	34.25	6	0.1
chr2	197078657	ATG	A	0	45.0	0	0.0	45.0	0	0.0	38.33	0	0.0	36.25	0	0.0	39.0	0	0.0	41.0	1	0.12	41.0	5	0.24	38.1	7	0.19	36.85	15	0.22
chr2	197516725	GT	G	0	45.0	0	0.0	42.5	0	0.0	45.0	0	0.0	48.75	1	0.22	46.0	1	0.2	45.5	5	0.49	48.6	15	0.51	51.1	36	0.56	50.4	93	0.73
chr2	202786751	A	AT	0	25.0	0	0.0	32.5	0	0.0	28.33	0	0.0	27.5	0	0.0	27.0	0	0.0	31.5	0	0.0	35.6	6	0.39	42.9	26	0.58	38.05	30	0.42
chr2	202786751	AT	A	0	25.0	0	0.0	32.5	0	0.0	28.33	0	0.0	27.5	0	0.0	27.0	0	0.0	31.5	0	0.0	35.6	6	0.39	42.9	26	0.58	38.05	30	0.42
chr2	202786751	ATT	A	0	25.0	0	0.0	32.5	0	0.0	28.33	0	0.0	27.5	0	0.0	27.0	0	0.0	31.5	0	0.0	35.6	6	0.39	42.9	26	0.58	38.05	30	0.42
chr2	210315040	A	AT	0	30.0	0	0.0	32.5	1	0.95	35.0	1	0.56	42.5	2	0.57	47.0	3	0.55	53.0	5	0.39	46.0	9	0.35	40.0	9	0.23	36.5	13	0.2
chr2	210315040	AT	A	0	30.0	0	0.0	32.5	1	0.95	35.0	1	0.56	42.5	2	0.57	47.0	3	0.55	53.0	5	0.39	46.0	9	0.35	40.0	9	0.23	36.5	13	0.2
chr2	210556727	A	ATCT	0	35.0	0	0.0	27.5	1	1.33	28.33	1	0.83	28.75	1	0.61	32.0	1	0.39	34.5	1	0.17	38.8	2	0.11	37.2	3	0.09	34.85	5	0.08
chr2	215075559	G	GA	0	25.0	0	0.0	32.5	0	0.0	38.33	0	0.0	38.75	0	0.0	38.0	0	0.0	38.0	1	0.14	34.8	2	0.13	37.7	5	0.14	39.5	21	0.27
chr2	215075559	GA	G	0	25.0	0	0.0	32.5	0	0.0	38.33	0	0.0	38.75	0	0.0	38.0	0	0.0	38.0	1	0.14	34.8	2	0.13	37.7	5	0.14	39.5	21	0.27
chr2	216633566	C	CGCCGCTGCT	0	90.0	4	1.04	85.0	8	1.17	80.0	8	0.85	78.75	11	0.89	79.0	14	0.9	81.5	35	1.07	79.2	73	0.94	73.2	126	0.95	64.1	158	0.79
chr2	216633572	T	TGCTGCCGCC	0	90.0	4	1.04	80.0	6	0.97	80.0	8	0.86	78.75	11	0.89	80.0	15	0.94	82.0	36	1.08	79.6	75	0.95	73.1	126	0.95	64.2	158	0.78
chr2	217713089	AC	A	0	65.0	0	0.0	62.5	0	0.0	53.33	0	0.0	55.0	0	0.0	58.0	1	0.12	56.5	4	0.26	52.2	10	0.29	52.4	15	0.22	51.2	28	0.21
chr2	217848162	G	GGCTGCT	0	75.0	1	0.45	70.0	2	0.47	68.33	2	0.3	63.75	3	0.37	61.0	3	0.32	66.5	6	0.27	63.8	15	0.3	62.5	28	0.29	60.1	56	0.31
chr2	217848162	GGCT	G	0	75.0	1	0.45	70.0	2	0.47	68.33	2	0.3	63.75	3	0.37	61.0	3	0.32	66.5	6	0.27	63.8	15	0.3	62.5	28	0.29	60.1	56	0.31
chr2	217897938	GTCC	G	0	55.0	0	0.0	65.0	1	0.26	58.33	2	0.42	55.0	2	0.34	57.0	3	0.37	58.0	6	0.36	59.8	11	0.25	57.8	18	0.22	57.9	34	0.2
chr2	219496867	T	TA	0	60.0	1	0.74	62.5	3	0.88	71.67	8	1.09	70.0	9	0.95	69.0	12	1.05	66.0	20	0.93	65.0	43	0.82	65.4	74	0.69	62.45	118	0.61
chr2	222695266	AG	A	0	40.0	0	0.0	42.5	0	0.0	38.33	0	0.0	38.75	0	0.0	38.0	0	0.0	37.5	0	0.0	36.4	2	0.12	34.4	3	0.1	36.05	11	0.17
chr2	223776085	C	CAA	0	50.0	1	0.95	55.0	2	0.94	58.33	3	0.72	52.5	3	0.67	46.0	3	0.67	37.5	3	0.5	40.4	9	0.46	42.2	12	0.27	41.2	19	0.22
chr2	229591815	CGCT	C	0	65.0	1	0.48	57.5	1	0.3	56.67	1	0.21	56.25	1	0.16	54.0	1	0.14	55.0	3	0.2	51.6	11	0.33	42.9	15	0.33	42.85	21	0.23
chr2	230469779	T	TA	0	20.0	0	0.0	17.5	0	0.0	16.67	0	0.0	26.25	0	0.0	33.0	0	0.0	37.0	0	0.0	39.0	1	0.05	40.3	4	0.1	36.1	7	0.11
chr2	230469779	TA	T	0	20.0	0	0.0	17.5	0	0.0	16.67	0	0.0	26.25	0	0.0	33.0	0	0.0	37.0	0	0.0	39.0	1	0.05	40.3	4	0.1	36.1	7	0.11
chr2	230469787	AAAAAG	A	0	15.0	0	0.0	20.0	0	0.0	25.0	0	0.0	30.0	0	0.0	34.0	0	0.0	38.0	0	0.0	39.2	1	0.05	40.1	4	0.1	36.0	7	0.11
chr2	230469788	AAAAG	A	0	15.0	0	0.0	22.5	0	0.0	26.67	0	0.0	31.25	0	0.0	34.0	0	0.0	38.5	0	0.0	39.2	1	0.05	40.1	4	0.1	35.95	7	0.11
chr2	231452690	CA	C	0	35.0	0	0.0	35.0	0	0.0	41.67	0	0.0	41.25	1	0.3	46.0	2	0.41	49.5	4	0.33	50.6	5	0.16	49.7	16	0.26	49.95	27	0.22
chr2	231460702	TTCA	T	0	40.0	0	0.0	40.0	0	0.0	45.0	1	2.31	46.25	4	2.0	45.0	5	1.88	44.0	7	1.16	42.2	9	0.47	43.2	18	0.4	42.85	38	0.43
chr2	232847514	C	CCG	0	65.0	0	0.0	67.5	1	0.22	66.67	2	0.31	65.0	3	0.38	67.0	5	0.46	55.5	6	0.39	41.6	7	0.33	36.9	7	0.21	38.05	14	0.19
chr2	232847515	CACA	C	0	70.0	0	0.0	65.0	1	0.24	68.33	2	0.29	65.0	3	0.38	66.0	5	0.48	55.0	6	0.4	41.8	7	0.32	37.0	7	0.2	38.1	14	0.19
chr2	232847516	A	AG	0	65.0	0	0.0	67.5	1	0.22	68.33	2	0.3	63.75	3	0.39	66.0	5	0.48	55.0	6	0.4	41.8	7	0.32	37.0	7	0.2	38.05	14	0.19
chr2	233204749	T	TTG	0	45.0	1	1.43	55.0	3	1.14	58.33	6	1.3	58.75	6	0.94	56.0	6	0.83	59.5	13	0.76	61.0	31	0.67	59.6	60	0.68	55.35	78	0.51
chr2	233385987	CGTGTGCGTGT	C	0	50.0	2	2.5	57.5	4	1.27	53.33	4	0.97	53.75	5	0.89	55.0	5	0.7	45.5	5	0.49	40.6	7	0.35	45.1	18	0.36	50.25	35	0.28
chr2	233481269	AATC	A	0	30.0	0	0.0	37.5	2	1.48	40.0	2	0.86	36.25	2	0.81	39.0	3	0.79	42.0	3	0.35	43.8	9	0.38	50.9	25	0.39	54.2	52	0.36
chr2	233521092	T	TTTC	0	45.0	0	0.0	42.5	0	0.0	45.0	0	0.0	40.0	1	0.32	37.0	1	0.29	36.5	1	0.16	34.4	2	0.14	36.2	3	0.09	35.6	10	0.16
chr2	235852769	C	CCAGG	0	85.0	1	0.3	77.5	2	0.33	75.0	3	0.36	71.25	4	0.4	68.0	4	0.35	62.5	6	0.31	51.2	14	0.43	50.1	36	0.58	44.95	48	0.48
chr2	237336219	TGCA	T	0	60.0	0	0.0	65.0	2	0.5	61.67	2	0.36	63.75	2	0.25	61.0	2	0.22	62.0	5	0.27	55.6	11	0.29	48.0	20	0.35	40.75	22	0.26
chr2	237545508	ACC	A	0	50.0	0	0.0	45.0	0	0.0	48.33	0	0.0	52.5	1	0.18	50.0	1	0.16	45.0	4	0.4	52.4	12	0.35	51.5	16	0.25	52.6	22	0.18
chr2	237591219	A	AAATTCTTCAGGAGACTCT	0	50.0	0	0.0	52.5	0	0.0	55.0	0	0.0	55.0	0	0.0	57.0	0	0.0	61.0	3	0.17	55.8	10	0.26	57.5	24	0.29	54.85	43	0.29
chr2	239402210	T	TG	0	70.0	3	1.25	62.5	6	1.67	63.33	7	1.22	63.75	9	1.16	63.0	11	1.2	60.5	20	1.12	48.6	27	0.93	52.7	63	0.93	55.9	125	0.81
chr2	240042641	CCGTGGGTG	C	0	70.0	2	1.21	60.0	2	0.84	66.67	4	0.86	63.75	6	1.03	63.0	6	0.92	63.0	10	0.79	62.6	25	0.8	61.0	43	0.58	56.65	65	0.43
chr2	240042944	G	GGCCGTGGATGAAGA	0	65.0	2	1.33	52.5	2	1.0	46.67	2	0.91	48.75	2	0.59	52.0	2	0.42	57.0	6	0.4	56.8	12	0.31	57.1	29	0.37	59.9	76	0.44
chr2	240682381	GC	G	0	75.0	2	0.71	70.0	3	0.62	71.67	4	0.53	70.0	5	0.52	71.0	6	0.48	69.5	12	0.51	68.0	26	0.46	66.8	48	0.43	66.1	76	0.35
chr2	240757422	A	ATCC	0	60.0	0	0.0	65.0	0	0.0	63.33	2	0.73	65.0	3	0.68	67.0	6	0.81	68.0	18	0.79	65.6	31	0.58	62.6	47	0.48	61.05	66	0.35
chr2	240757422	ATCC	A	0	60.0	0	0.0	65.0	0	0.0	63.33	2	0.73	65.0	3	0.68	67.0	6	0.81	68.0	18	0.79	65.6	31	0.58	62.6	47	0.48	61.05	66	0.35
chr2	240757422	ATCCTCC	A	0	60.0	0	0.0	65.0	0	0.0	63.33	2	0.73	65.0	3	0.68	67.0	6	0.81	68.0	18	0.79	65.6	31	0.58	62.6	47	0.48	61.05	66	0.35
chr2	241223949	TCA	T	0	70.0	1	0.42	62.5	1	0.29	63.33	2	0.35	61.25	4	0.54	62.0	4	0.42	62.5	7	0.36	61.8	11	0.23	63.3	28	0.28	60.5	56	0.31
chr20	145513	GCAAA	G	0	50.0	1	0.83	52.5	1	0.44	48.33	1	0.32	50.0	2	0.44	47.0	2	0.38	41.5	4	0.49	40.0	8	0.4	38.7	9	0.24	37.5	12	0.17
chr20	145668	ACC	A	0	65.0	2	1.11	57.5	3	1.07	51.67	3	0.82	51.25	3	0.62	51.0	3	0.52	45.5	4	0.41	45.8	9	0.34	41.6	9	0.21	37.95	12	0.17
chr20	187983	G	GT	0	25.0	0	0.0	35.0	0	0.0	33.33	0	0.0	35.0	0	0.0	38.0	0	0.0	39.5	0	0.0	42.2	3	0.14	41.5	3	0.07	40.85	10	0.12
chr20	257793	CTGGTCT	C	0	55.0	0	0.0	60.0	1	0.29	60.0	1	0.2	61.25	1	0.15	59.0	1	0.13	52.0	2	0.15	50.0	3	0.1	46.0	9	0.17	42.9	14	0.15
chr20	298045	CCGG	C	0	75.0	3	1.11	82.5	5	0.74	83.33	9	0.89	80.0	12	0.95	79.0	15	0.96	76.5	28	0.97	73.4	70	1.05	70.5	122	1.01	62.75	187	0.96
chr20	1611503	TGA	T	0	45.0	0	0.0	40.0	0	0.0	46.67	2	0.67	46.25	2	0.51	46.0	2	0.42	52.5	6	0.44	52.0	12	0.36	49.5	20	0.33	50.0	30	0.24
chr20	1611507	G	GAC	0	45.0	0	0.0	40.0	0	0.0	43.33	1	0.39	46.25	2	0.5	45.0	2	0.44	52.5	5	0.36	52.0	13	0.38	49.3	20	0.33	49.95	30	0.24
chr20	1915302	A	AGT	0	40.0	0	0.0	45.0	1	0.52	48.33	1	0.3	46.25	2	0.51	43.0	3	0.71	52.5	6	0.44	53.2	16	0.45	51.1	18	0.28	50.95	29	0.22
chr20	1915303	CCT	C	0	40.0	0	0.0	45.0	1	0.52	46.67	1	0.33	46.25	2	0.51	44.0	3	0.69	52.5	6	0.44	53.4	16	0.45	51.1	18	0.28	50.95	29	0.22
chr20	1915404	CCGA	C	0	65.0	2	1.0	52.5	3	1.22	51.67	3	0.82	57.5	4	0.62	59.0	5	0.58	54.5	9	0.61	52.2	14	0.41	52.0	20	0.3	51.1	26	0.2
chr20	2641173	CAAG	C	0	60.0	0	0.0	65.0	1	0.24	66.67	1	0.15	63.75	1	0.13	61.0	2	0.23	57.0	4	0.28	55.6	11	0.31	52.8	21	0.31	51.65	32	0.24
chr20	3045698	A	AGCCCC	0	85.0	3	0.91	85.0	6	1.0	75.0	6	1.03	68.75	7	0.87	65.0	8	0.85	63.5	16	0.81	67.0	37	0.67	64.5	73	0.71	64.7	133	0.64
chr20	3471355	CGCG	C	0	90.0	4	1.04	87.5	8	1.09	80.0	9	0.98	81.25	12	0.91	78.0	14	0.93	74.0	24	0.88	73.6	52	0.8	69.5	104	0.87	60.6	137	0.76
chr20	3668984	ATCTGGACT	A	0	50.0	0	0.0	55.0	0	0.0	51.67	0	0.0	47.5	0	0.0	46.0	0	0.0	54.0	0	0.0	54.8	3	0.08	57.3	7	0.09	57.1	21	0.13
chr20	5946422	CTCT	C	0	50.0	0	0.0	55.0	0	0.0	51.67	0	0.0	50.0	1	0.22	49.0	1	0.18	46.5	3	0.28	42.0	3	0.14	39.9	9	0.23	39.0	18	0.24
chr20	23085829	C	CT	0	70.0	1	0.5	67.5	2	0.49	65.0	2	0.34	65.0	4	0.48	64.0	5	0.49	62.0	8	0.42	65.0	21	0.4	65.0	44	0.42	60.95	78	0.42
chr20	23085845	CAG	C	0	75.0	1	0.45	72.5	2	0.48	66.67	3	0.47	65.0	3	0.36	64.0	4	0.4	63.0	9	0.46	65.2	23	0.43	64.8	42	0.4	60.65	78	0.42
chr20	25303301	A	AG	0	20.0	0	0.0	32.5	0	0.0	46.67	0	0.0	51.25	0	0.0	49.0	0	0.0	55.0	2	0.13	56.8	7	0.17	55.6	14	0.18	54.8	33	0.22
chr20	25476412	GCTCCCA	G	0	70.0	0	0.0	72.5	3	0.57	71.67	5	0.65	68.75	6	0.64	67.0	6	0.54	69.0	13	0.56	68.4	28	0.48	63.7	51	0.51	60.6	89	0.49
chr20	30388571	AAAG	A	0	50.0	0	0.0	50.0	0	0.0	46.67	0	0.0	48.75	1	0.21	45.0	1	0.2	41.0	1	0.12	33.2	2	0.15	33.9	6	0.21	35.05	17	0.28
chr20	30391248	C	CTTG	0	40.0	0	0.0	37.5	0	0.0	36.67	0	0.0	36.25	0	0.0	41.0	1	0.25	33.0	2	0.37	34.4	2	0.14	36.9	6	0.18	32.8	8	0.15
chr20	30397997	T	TA	0	25.0	0	0.0	27.5	0	0.0	26.67	0	0.0	32.5	1	0.5	37.0	1	0.3	31.5	1	0.21	33.0	3	0.22	35.5	10	0.32	37.55	16	0.23
chr20	32031238	T	TGAC	0	70.0	3	1.25	70.0	8	1.63	68.33	10	1.44	68.75	11	1.16	72.0	13	1.0	71.5	27	1.06	69.8	48	0.79	63.3	66	0.66	54.65	75	0.5
chr20	34077057	C	CCAG	0	85.0	4	1.33	77.5	6	1.43	71.67	6	1.09	70.0	8	1.0	71.0	8	0.7	66.5	11	0.5	64.4	20	0.39	59.7	29	0.33	53.5	36	0.25
chr20	34077058	C	CAGT	0	90.0	4	1.23	77.5	6	1.43	71.67	7	1.27	71.25	8	0.98	70.0	8	0.72	66.5	11	0.5	64.4	20	0.39	59.8	29	0.33	53.55	36	0.25
chr20	35627311	C	CA	0	65.0	0	0.0	60.0	0	0.0	60.0	0	0.0	58.75	1	0.15	59.0	2	0.23	58.5	4	0.23	52.8	8	0.23	49.3	14	0.23	51.35	42	0.32
chr20	35652817	A	AGGGCCG	0	75.0	1	0.45	72.5	3	0.59	76.67	3	0.36	68.75	3	0.33	66.0	3	0.28	59.0	5	0.29	52.0	9	0.27	48.7	11	0.19	43.75	19	0.2
chr20	37241397	G	GA	0	20.0	0	0.0	22.5	0	0.0	20.0	0	0.0	25.0	0	0.0	26.0	0	0.0	32.5	0	0.0	35.4	1	0.06	39.3	1	0.03	43.95	9	0.09
chr20	38926678	C	CGCG	0	85.0	3	1.15	87.5	8	1.37	85.0	13	1.39	80.0	16	1.31	77.0	19	1.33	72.5	30	1.14	73.2	69	1.03	69.4	110	0.91	59.8	150	0.84
chr20	44065917	C	CCCG	0	80.0	3	1.09	80.0	4	0.73	71.67	5	0.81	71.25	6	0.71	73.0	8	0.7	72.0	14	0.6	65.6	17	0.34	61.3	22	0.24	58.35	40	0.24
chr20	45375514	CATT	C	0	30.0	0	0.0	35.0	1	0.89	41.67	2	0.78	43.75	2	0.54	45.0	2	0.4	50.0	4	0.32	52.4	9	0.26	52.4	20	0.29	51.15	30	0.23
chr20	45467276	AG	A	0	60.0	0	0.0	67.5	0	0.0	66.67	0	0.0	66.25	1	0.22	66.0	1	0.17	52.0	4	0.36	48.0	9	0.32	44.4	9	0.19	44.5	16	0.16
chr20	45857312	C	CATCT	0	55.0	2	1.43	57.5	2	0.62	63.33	2	0.34	66.25	5	0.6	68.0	10	0.88	64.0	18	0.88	60.4	31	0.68	59.2	46	0.53	56.5	77	0.48
chr20	45891597	CCTG	C	0	70.0	2	0.89	75.0	5	0.9	68.33	6	0.86	68.75	7	0.75	71.0	9	0.73	70.5	18	0.73	69.8	41	0.68	67.1	72	0.64	64.05	125	0.61
chr20	45891617	TG	T	0	65.0	0	0.0	65.0	0	0.0	70.0	4	0.55	73.75	8	0.74	71.0	10	0.79	69.5	19	0.79	70.4	41	0.67	66.2	70	0.64	63.7	122	0.6
chr20	45891619	CTG	C	0	60.0	0	0.0	65.0	1	0.24	68.33	4	0.57	75.0	8	0.72	72.0	11	0.85	69.5	19	0.8	70.4	40	0.65	66.1	70	0.64	63.7	122	0.6
chr20	46251214	GGCA	G	0	85.0	4	1.14	77.5	5	0.83	78.33	8	0.87	78.75	11	0.89	79.0	13	0.83	78.5	29	0.94	72.2	56	0.86	66.9	82	0.74	59.65	97	0.55
chr20	47651069	TGCAGCAGCA	T	0	55.0	0	0.0	55.0	0	0.0	56.67	1	0.21	56.25	1	0.16	57.0	1	0.12	54.0	3	0.21	49.6	6	0.2	47.0	14	0.25	47.0	30	0.27
chr20	49850762	G	GT	0	35.0	0	0.0	37.5	0	0.0	36.67	0	0.0	35.0	0	0.0	33.0	0	0.0	34.0	0	0.0	36.8	3	0.18	39.6	10	0.26	41.75	13	0.15
chr20	49850762	GT	G	0	35.0	0	0.0	37.5	0	0.0	36.67	0	0.0	35.0	0	0.0	33.0	0	0.0	34.0	0	0.0	36.8	3	0.18	39.6	10	0.26	41.75	13	0.15
chr20	58228619	C	CCCG	0	95.0	5	1.43	90.0	7	1.15	93.33	14	1.23	87.5	18	1.3	86.0	20	1.17	83.0	35	1.07	79.6	68	0.88	69.4	101	0.85	59.1	115	0.66
chr20	60012727	T	TA	0	30.0	0	0.0	32.5	0	0.0	31.67	0	0.0	31.25	1	0.52	34.0	2	0.73	40.0	2	0.25	42.2	5	0.23	42.5	10	0.22	42.8	20	0.23
chr20	62064734	TGCGCCGCCGGGG	T	0	85.0	3	0.86	90.0	7	0.88	85.0	9	0.83	82.5	10	0.74	79.0	13	0.84	82.0	31	0.92	83.2	73	0.86	79.1	132	0.86	77.9	248	0.82
chr20	62065248	TGCCAGG	T	0	85.0	2	0.57	90.0	6	0.78	83.33	9	0.92	82.5	10	0.75	85.0	15	0.86	82.5	31	0.95	86.4	89	1.03	86.3	177	0.98	81.85	311	0.95
chr20	62308712	C	CGACACGAAG	0	55.0	2	1.43	57.5	3	0.95	56.67	5	1.1	55.0	5	0.87	56.0	6	0.79	57.5	13	0.8	55.6	18	0.47	54.7	31	0.42	60.1	75	0.42
chr20	63701285	A	AC	0	55.0	0	0.0	60.0	1	0.28	63.33	2	0.33	61.25	2	0.27	61.0	2	0.22	61.5	6	0.32	61.8	8	0.17	64.3	17	0.16	64.6	65	0.31
chr20	63953689	C	CA	0	30.0	0	0.0	40.0	0	0.0	40.0	0	0.0	45.0	1	0.25	47.0	1	0.18	55.0	5	0.33	56.6	17	0.43	56.2	25	0.32	57.5	52	0.31
chr20	63953689	CA	C	0	30.0	0	0.0	40.0	0	0.0	40.0	0	0.0	45.0	1	0.25	47.0	1	0.18	55.0	5	0.33	56.6	17	0.43	56.2	25	0.32	57.5	52	0.31
chr20	64207978	CGAG	C	0	60.0	1	1.82	62.5	2	0.8	58.33	2	0.69	58.75	2	0.43	57.0	2	0.4	59.0	4	0.3	59.8	10	0.24	60.0	31	0.36	55.45	49	0.32
chr21	10569529	CCTT	C	0	50.0	1	1.25	45.0	1	0.62	38.33	1	0.5	37.5	1	0.36	32.0	1	0.4	32.5	3	0.57	35.0	8	0.53	35.4	10	0.32	37.8	14	0.2
chr21	26843506	C	CACA	0	45.0	0	0.0	50.0	1	0.42	48.33	2	0.61	47.5	2	0.48	47.0	2	0.38	48.0	7	0.71	54.2	16	0.44	55.4	36	0.47	53.05	88	0.63
chr21	26843516	GC	G	0	55.0	1	0.71	57.5	2	0.63	53.33	2	0.5	48.75	2	0.43	48.0	2	0.37	49.0	8	0.74	54.0	16	0.44	55.1	36	0.47	53.1	89	0.63
chr21	28966882	AT	A	0	25.0	0	0.0	27.5	0	0.0	31.67	0	0.0	32.5	1	0.56	35.0	1	0.4	38.0	2	0.32	38.6	7	0.38	39.4	10	0.26	40.5	17	0.21
chr21	30541661	AG	A	0	30.0	0	0.0	32.5	0	0.0	36.67	1	0.5	41.25	1	0.31	46.0	3	0.58	45.5	4	0.39	42.2	5	0.22	36.1	6	0.18	34.0	14	0.24
chr21	32592411	CA	C	0	40.0	0	0.0	37.5	1	0.71	38.33	1	0.48	45.0	1	0.25	51.0	2	0.32	56.0	4	0.26	52.0	15	0.45	48.2	25	0.44	49.5	44	0.36
chr21	32631617	A	AAGTATT	0	30.0	0	0.0	40.0	1	0.67	43.33	1	0.36	42.5	1	0.28	46.0	2	0.38	45.5	4	0.4	43.0	5	0.22	39.5	8	0.21	39.7	18	0.23
chr21	32797006	C	CT	0	40.0	1	1.67	42.5	1	0.95	43.33	1	0.45	41.25	1	0.44	46.0	2	0.45	50.0	3	0.25	50.4	5	0.16	46.2	14	0.26	45.8	26	0.25
chr21	33070369	C	CCCT	0	75.0	1	0.45	70.0	1	0.23	68.33	2	0.36	70.0	3	0.39	67.0	3	0.34	72.0	18	0.76	74.4	54	0.79	73.8	115	0.86	63.65	168	0.83
chr21	33070369	CCCT	C	0	75.0	1	0.45	70.0	1	0.23	68.33	2	0.36	70.0	3	0.39	67.0	3	0.34	72.0	18	0.76	74.4	54	0.79	73.8	115	0.86	63.65	168	0.83
chr21	33488441	CAATTA	C	0	35.0	0	0.0	32.5	0	0.0	33.33	1	0.62	32.5	1	0.48	31.0	1	0.42	34.5	2	0.34	35.0	6	0.39	36.9	12	0.35	41.1	35	0.41
chr21	33576377	G	GA	0	40.0	0	0.0	42.5	0	0.0	35.0	0	0.0	32.5	0	0.0	33.0	0	0.0	34.0	1	0.17	35.8	3	0.19	33.4	6	0.22	35.4	10	0.16
chr21	33576389	GA	G	0	50.0	0	0.0	40.0	0	0.0	38.33	0	0.0	32.5	0	0.0	34.0	1	0.37	36.5	1	0.15	35.2	3	0.19	33.4	6	0.22	35.45	10	0.16
chr21	36486265	C	CCTCAGTCACACTG	0	50.0	0	0.0	50.0	1	0.42	48.33	1	0.29	50.0	1	0.2	50.0	1	0.16	52.0	3	0.22	56.2	10	0.26	51.1	15	0.24	50.65	38	0.3
chr21	36719945	G	GA	0	40.0	0	0.0	37.5	0	0.0	43.33	0	0.0	46.25	2	0.5	49.0	2	0.35	51.0	5	0.4	53.2	11	0.31	51.9	19	0.28	50.2	39	0.31
chr21	36719945	GA	G	0	40.0	0	0.0	37.5	0	0.0	43.33	0	0.0	46.25	2	0.5	49.0	2	0.35	51.0	5	0.4	53.2	11	0.31	51.9	19	0.28	50.2	39	0.31
chr21	39511743	G	GAGA	0	50.0	0	0.0	50.0	0	0.0	53.33	2	0.58	53.75	3	0.65	54.0	3	0.48	46.0	4	0.41	48.2	8	0.29	47.2	12	0.25	42.0	22	0.28
chr21	40042646	T	TTTTAATGATAC	0	55.0	0	0.0	52.5	0	0.0	50.0	2	0.54	55.0	2	0.33	52.0	4	0.6	54.0	9	0.62	53.6	17	0.47	50.5	23	0.36	48.4	33	0.28
chr21	40042654	ATGCTGCTTCTTGCT	A	0	55.0	0	0.0	52.5	1	0.36	53.33	1	0.24	48.75	2	0.42	51.0	3	0.47	53.5	8	0.56	53.8	17	0.47	50.4	23	0.36	48.55	33	0.28
chr21	40042669	C	CCGA	0	45.0	1	1.11	50.0	1	0.4	45.0	1	0.33	50.0	3	0.61	49.0	4	0.67	53.5	8	0.56	54.4	17	0.46	50.2	22	0.35	48.5	33	0.28
chr21	41878844	C	CG	0	100.0	4	0.88	90.0	7	0.94	93.33	13	1.01	90.0	19	1.18	91.0	23	1.12	85.5	38	1.05	76.6	73	1.0	72.1	125	0.97	65.85	198	0.92
chr21	41991438	GCCT	G	0	60.0	0	0.0	65.0	1	0.28	61.67	1	0.18	56.25	1	0.16	56.0	2	0.26	54.0	7	0.48	50.4	18	0.57	51.8	33	0.5	44.9	45	0.45
chr21	42259995	CGGCATCCTGCACGTG	C	0	65.0	1	0.48	62.5	2	0.51	61.67	2	0.37	62.5	2	0.26	62.0	2	0.21	62.5	5	0.26	57.8	10	0.25	55.9	22	0.29	54.9	39	0.26
chr21	43055889	C	CT	0	25.0	0	0.0	32.5	0	0.0	36.67	0	0.0	35.0	0	0.0	37.0	0	0.0	51.0	4	0.32	58.6	12	0.28	60.9	28	0.3	59.95	53	0.29
chr21	43055889	CT	C	0	25.0	0	0.0	32.5	0	0.0	36.67	0	0.0	35.0	0	0.0	37.0	0	0.0	51.0	4	0.32	58.6	12	0.28	60.9	28	0.3	59.95	53	0.29
chr21	44539672	A	ATG	0	50.0	0	0.0	57.5	0	0.0	56.67	0	0.0	57.5	0	0.0	57.0	0	0.0	62.0	3	0.16	64.2	13	0.27	67.3	34	0.32	63.3	50	0.26
chr21	44539673	ATC	A	0	45.0	0	0.0	60.0	0	0.0	56.67	0	0.0	56.25	0	0.0	58.0	0	0.0	61.5	3	0.17	64.2	13	0.27	67.3	34	0.32	63.35	50	0.26
chr21	44550875	ACTTGCAGCAGACAGG	A	0	55.0	0	0.0	50.0	0	0.0	58.33	1	0.2	58.75	2	0.29	60.0	2	0.22	63.0	4	0.21	63.6	11	0.23	66.5	30	0.29	65.6	62	0.3
chr21	44600754	CCTGCTGCGCCCCCAG	C	0	80.0	2	0.67	80.0	3	0.5	76.67	4	0.48	73.75	4	0.37	73.0	5	0.38	69.0	10	0.43	62.8	16	0.34	58.8	25	0.3	59.75	52	0.3
chr21	44637694	CCTGCTGTGTGCCTGT	C	0	70.0	0	0.0	70.0	0	0.0	66.67	0	0.0	68.75	3	0.33	67.0	4	0.36	62.5	7	0.39	63.8	13	0.27	63.5	28	0.29	63.6	44	0.23
chr21	44637707	TGTCTGCTGTGTGCCC	T	0	60.0	0	0.0	67.5	1	0.22	70.0	2	0.28	66.25	3	0.35	66.0	4	0.38	62.5	6	0.33	63.4	12	0.25	63.5	28	0.3	63.55	44	0.23
chr21	44808513	C	CA	0	35.0	1	2.0	37.5	2	1.48	46.67	2	0.62	47.5	2	0.48	47.0	3	0.56	49.5	5	0.41	51.4	12	0.36	46.5	23	0.43	49.0	41	0.34
chr21	44808513	CA	C	0	35.0	1	2.0	37.5	2	1.48	46.67	2	0.62	47.5	2	0.48	47.0	3	0.56	49.5	5	0.41	51.4	12	0.36	46.5	23	0.43	49.0	41	0.34
chr21	45498570	A	AG	0	70.0	0	0.0	67.5	1	0.26	73.33	2	0.29	66.25	2	0.24	67.0	3	0.28	66.5	8	0.37	66.6	29	0.53	62.8	41	0.42	62.3	76	0.39
chr21	45504501	CGGCCCCCCCGGCCCCCCA	C	0	85.0	1	0.38	77.5	3	0.65	83.33	5	0.51	83.75	7	0.51	80.0	8	0.5	69.5	10	0.41	68.6	24	0.41	66.3	41	0.37	62.05	79	0.41
chr21	45504510	CGGCCCCCCA	C	0	100.0	2	0.62	87.5	2	0.37	80.0	4	0.48	81.25	6	0.47	78.0	7	0.47	71.0	9	0.36	69.2	25	0.42	66.6	41	0.37	62.15	79	0.41
chr21	45504510	CGGCCCCCCAGGCCCCCCA	C	0	100.0	2	0.62	87.5	2	0.37	80.0	4	0.48	81.25	6	0.47	78.0	7	0.47	71.0	9	0.36	69.2	25	0.42	66.6	41	0.37	62.15	79	0.41
chr21	45505234	A	AGGCCCCCCC	0	95.0	1	0.33	87.5	1	0.16	78.33	3	0.35	76.25	4	0.37	75.0	5	0.37	73.0	11	0.41	70.6	28	0.45	68.5	44	0.38	66.4	93	0.42
chr21	46125454	A	AC	0	70.0	0	0.0	67.5	1	0.26	70.0	3	0.43	68.75	4	0.43	68.0	7	0.62	64.0	11	0.54	65.8	33	0.62	65.1	59	0.57	65.1	111	0.53
chr21	46302070	A	ATGG	0	65.0	0	0.0	67.5	0	0.0	68.33	1	0.16	70.0	2	0.23	71.0	2	0.18	71.0	8	0.33	67.2	16	0.28	63.5	26	0.26	59.95	75	0.42
chr22	17740101	GGCCACGCTCAACT	G	0	60.0	1	0.57	62.5	2	0.59	65.0	4	0.71	66.25	6	0.76	66.0	7	0.76	62.0	9	0.54	57.8	14	0.35	59.5	35	0.4	56.15	61	0.39
chr22	18517817	GGC	G	0	50.0	1	0.95	55.0	4	1.43	60.0	5	1.0	60.0	5	0.78	61.0	7	0.82	60.5	12	0.68	62.8	16	0.33	59.1	23	0.26	59.15	45	0.26
chr22	18517823	T	TCGCCGTATC	0	55.0	1	0.83	57.5	3	1.33	60.0	5	1.04	60.0	5	0.78	60.0	6	0.73	61.5	12	0.66	63.0	16	0.32	58.9	23	0.27	59.15	45	0.26
chr22	19150072	CGCAGCA	C	0	90.0	4	1.0	85.0	6	0.84	83.33	8	0.79	86.25	12	0.82	86.0	14	0.76	86.0	32	0.87	82.0	74	0.88	78.6	147	0.95	74.0	234	0.86
chr22	19201491	A	AC	0	60.0	2	1.14	50.0	3	1.21	51.67	4	1.03	53.75	5	0.9	52.0	5	0.74	48.5	7	0.6	55.4	20	0.52	50.7	23	0.36	51.5	45	0.35
chr22	19967392	A	AT	0	25.0	0	0.0	27.5	0	0.0	30.0	1	0.78	33.75	2	0.89	40.0	3	0.75	52.0	5	0.38	56.2	14	0.36	52.7	21	0.31	53.45	30	0.21
chr22	19967392	AT	A	0	25.0	0	0.0	27.5	0	0.0	30.0	1	0.78	33.75	2	0.89	40.0	3	0.75	52.0	5	0.38	56.2	14	0.36	52.7	21	0.31	53.45	30	0.21
chr22	20425682	C	CG	0	85.0	3	0.86	77.5	6	1.03	78.33	10	1.09	75.0	12	1.07	75.0	13	0.93	80.5	30	0.93	77.4	72	0.98	75.8	133	0.93	69.7	180	0.74
chr22	20425734	G	GC	0	85.0	3	0.86	85.0	7	0.97	86.67	11	0.98	87.5	15	0.99	85.0	18	1.02	80.5	32	1.0	77.0	71	0.97	76.3	138	0.96	69.75	178	0.73
chr22	20425735	CGCGG	C	0	90.0	3	0.75	85.0	6	0.84	86.67	10	0.89	86.25	14	0.96	85.0	18	1.02	81.0	32	0.99	77.2	71	0.97	76.3	138	0.96	69.75	178	0.73
chr22	20537210	C	CCCTA	0	60.0	1	0.56	60.0	1	0.28	56.67	1	0.21	56.25	1	0.16	54.0	1	0.15	55.5	2	0.14	58.0	7	0.17	56.9	14	0.17	52.25	25	0.18
chr22	20566525	A	ACAG	0	50.0	0	0.0	60.0	0	0.0	58.33	0	0.0	61.25	1	0.13	61.0	1	0.11	59.0	4	0.23	61.4	11	0.24	55.8	17	0.22	53.9	27	0.19
chr22	20566525	ACAG	A	0	50.0	0	0.0	60.0	0	0.0	58.33	0	0.0	61.25	1	0.13	61.0	1	0.11	59.0	4	0.23	61.4	11	0.24	55.8	17	0.22	53.9	27	0.19
chr22	21547774	A	ACACCTG	0	50.0	0	0.0	52.5	0	0.0	58.33	2	0.39	60.0	3	0.42	61.0	5	0.54	65.5	12	0.56	60.6	19	0.41	60.0	27	0.3	59.4	50	0.28
chr22	22162489	TC	T	0	55.0	1	0.67	55.0	1	0.33	61.67	2	0.35	56.25	2	0.32	57.0	2	0.25	56.5	5	0.31	53.8	7	0.2	50.2	8	0.13	49.9	14	0.11
chr22	22376479	GTA	G	0	25.0	0	0.0	45.0	0	0.0	50.0	1	0.27	51.25	1	0.19	50.0	1	0.16	51.5	3	0.23	46.0	3	0.11	50.2	9	0.14	52.0	17	0.13
chr22	22376483	G	GCC	0	30.0	0	0.0	47.5	1	0.45	48.33	1	0.29	51.25	1	0.19	49.0	1	0.17	50.5	3	0.24	46.2	3	0.11	50.0	9	0.15	52.0	17	0.13
chr22	22704657	GCC	G	0	75.0	0	0.0	57.5	0	0.0	55.0	1	0.23	52.5	2	0.38	53.0	2	0.3	56.5	5	0.31	54.6	8	0.22	54.2	10	0.14	52.4	18	0.13
chr22	22704662	T	TGATATAC	0	70.0	0	0.0	57.5	1	0.31	55.0	1	0.23	53.75	2	0.36	53.0	2	0.29	56.0	4	0.26	54.2	8	0.22	54.2	10	0.14	52.45	18	0.13
chr22	22747453	ACT	A	0	65.0	0	0.0	65.0	0	0.0	68.33	0	0.0	65.0	0	0.0	65.0	0	0.0	60.0	1	0.06	57.0	4	0.1	55.4	8	0.1	53.3	15	0.11
chr22	22792535	GC	G	0	65.0	0	0.0	67.5	2	0.47	66.67	2	0.32	67.5	2	0.22	66.0	2	0.19	65.5	2	0.09	59.4	4	0.09	57.9	8	0.1	55.05	23	0.15
chr22	22899572	T	TA	0	80.0	0	0.0	75.0	0	0.0	63.33	0	0.0	63.75	0	0.0	63.0	0	0.0	62.0	3	0.16	55.8	7	0.18	54.4	10	0.14	54.9	25	0.17
chr22	23156139	T	TCTGAGAAAA	0	45.0	0	0.0	47.5	0	0.0	51.67	0	0.0	55.0	1	0.17	55.0	1	0.13	58.5	6	0.36	56.8	10	0.25	57.7	17	0.2	55.45	34	0.22
chr22	23156142	A	ACTG	0	50.0	0	0.0	47.5	0	0.0	51.67	0	0.0	52.5	1	0.19	55.0	1	0.13	59.0	6	0.35	56.8	10	0.25	57.7	16	0.19	55.6	34	0.22
chr22	23156144	G	GAAA	0	55.0	0	0.0	47.5	0	0.0	53.33	0	0.0	53.75	1	0.18	55.0	1	0.13	60.0	6	0.34	56.8	9	0.22	57.7	16	0.19	55.7	35	0.23
chr22	23156146	C	CA	0	60.0	0	0.0	47.5	0	0.0	51.67	0	0.0	55.0	1	0.17	54.0	1	0.14	59.5	6	0.34	57.0	9	0.22	57.6	16	0.19	55.65	35	0.23
chr22	23622094	GCAT	G	0	50.0	0	0.0	37.5	0	0.0	38.33	0	0.0	37.5	0	0.0	38.0	1	0.31	43.5	1	0.11	43.4	3	0.13	44.1	10	0.21	42.3	16	0.18
chr22	27798905	CTGCTGT	C	0	60.0	0	0.0	57.5	1	0.32	61.67	3	0.55	58.75	3	0.44	60.0	5	0.56	64.0	10	0.5	68.8	44	0.75	69.7	89	0.74	68.95	173	0.73
chr22	29311648	G	GC	0	80.0	2	0.67	75.0	3	0.6	75.0	6	0.76	75.0	8	0.73	79.0	12	0.79	76.5	17	0.59	73.2	35	0.53	69.5	54	0.46	67.65	95	0.42
chr22	29441576	TTCC	T	0	55.0	0	0.0	52.5	2	0.89	51.67	2	0.55	52.5	4	0.75	50.0	4	0.66	49.0	7	0.58	48.2	12	0.42	45.7	21	0.4	44.6	40	0.4
chr22	29821995	C	CT	0	35.0	0	0.0	32.5	0	0.0	40.0	0	0.0	45.0	1	0.25	43.0	1	0.22	44.0	1	0.1	45.6	3	0.12	46.3	9	0.17	46.05	25	0.24
chr22	29822001	TC	T	0	15.0	0	0.0	32.5	0	0.0	41.67	0	0.0	41.25	0	0.0	44.0	1	0.21	42.0	1	0.11	46.0	3	0.11	46.2	9	0.17	46.15	25	0.24
chr22	36191796	A	ACT	0	35.0	0	0.0	37.5	0	0.0	41.67	0	0.0	38.75	0	0.0	42.0	1	0.25	42.5	3	0.35	44.8	7	0.28	47.3	23	0.41	46.65	38	0.35
chr22	36239443	GGGATCTTCCTCT	G	0	45.0	0	0.0	47.5	0	0.0	50.0	0	0.0	48.75	0	0.0	47.0	0	0.0	47.0	2	0.18	52.2	7	0.21	55.2	16	0.22	52.9	23	0.17
chr22	37510300	G	GCTCCTT	0	50.0	0	0.0	50.0	0	0.0	55.0	1	0.28	53.75	1	0.22	59.0	2	0.26	63.5	8	0.43	64.8	12	0.24	64.1	22	0.23	60.15	44	0.25
chr22	37510300	GCTCCTT	G	0	50.0	0	0.0	50.0	0	0.0	55.0	1	0.28	53.75	1	0.22	59.0	2	0.26	63.5	8	0.43	64.8	12	0.24	64.1	22	0.23	60.15	44	0.25
chr22	37723746	TCAA	T	0	45.0	1	1.11	50.0	1	0.53	51.67	1	0.3	57.5	3	0.49	56.0	3	0.43	56.0	5	0.38	58.0	11	0.32	59.1	25	0.33	57.6	46	0.3
chr22	37724167	GCCT	G	0	55.0	0	0.0	62.5	1	0.28	60.0	3	0.6	60.0	3	0.5	60.0	4	0.51	60.5	6	0.38	59.4	14	0.37	58.7	29	0.39	57.95	55	0.38
chr22	38087147	T	TTCATGGGTG	0	65.0	2	1.0	65.0	2	0.56	61.67	2	0.4	60.0	2	0.3	63.0	3	0.31	65.0	10	0.47	56.0	16	0.41	55.3	24	0.31	59.45	60	0.34
chr22	38087166	A	ACATGGAGGT	0	60.0	0	0.0	57.5	0	0.0	61.67	2	0.44	63.75	3	0.46	61.0	3	0.38	66.0	11	0.51	54.8	15	0.4	55.1	23	0.3	59.4	59	0.34
chr22	39100316	TAAC	T	0	35.0	1	2.0	50.0	4	1.9	48.33	4	1.21	51.25	6	1.2	53.0	6	0.89	54.0	11	0.77	52.4	19	0.55	54.2	32	0.44	56.9	57	0.35
chr22	39381816	C	CCAA	0	70.0	1	0.41	72.5	5	0.98	70.0	6	0.82	70.0	7	0.73	70.0	8	0.67	67.0	15	0.69	66.4	23	0.45	60.2	31	0.34	57.85	43	0.26
chr22	40301171	TGCA	T	0	65.0	0	0.0	60.0	1	0.29	65.0	1	0.16	62.5	1	0.13	60.0	2	0.22	59.5	7	0.4	53.8	11	0.3	48.1	12	0.21	40.8	15	0.18
chr22	40861829	T	TA	0	30.0	1	2.5	42.5	2	1.33	38.33	2	1.07	35.0	2	1.09	37.0	2	0.74	37.0	4	0.65	39.4	7	0.36	39.5	9	0.23	38.5	14	0.19
chr22	42128172	CCTT	C	0	55.0	0	0.0	62.5	1	0.35	65.0	1	0.21	63.75	1	0.16	67.0	3	0.29	64.5	4	0.2	61.2	15	0.33	61.3	28	0.3	62.7	86	0.44
chr22	42128240	CT	C	0	60.0	0	0.0	60.0	0	0.0	65.0	1	0.16	62.5	1	0.13	61.0	1	0.11	63.0	5	0.25	61.8	14	0.3	61.2	29	0.32	62.85	90	0.46
chr22	42142029	GA	G	0	65.0	1	0.67	62.5	2	0.56	63.33	3	0.5	63.75	4	0.5	61.0	5	0.54	59.5	6	0.34	60.8	12	0.27	61.5	33	0.36	63.5	90	0.45
chr22	42142512	T	TC	0	60.0	0	0.0	62.5	1	0.32	63.33	2	0.34	66.25	6	0.7	65.0	9	0.87	67.0	18	0.82	65.2	32	0.61	65.1	59	0.57	65.5	120	0.57
chr22	45414396	A	AC	0	40.0	0	0.0	40.0	0	0.0	36.67	0	0.0	36.25	0	0.0	37.0	0	0.0	44.0	2	0.21	44.4	9	0.37	46.0	25	0.47	47.2	77	0.69
chr22	46262984	ACGAGCG	A	0	75.0	4	1.48	80.0	10	1.67	85.0	15	1.41	81.25	16	1.28	79.0	19	1.28	79.5	34	1.09	81.0	83	1.03	76.1	135	0.95	64.45	169	0.82
chr22	48544901	T	TC	0	55.0	0	0.0	65.0	2	0.5	63.33	3	0.51	61.25	3	0.4	61.0	3	0.32	62.5	7	0.36	58.4	16	0.38	58.0	29	0.35	58.5	40	0.23
chr22	50482718	AACACTCGGGCCCCCGAAG	A	0	70.0	2	0.82	72.5	4	0.77	70.0	5	0.68	71.25	6	0.6	72.0	7	0.55	69.0	10	0.42	68.2	18	0.31	66.6	38	0.34	67.85	82	0.36
chr22	50604083	C	CG	0	95.0	6	1.36	77.5	8	1.4	76.67	11	1.25	75.0	14	1.25	73.0	14	1.06	73.0	28	1.05	74.6	68	0.98	74.5	119	0.86	71.35	188	0.74
chr3	197663	C	CG	0	70.0	1	0.42	62.5	3	0.78	66.67	4	0.68	70.0	5	0.57	64.0	6	0.62	66.5	9	0.41	66.0	29	0.53	68.9	78	0.66	68.25	178	0.77
chr3	197871	C	CTTTT	0	30.0	1	4.0	35.0	1	0.89	38.33	1	0.46	46.25	2	0.47	53.0	6	0.86	58.0	10	0.66	66.4	35	0.65	70.1	79	0.65	64.8	165	0.79
chr3	197871	CT	C	0	30.0	1	4.0	35.0	1	0.89	38.33	1	0.46	46.25	2	0.47	53.0	6	0.86	58.0	10	0.66	66.4	35	0.65	70.1	79	0.65	64.8	165	0.79
chr3	197871	CTT	C	0	30.0	1	4.0	35.0	1	0.89	38.33	1	0.46	46.25	2	0.47	53.0	6	0.86	58.0	10	0.66	66.4	35	0.65	70.1	79	0.65	64.8	165	0.79
chr3	7691038	AT	A	0	25.0	0	0.0	30.0	0	0.0	33.33	0	0.0	36.25	1	0.38	34.0	1	0.35	35.0	1	0.17	34.8	1	0.07	36.1	2	0.06	39.6	19	0.24
chr3	7691038	ATT	A	0	25.0	0	0.0	30.0	0	0.0	33.33	0	0.0	36.25	1	0.38	34.0	1	0.35	35.0	1	0.17	34.8	1	0.07	36.1	2	0.06	39.6	19	0.24
chr3	9810374	C	CGAT	0	75.0	2	1.11	75.0	4	0.99	76.67	5	0.67	76.25	9	0.86	77.0	11	0.8	75.0	22	0.79	70.8	46	0.74	67.1	86	0.76	60.95	109	0.59
chr3	11807448	CCACT	C	0	30.0	0	0.0	40.0	0	0.0	38.33	0	0.0	40.0	0	0.0	43.0	1	0.23	41.5	2	0.24	44.2	4	0.17	43.3	11	0.24	41.25	22	0.26
chr3	12901350	GC	G	0	80.0	0	0.0	80.0	1	0.23	76.67	1	0.16	75.0	1	0.13	72.0	1	0.09	69.5	5	0.22	60.0	14	0.35	61.6	29	0.33	55.15	43	0.29
chr3	14064384	GCAGCAGCAGCCC	G	0	70.0	0	0.0	75.0	0	0.0	71.67	0	0.0	71.25	0	0.0	71.0	0	0.0	66.5	0	0.0	62.4	7	0.15	59.3	11	0.13	55.8	20	0.13
chr3	14064463	T	TAGC	0	55.0	0	0.0	65.0	0	0.0	66.67	0	0.0	66.25	0	0.0	66.0	0	0.0	68.0	0	0.0	65.6	6	0.12	62.0	13	0.14	55.7	21	0.14
chr3	14064524	CCCAGCAGTAGCT	C	0	70.0	0	0.0	65.0	0	0.0	63.33	0	0.0	65.0	0	0.0	65.0	0	0.0	66.0	0	0.0	65.8	1	0.02	63.7	14	0.14	55.9	22	0.14
chr3	27721935	G	GCGGCGC	0	90.0	5	1.3	90.0	9	1.25	86.67	11	0.99	85.0	14	0.98	80.0	14	0.88	76.5	24	0.83	73.6	56	0.84	71.0	96	0.76	63.5	151	0.75
chr3	28537113	A	AT	0	10.0	0	0.0	12.5	0	0.0	20.0	0	0.0	25.0	0	0.0	29.0	0	0.0	33.0	1	0.18	37.8	1	0.06	37.9	4	0.11	35.4	8	0.13
chr3	28537113	AT	A	0	10.0	0	0.0	12.5	0	0.0	20.0	0	0.0	25.0	0	0.0	29.0	0	0.0	33.0	1	0.18	37.8	1	0.06	37.9	4	0.11	35.4	8	0.13
chr3	37417666	GA	G	0	25.0	0	0.0	35.0	0	0.0	31.67	0	0.0	33.75	1	0.45	37.0	1	0.29	43.5	3	0.32	44.4	5	0.2	40.2	8	0.2	37.7	13	0.18
chr3	37984258	CA	C	0	55.0	0	0.0	57.5	0	0.0	61.67	1	0.22	56.25	1	0.17	54.0	1	0.14	49.5	1	0.08	45.4	8	0.31	48.3	16	0.28	46.2	27	0.25
chr3	37998942	A	ACAC	0	60.0	2	2.0	62.5	2	0.51	63.33	4	0.66	67.5	8	0.88	66.0	11	1.01	65.5	17	0.79	68.2	42	0.76	64.8	60	0.61	59.6	73	0.41
chr3	38122578	CATG	C	0	55.0	0	0.0	52.5	0	0.0	50.0	0	0.0	51.25	0	0.0	53.0	0	0.0	53.5	1	0.07	52.8	5	0.15	55.2	15	0.2	55.2	31	0.21
chr3	38307654	ATTTG	A	0	35.0	0	0.0	40.0	1	0.63	48.33	2	0.58	50.0	3	0.6	51.0	4	0.62	56.0	5	0.32	62.2	15	0.33	58.0	23	0.27	55.4	33	0.22
chr3	40462026	G	GTGCTGCTGCTGCTGC	0	50.0	0	0.0	52.5	0	0.0	55.0	0	0.0	52.5	0	0.0	51.0	0	0.0	47.5	3	0.27	42.4	4	0.18	40.7	10	0.24	42.15	28	0.32
chr3	40462026	GTAC	G	0	50.0	0	0.0	52.5	0	0.0	55.0	0	0.0	52.5	0	0.0	51.0	0	0.0	47.5	3	0.27	42.4	4	0.18	40.7	10	0.24	42.15	28	0.32
chr3	42210084	C	CGGA	0	80.0	2	0.67	72.5	3	0.67	70.0	3	0.53	68.75	3	0.38	71.0	5	0.45	62.5	8	0.44	55.4	17	0.44	54.3	22	0.3	48.55	30	0.25
chr3	42210084	CGGA	C	0	80.0	2	0.67	72.5	3	0.67	70.0	3	0.53	68.75	3	0.38	71.0	5	0.45	62.5	8	0.44	55.4	17	0.44	54.3	22	0.3	48.55	30	0.25
chr3	44499298	TTC	T	0	35.0	0	0.0	40.0	0	0.0	45.0	0	0.0	43.75	0	0.0	47.0	1	0.18	47.0	2	0.18	42.8	3	0.13	40.6	9	0.22	40.85	20	0.24
chr3	46459793	C	CCTT	0	55.0	1	1.11	62.5	3	0.88	63.33	4	0.68	62.5	4	0.51	60.0	4	0.45	56.5	7	0.44	53.2	12	0.34	47.9	15	0.26	44.55	23	0.23
chr3	46709582	TAAG	T	0	45.0	0	0.0	50.0	0	0.0	48.33	0	0.0	48.75	0	0.0	51.0	0	0.0	51.0	0	0.0	55.4	4	0.11	57.7	16	0.19	58.95	29	0.17
chr3	46717737	A	AAGC	0	55.0	0	0.0	60.0	0	0.0	68.33	3	0.43	67.5	4	0.46	72.0	7	0.6	72.5	22	0.88	73.2	49	0.74	67.1	66	0.59	59.8	76	0.43
chr3	49312473	C	CA	0	30.0	0	0.0	32.5	0	0.0	38.33	0	0.0	46.25	2	0.48	50.0	4	0.64	54.5	7	0.48	52.2	17	0.5	49.9	29	0.47	48.9	46	0.39
chr3	49312473	CA	C	0	30.0	0	0.0	32.5	0	0.0	38.33	0	0.0	46.25	2	0.48	50.0	4	0.64	54.5	7	0.48	52.2	17	0.5	49.9	29	0.47	48.9	46	0.39
chr3	49358239	GGCC	G	0	75.0	3	1.11	77.5	7	1.2	80.0	12	1.25	77.5	14	1.19	75.0	15	1.08	68.5	21	0.9	71.0	52	0.83	65.9	78	0.72	61.55	120	0.63
chr3	49358239	GGCCGCC	G	0	75.0	3	1.11	77.5	7	1.2	80.0	12	1.25	77.5	14	1.19	75.0	15	1.08	68.5	21	0.9	71.0	52	0.83	65.9	78	0.72	61.55	120	0.63
chr3	50118453	TGA	T	0	50.0	0	0.0	55.0	1	0.47	50.0	1	0.34	52.5	2	0.42	50.0	2	0.37	54.0	9	0.63	53.0	12	0.34	48.4	15	0.26	49.7	35	0.28
chr3	51993836	T	TCCTTGG	0	55.0	0	0.0	62.5	0	0.0	63.33	0	0.0	63.75	1	0.12	65.0	1	0.1	60.5	5	0.28	57.6	13	0.31	55.0	19	0.25	54.5	28	0.19
chr3	52534526	ACT	A	0	70.0	2	0.89	70.0	5	1.11	68.33	7	1.05	70.0	10	1.09	70.0	12	1.0	63.0	19	0.96	65.6	42	0.78	66.0	76	0.7	66.25	170	0.78
chr3	52787975	CT	C	0	65.0	0	0.0	60.0	3	1.11	61.67	3	0.63	62.5	3	0.42	60.0	3	0.38	62.0	7	0.37	60.8	11	0.24	59.3	19	0.22	57.45	41	0.25
chr3	53290794	ATGGCAC	A	0	60.0	1	0.56	50.0	2	0.8	43.33	2	0.71	35.0	2	0.82	36.0	2	0.62	37.5	4	0.57	39.2	4	0.21	43.2	12	0.26	42.15	18	0.2
chr3	56616022	A	ACTT	0	35.0	1	1.67	30.0	1	1.11	33.33	1	0.62	32.5	1	0.52	34.0	1	0.4	28.5	1	0.26	28.8	1	0.1	30.5	4	0.17	34.65	10	0.17
chr3	56616025	T	TCTC	0	35.0	1	1.67	35.0	1	0.83	33.33	1	0.62	33.75	1	0.49	35.0	1	0.4	28.5	1	0.26	28.6	1	0.1	30.4	4	0.17	34.75	10	0.17
chr3	59971499	C	CT	0	25.0	0	0.0	37.5	0	0.0	35.0	0	0.0	32.5	0	0.0	36.0	0	0.0	40.0	0	0.0	41.0	2	0.1	40.5	8	0.2	41.35	19	0.22
chr3	63912683	G	GGCAGCA	0	90.0	4	1.0	80.0	5	0.78	81.67	8	0.81	85.0	14	0.97	85.0	18	1.0	79.5	32	1.02	73.0	64	0.96	72.2	109	0.84	66.5	178	0.81
chr3	63912683	GGCA	G	0	90.0	4	1.0	80.0	5	0.78	81.67	8	0.81	85.0	14	0.97	85.0	18	1.0	79.5	32	1.02	73.0	64	0.96	72.2	109	0.84	66.5	178	0.81
chr3	63912683	GGCAGCAGCA	G	0	90.0	4	1.0	80.0	5	0.78	81.67	8	0.81	85.0	14	0.97	85.0	18	1.0	79.5	32	1.02	73.0	64	0.96	72.2	109	0.84	66.5	178	0.81
chr3	69122344	GAGA	G	0	45.0	1	1.11	35.0	1	1.0	36.67	1	0.57	40.0	1	0.32	37.0	1	0.3	36.5	2	0.3	41.0	9	0.43	40.8	13	0.31	39.2	19	0.25
chr3	73062329	C	CA	0	40.0	0	0.0	40.0	0	0.0	41.67	0	0.0	48.75	0	0.0	51.0	0	0.0	48.5	1	0.09	41.4	3	0.14	39.9	8	0.2	41.55	15	0.17
chr3	73062351	T	TTGG	0	55.0	0	0.0	52.5	0	0.0	48.33	0	0.0	45.0	0	0.0	43.0	0	0.0	49.0	1	0.08	42.2	3	0.14	39.8	8	0.2	41.3	15	0.18
chr3	75732060	TC	T	0	40.0	0	0.0	42.5	0	0.0	46.67	0	0.0	46.25	0	0.0	45.0	0	0.0	42.0	0	0.0	43.6	0	0.0	43.1	2	0.04	43.3	5	0.05
chr3	75737403	C	CTG	0	40.0	0	0.0	42.5	0	0.0	38.33	0	0.0	42.5	1	0.28	45.0	2	0.4	41.0	2	0.24	40.6	8	0.39	40.8	11	0.26	41.2	18	0.21
chr3	75737608	TC	T	0	50.0	2	1.67	45.0	2	1.04	43.33	2	0.71	41.25	2	0.59	39.0	3	0.79	40.0	5	0.63	40.2	8	0.4	40.5	14	0.34	41.2	20	0.24
chr3	75737742	GT	G	0	40.0	1	1.25	35.0	1	0.83	40.0	1	0.43	43.75	1	0.26	45.0	1	0.2	39.5	3	0.38	39.0	6	0.32	40.7	15	0.36	41.25	20	0.24
chr3	75738114	CCT	C	0	50.0	0	0.0	45.0	1	0.5	46.67	1	0.31	42.5	1	0.29	45.0	4	0.81	44.5	5	0.51	41.4	7	0.33	41.0	12	0.29	40.8	20	0.24
chr3	75738660	C	CT	0	35.0	0	0.0	37.5	0	0.0	41.67	0	0.0	38.75	0	0.0	42.0	0	0.0	42.5	2	0.22	40.4	2	0.1	41.2	5	0.12	38.3	12	0.16
chr3	75741658	G	GT	0	60.0	0	0.0	57.5	1	0.33	58.33	1	0.2	60.0	1	0.15	58.0	1	0.12	51.0	1	0.08	47.0	4	0.15	43.1	5	0.11	40.2	6	0.07
chr3	98064721	AT	A	0	20.0	0	0.0	22.5	0	0.0	28.33	0	0.0	33.75	0	0.0	39.0	0	0.0	41.5	0	0.0	44.2	3	0.12	41.0	6	0.15	37.2	10	0.15
chr3	98087855	G	GA	0	15.0	0	0.0	32.5	1	1.0	36.67	1	0.5	36.25	1	0.38	39.0	2	0.53	37.0	5	0.76	36.0	8	0.5	38.5	11	0.3	35.15	18	0.29
chr3	98168998	AT	A	0	25.0	0	0.0	30.0	0	0.0	35.0	1	0.56	35.0	1	0.41	35.0	1	0.33	38.5	2	0.27	38.6	3	0.17	37.1	4	0.12	33.45	6	0.11
chr3	98264642	TTGTAACCAC	T	0	30.0	0	0.0	40.0	0	0.0	36.67	0	0.0	37.5	0	0.0	37.0	0	0.0	38.5	3	0.41	38.0	4	0.23	37.0	8	0.24	34.15	12	0.21
chr3	98312588	TA	T	0	15.0	0	0.0	30.0	0	0.0	30.0	0	0.0	32.5	0	0.0	34.0	0	0.0	33.5	0	0.0	34.4	0	0.0	33.6	2	0.07	34.7	6	0.1
chr3	98312722	AGATATG	A	0	40.0	0	0.0	42.5	0	0.0	45.0	0	0.0	41.25	0	0.0	41.0	0	0.0	41.0	0	0.0	34.2	1	0.07	33.1	3	0.11	33.9	5	0.09
chr3	98354746	TA	T	0	10.0	0	0.0	25.0	0	0.0	26.67	0	0.0	22.5	0	0.0	25.0	0	0.0	26.5	0	0.0	29.8	1	0.09	32.6	4	0.15	33.75	9	0.16
chr3	98391561	G	GA	0	5.0	0	0.0	17.5	0	0.0	20.0	0	0.0	20.0	0	0.0	21.0	0	0.0	26.0	0	0.0	29.6	1	0.09	32.3	3	0.12	35.6	7	0.11
chr3	100334839	C	CG	0	80.0	3	1.25	72.5	5	1.05	81.67	12	1.26	78.75	14	1.2	76.0	15	1.07	76.0	30	1.04	73.2	66	0.99	61.8	82	0.86	55.25	109	0.71
chr3	101565163	CA	C	0	25.0	0	0.0	22.5	0	0.0	20.0	0	0.0	26.25	1	0.73	27.0	1	0.55	35.0	1	0.17	38.8	2	0.11	34.9	5	0.17	37.9	15	0.21
chr3	107772910	TAGA	T	0	35.0	0	0.0	30.0	0	0.0	31.67	0	0.0	28.75	0	0.0	31.0	0	0.0	31.5	0	0.0	34.2	5	0.37	36.6	13	0.41	37.15	21	0.31
chr3	108757145	G	GGGGGATTA	0	55.0	0	0.0	55.0	1	0.56	55.0	1	0.3	56.25	2	0.36	55.0	3	0.43	51.0	3	0.24	49.4	7	0.24	45.9	9	0.17	47.0	18	0.16
chr3	112534210	C	CA	0	15.0	0	0.0	22.5	1	2.22	26.67	1	1.0	28.75	1	0.67	29.0	1	0.51	33.0	1	0.2	31.4	4	0.33	32.8	8	0.3	32.9	11	0.2
chr3	112610084	GA	G	0	40.0	1	1.25	52.5	1	0.41	51.67	1	0.3	50.0	1	0.22	45.0	2	0.43	48.0	3	0.26	43.0	4	0.17	38.6	7	0.19	37.35	18	0.26
chr3	112610185	G	GA	0	35.0	0	0.0	25.0	0	0.0	31.67	0	0.0	36.25	0	0.0	39.0	0	0.0	36.5	0	0.0	43.8	4	0.17	39.8	7	0.18	37.85	21	0.29
chr3	112610185	GA	G	0	35.0	0	0.0	25.0	0	0.0	31.67	0	0.0	36.25	0	0.0	39.0	0	0.0	36.5	0	0.0	43.8	4	0.17	39.8	7	0.18	37.85	21	0.29
chr3	112827062	GT	G	0	55.0	0	0.0	60.0	0	0.0	53.33	0	0.0	53.75	1	0.17	55.0	1	0.13	49.0	3	0.25	42.2	6	0.27	39.6	12	0.31	33.9	14	0.24
chr3	113216266	TAGA	T	0	45.0	1	1.11	52.5	1	0.59	45.0	2	0.74	46.25	3	0.75	47.0	3	0.56	42.0	3	0.34	39.4	6	0.31	39.8	11	0.28	43.55	20	0.21
chr3	113658633	G	GT	0	30.0	0	0.0	30.0	0	0.0	35.0	0	0.0	33.75	0	0.0	37.0	0	0.0	36.0	0	0.0	41.4	4	0.19	42.1	6	0.14	43.35	14	0.15
chr3	113658633	GT	G	0	30.0	0	0.0	30.0	0	0.0	35.0	0	0.0	33.75	0	0.0	37.0	0	0.0	36.0	0	0.0	41.4	4	0.19	42.1	6	0.14	43.35	14	0.15
chr3	114010938	CG	C	0	65.0	2	0.95	62.5	2	0.53	55.0	2	0.44	52.5	2	0.37	51.0	3	0.47	50.5	4	0.32	41.8	6	0.28	38.8	9	0.24	37.0	13	0.19
chr3	117009320	AC	A	0	55.0	1	0.83	42.5	1	0.67	48.33	1	0.3	45.0	1	0.27	40.0	1	0.27	36.5	1	0.16	35.2	2	0.13	33.6	4	0.14	35.85	8	0.13
chr3	119146278	GGAA	G	0	50.0	0	0.0	57.5	1	0.31	60.0	2	0.37	61.25	3	0.4	56.0	3	0.38	57.0	6	0.37	56.4	18	0.46	56.2	34	0.43	51.6	46	0.35
chr3	121489855	CTTT	C	0	35.0	0	0.0	30.0	0	0.0	30.0	0	0.0	31.25	0	0.0	33.0	1	0.38	38.5	3	0.41	36.8	7	0.42	37.0	9	0.27	37.6	21	0.3
chr3	122740442	G	GAGA	0	40.0	1	2.86	37.5	2	1.82	41.67	2	0.83	43.75	2	0.53	42.0	2	0.46	39.0	2	0.26	39.6	6	0.31	40.6	12	0.29	39.7	17	0.22
chr3	123700268	GTTC	G	0	35.0	0	0.0	40.0	2	1.27	40.0	2	0.86	43.75	2	0.54	47.0	2	0.38	53.0	4	0.28	55.2	9	0.24	57.2	25	0.31	56.45	50	0.31
chr3	124763646	TTTGTTGAAC	T	0	35.0	0	0.0	42.5	0	0.0	43.33	0	0.0	47.5	2	0.46	52.0	3	0.45	51.5	8	0.61	57.4	15	0.36	53.6	19	0.26	52.15	40	0.3
chr3	124927857	A	AAAG	0	45.0	0	0.0	47.5	0	0.0	51.67	0	0.0	48.75	0	0.0	44.0	0	0.0	46.5	1	0.12	41.2	2	0.11	42.0	3	0.07	42.85	7	0.08
chr3	125055820	G	GCAT	0	85.0	3	0.83	85.0	6	0.84	81.67	8	0.8	81.25	12	0.94	83.0	17	1.0	81.0	32	0.98	82.6	81	0.96	76.5	129	0.89	63.25	159	0.8
chr3	126006424	TAACA	T	0	35.0	0	0.0	25.0	0	0.0	23.33	0	0.0	30.0	0	0.0	27.0	1	0.56	35.0	1	0.17	44.2	3	0.12	44.4	8	0.16	48.2	15	0.13
chr3	126423589	CGGA	C	0	60.0	1	0.62	57.5	1	0.32	60.0	2	0.37	60.0	2	0.28	59.0	3	0.34	61.5	7	0.37	63.6	18	0.36	62.2	28	0.29	62.65	40	0.2
chr3	130471875	AT	A	0	35.0	0	0.0	32.5	0	0.0	35.0	0	0.0	36.25	0	0.0	35.0	0	0.0	38.0	1	0.14	38.6	3	0.17	39.6	6	0.16	37.05	12	0.18
chr3	131014201	C	CT	0	30.0	0	0.0	30.0	0	0.0	31.67	0	0.0	35.0	0	0.0	39.0	1	0.26	41.0	2	0.24	39.6	5	0.26	35.7	7	0.22	35.4	8	0.13
chr3	131014201	CT	C	0	30.0	0	0.0	30.0	0	0.0	31.67	0	0.0	35.0	0	0.0	39.0	1	0.26	41.0	2	0.24	39.6	5	0.26	35.7	7	0.22	35.4	8	0.13
chr3	134250592	A	AG	0	90.0	3	0.75	92.5	7	0.83	83.33	9	0.87	83.75	12	0.86	82.0	15	0.89	85.0	35	0.97	80.8	77	0.96	74.9	129	0.92	58.9	165	0.95
chr3	138949614	CGGCATTCGAA	C	0	60.0	2	1.11	55.0	2	0.66	53.33	2	0.48	53.75	4	0.69	57.0	5	0.63	56.0	7	0.45	54.6	17	0.48	57.5	36	0.44	58.85	87	0.5
chr3	142204648	G	GA	0	25.0	0	0.0	25.0	0	0.0	25.0	0	0.0	26.25	0	0.0	27.0	0	0.0	31.0	1	0.21	34.2	2	0.14	36.6	5	0.15	39.55	15	0.2
chr3	149520807	C	CTTAA	0	50.0	0	0.0	42.5	0	0.0	43.33	0	0.0	43.75	0	0.0	44.0	0	0.0	46.0	1	0.09	41.6	6	0.28	40.0	8	0.2	38.8	15	0.2
chr3	156979265	A	AT	0	25.0	0	0.0	35.0	0	0.0	35.0	1	0.75	32.5	1	0.52	35.0	1	0.34	33.0	1	0.2	36.0	1	0.07	35.4	3	0.1	34.95	10	0.16
chr3	160026786	GC	G	0	45.0	0	0.0	55.0	1	0.33	58.33	1	0.2	57.5	3	0.46	59.0	5	0.58	59.0	10	0.58	57.8	16	0.39	54.4	18	0.25	49.85	26	0.21
chr3	168024564	GTCC	G	0	45.0	0	0.0	50.0	0	0.0	51.67	0	0.0	50.0	0	0.0	48.0	0	0.0	45.5	0	0.0	42.8	2	0.09	41.9	7	0.16	39.65	12	0.15
chr3	172317188	C	CT	0	10.0	0	0.0	15.0	0	0.0	26.67	0	0.0	33.75	1	0.44	40.0	1	0.25	45.5	5	0.48	48.8	16	0.54	45.2	27	0.53	42.75	29	0.32
chr3	172317188	CT	C	0	10.0	0	0.0	15.0	0	0.0	26.67	0	0.0	33.75	1	0.44	40.0	1	0.25	45.5	5	0.48	48.8	16	0.54	45.2	27	0.53	42.75	29	0.32
chr3	179242977	CT	C	0	30.0	0	0.0	40.0	0	0.0	38.33	0	0.0	37.5	0	0.0	40.0	0	0.0	43.5	1	0.11	37.2	2	0.12	36.7	2	0.06	39.25	11	0.14
chr3	179607777	G	GCTGT	0	45.0	0	0.0	45.0	0	0.0	43.33	1	0.42	43.75	1	0.34	40.0	1	0.31	36.0	2	0.36	35.4	5	0.33	39.1	8	0.21	40.35	20	0.25
chr3	183775954	CGGA	C	0	75.0	1	0.77	67.5	1	0.43	68.33	1	0.23	67.5	2	0.3	62.0	3	0.43	54.0	4	0.34	45.0	6	0.25	48.2	21	0.37	47.45	31	0.28
chr3	184100432	AG	A	0	55.0	0	0.0	62.5	0	0.0	61.67	1	0.19	62.5	4	0.54	55.0	4	0.57	52.0	5	0.38	49.6	14	0.46	50.4	20	0.32	50.25	60	0.48
chr3	184321977	AAGGAGAAGC	A	0	45.0	0	0.0	45.0	0	0.0	46.67	0	0.0	48.75	0	0.0	50.0	0	0.0	55.0	2	0.13	56.2	9	0.23	51.5	15	0.23	50.95	34	0.26
chr3	184353342	C	CCGG	0	80.0	3	0.95	77.5	4	0.67	76.67	4	0.45	71.25	4	0.4	65.0	4	0.38	63.0	6	0.3	61.6	10	0.21	61.6	21	0.22	61.5	51	0.27
chr3	184562249	CCCG	C	0	90.0	3	0.83	85.0	8	1.17	83.33	11	1.1	81.25	12	0.94	82.0	16	0.98	82.0	30	0.92	78.4	69	0.9	76.1	119	0.82	68.6	177	0.75
chr3	184711344	A	ATCC	0	60.0	0	0.0	65.0	0	0.0	60.0	0	0.0	50.0	0	0.0	52.0	0	0.0	50.0	2	0.17	50.8	17	0.54	58.6	47	0.56	54.6	91	0.61
chr3	190388281	AG	A	0	65.0	0	0.0	65.0	1	0.24	61.67	1	0.18	58.75	1	0.14	58.0	1	0.12	50.5	3	0.24	49.2	7	0.23	45.4	13	0.25	40.85	22	0.26
chr3	195721039	TTTC	T	0	50.0	0	0.0	60.0	0	0.0	60.0	0	0.0	62.5	1	0.13	63.0	2	0.21	62.0	4	0.22	55.8	8	0.21	52.4	22	0.33	48.65	37	0.32
chr3	195725632	GCC	G	0	75.0	2	0.74	67.5	3	0.71	70.0	6	0.89	67.5	7	0.92	67.0	8	0.81	68.5	18	0.87	65.2	39	0.82	64.4	69	0.74	61.15	107	0.61
chr3	195725791	AC	A	0	55.0	0	0.0	70.0	2	0.5	66.67	5	0.89	65.0	5	0.69	66.0	7	0.72	59.5	12	0.74	62.0	31	0.71	62.6	59	0.65	60.7	101	0.57
chr3	195726145	GC	G	0	80.0	2	0.67	65.0	2	0.48	63.33	3	0.5	60.0	3	0.42	60.0	3	0.35	57.5	6	0.38	58.6	16	0.39	59.7	48	0.57	60.3	97	0.55
chr3	195778915	CGTGA	C	0	65.0	1	0.67	60.0	1	0.42	60.0	2	0.59	56.25	2	0.49	60.0	3	0.49	59.0	6	0.49	58.8	14	0.38	56.6	28	0.39	58.05	56	0.36
chr3	195779599	ATAC	A	0	55.0	0	0.0	60.0	2	0.84	58.33	2	0.61	61.25	3	0.67	58.0	3	0.54	59.0	6	0.52	58.6	13	0.42	58.6	28	0.47	58.65	57	0.43
chr3	195780491	AGGGGTGGCCT	A	0	65.0	0	0.0	62.5	0	0.0	58.33	0	0.0	57.5	1	0.22	57.0	1	0.2	57.0	4	0.37	58.4	15	0.49	58.8	31	0.49	58.85	62	0.5
chr3	195780524	GTC	G	0	60.0	1	0.62	57.5	2	0.71	61.67	2	0.42	60.0	2	0.34	59.0	2	0.32	58.5	5	0.42	58.0	14	0.46	58.7	32	0.51	58.8	62	0.5
chr3	195780527	C	CTG	0	60.0	1	0.74	57.5	2	0.89	60.0	2	0.42	60.0	2	0.35	59.0	3	0.45	59.0	6	0.5	58.2	14	0.47	58.7	32	0.52	58.8	62	0.5
chr3	195781187	TG	T	0	55.0	0	0.0	57.5	1	0.39	60.0	1	0.3	61.25	1	0.21	58.0	1	0.18	58.0	3	0.28	58.6	13	0.43	59.0	32	0.5	58.55	59	0.47
chr3	195781625	AGCGTCG	A	0	60.0	2	1.48	55.0	2	0.83	61.67	4	1.03	58.75	4	0.81	58.0	4	0.68	57.5	6	0.51	57.4	15	0.5	57.9	25	0.41	58.6	60	0.49
chr3	195781794	G	GCC	0	55.0	0	0.0	57.5	1	0.39	55.0	1	0.33	55.0	2	0.47	56.0	2	0.38	57.0	5	0.46	57.6	14	0.46	58.0	25	0.41	58.55	61	0.5
chr3	195781796	GTC	G	0	55.0	0	0.0	57.5	0	0.0	56.67	2	0.63	55.0	2	0.51	56.0	2	0.36	56.5	5	0.45	57.4	14	0.47	58.0	25	0.41	58.55	61	0.5
chr3	195783355	T	TG	0	50.0	1	0.95	52.5	1	0.41	56.67	1	0.29	56.25	1	0.21	54.0	2	0.4	55.5	4	0.4	57.2	15	0.52	57.8	28	0.46	58.35	65	0.54
chr3	195783378	G	GCC	0	60.0	0	0.0	55.0	1	0.47	53.33	1	0.34	53.75	2	0.48	55.0	2	0.39	56.5	5	0.47	57.4	13	0.45	58.1	29	0.48	58.2	64	0.53
chr3	195783380	GTC	G	0	60.0	0	0.0	55.0	0	0.0	55.0	2	0.66	53.75	2	0.52	55.0	2	0.39	56.0	5	0.46	57.4	13	0.45	58.2	30	0.49	58.15	63	0.53
chr3	195783426	GTGTCA	G	0	55.0	0	0.0	55.0	1	0.42	53.33	1	0.34	53.75	2	0.52	55.0	2	0.41	55.5	4	0.37	57.2	12	0.42	58.1	30	0.49	58.2	64	0.53
chr3	195783546	G	GTGTC	0	55.0	0	0.0	57.5	1	0.44	60.0	2	0.54	57.5	2	0.42	56.0	3	0.54	58.0	5	0.42	56.8	12	0.41	57.5	27	0.46	58.1	61	0.51
chr3	195783547	GGCTA	G	0	55.0	0	0.0	60.0	1	0.42	60.0	2	0.54	57.5	2	0.42	56.0	3	0.54	58.0	5	0.42	56.8	12	0.41	57.6	27	0.46	58.15	61	0.51
chr3	195784573	GC	G	0	60.0	1	1.0	57.5	1	0.39	56.67	1	0.29	57.5	1	0.21	60.0	2	0.33	59.0	7	0.57	58.8	15	0.5	58.9	30	0.48	58.1	59	0.49
chr3	195785501	G	GGAT	0	55.0	0	0.0	60.0	2	0.67	60.0	3	0.69	60.0	3	0.59	58.0	3	0.47	58.0	5	0.38	58.4	21	0.65	57.9	39	0.63	58.4	69	0.55
chr4	1025265	CCA	C	0	45.0	0	0.0	50.0	0	0.0	46.67	0	0.0	50.0	0	0.0	56.0	1	0.16	58.5	4	0.25	65.8	23	0.43	63.9	50	0.5	62.65	121	0.63
chr4	1394588	ATG	A	0	70.0	1	0.5	62.5	1	0.26	66.67	3	0.45	66.25	5	0.59	65.0	6	0.57	63.5	10	0.51	53.2	15	0.43	56.8	43	0.54	56.05	91	0.58
chr4	1394590	G	GCACA	0	65.0	1	0.5	67.5	1	0.22	66.67	3	0.45	63.75	4	0.5	66.0	6	0.55	64.0	10	0.5	53.2	16	0.46	56.8	43	0.54	56.1	91	0.58
chr4	1394833	T	TCA	0	75.0	2	0.8	65.0	2	0.47	68.33	4	0.58	67.5	5	0.58	66.0	7	0.65	66.5	13	0.6	66.6	35	0.64	60.6	61	0.67	58.5	101	0.6
chr4	1394836	C	CACGTGCCGATGCGGA	0	70.0	2	1.0	67.5	2	0.44	68.33	4	0.58	67.5	6	0.68	67.0	7	0.63	66.5	13	0.6	66.6	35	0.64	60.8	62	0.68	58.55	101	0.59
chr4	1394842	C	CGCCTGCTCACACGTGCCG	0	65.0	1	0.48	72.5	3	0.58	68.33	4	0.58	67.5	7	0.78	69.0	8	0.69	66.5	14	0.64	67.0	36	0.65	60.8	62	0.68	58.65	102	0.6
chr4	1395154	TGTGG	T	0	60.0	1	0.57	62.5	2	0.52	63.33	3	0.5	63.75	7	0.86	67.0	9	0.81	66.0	18	0.83	68.0	44	0.77	67.1	76	0.68	58.7	99	0.58
chr4	1395172	TCA	T	0	60.0	2	1.14	62.5	4	1.03	65.0	6	0.95	66.25	7	0.81	66.0	9	0.83	66.5	18	0.82	67.6	43	0.76	67.0	75	0.68	58.7	98	0.57
chr4	2042386	ACCG	A	0	75.0	3	1.36	82.5	9	1.38	83.33	10	1.07	77.5	10	0.88	77.0	11	0.77	82.0	29	0.87	79.8	59	0.76	76.2	123	0.86	71.05	177	0.7
chr4	3074926	G	GCAA	0	65.0	0	0.0	67.5	1	0.22	71.67	4	0.53	75.0	7	0.65	74.0	8	0.61	69.5	15	0.65	73.6	51	0.76	71.8	94	0.73	67.75	168	0.74
chr4	3074944	A	ACCGCCG	0	80.0	3	1.25	82.5	7	1.11	78.33	8	0.97	73.75	8	0.82	76.0	11	0.82	73.5	18	0.72	73.4	52	0.78	71.5	95	0.75	67.25	165	0.74
chr4	3228682	AGAG	A	0	60.0	1	1.82	65.0	2	0.91	68.33	3	0.46	63.75	4	0.5	65.0	5	0.48	56.5	7	0.44	54.8	14	0.37	56.3	32	0.41	57.15	50	0.32
chr4	3587991	CA	C	0	45.0	0	0.0	47.5	0	0.0	50.0	0	0.0	53.75	0	0.0	53.0	0	0.0	53.0	2	0.15	54.0	3	0.08	55.0	11	0.15	57.35	25	0.15
chr4	3587993	AC	A	0	50.0	0	0.0	47.5	0	0.0	50.0	0	0.0	53.75	0	0.0	54.0	0	0.0	53.0	2	0.15	53.8	3	0.08	54.9	11	0.15	57.4	25	0.15
chr4	3589095	GAC	G	0	50.0	0	0.0	50.0	0	0.0	41.67	0	0.0	41.25	0	0.0	38.0	0	0.0	44.5	2	0.23	43.2	7	0.31	48.6	22	0.37	49.15	33	0.27
chr4	3589095	GACAC	G	0	50.0	0	0.0	50.0	0	0.0	41.67	0	0.0	41.25	0	0.0	38.0	0	0.0	44.5	2	0.23	43.2	7	0.31	48.6	22	0.37	49.15	33	0.27
chr4	3767567	AGGGGGCGGGGCC	A	0	85.0	3	1.15	92.5	7	1.04	88.33	10	1.15	87.5	14	1.2	88.0	18	1.09	86.5	39	1.11	77.8	83	1.11	71.6	134	1.05	68.05	201	0.87
chr4	4197220	GCGTTGC	G	0	55.0	1	0.71	47.5	1	0.45	53.33	3	0.71	52.5	3	0.56	53.0	3	0.43	47.5	4	0.36	50.6	10	0.31	48.8	21	0.35	50.95	44	0.34
chr4	4226545	TCCACAGCAG	T	0	55.0	0	0.0	65.0	2	0.5	68.33	5	0.72	70.0	8	0.82	68.0	9	0.78	72.0	23	0.89	69.4	48	0.8	67.2	82	0.73	65.9	142	0.65
chr4	5525387	A	AT	0	5.0	0	0.0	25.0	0	0.0	28.33	0	0.0	30.0	0	0.0	34.0	1	0.35	37.5	2	0.28	41.4	3	0.14	41.4	6	0.14	42.85	11	0.12
chr4	5989140	CCT	C	0	35.0	0	0.0	47.5	1	0.57	50.0	3	0.9	51.25	3	0.63	52.0	3	0.5	46.0	4	0.39	49.6	8	0.26	52.3	23	0.35	53.85	37	0.26
chr4	7042778	GCTC	G	0	65.0	2	1.11	67.5	2	0.63	73.33	7	1.0	73.75	8	0.84	75.0	12	0.9	73.5	22	0.83	74.0	55	0.83	71.6	102	0.81	71.9	215	0.83
chr4	9175274	G	GC	0	60.0	2	1.25	57.5	3	0.95	63.33	5	0.83	61.25	6	0.8	61.0	7	0.76	56.5	8	0.51	57.8	20	0.48	56.8	33	0.41	57.45	73	0.44
chr4	15003253	A	AGCCGCC	0	75.0	4	1.48	77.5	6	1.3	78.33	8	1.3	75.0	9	1.02	71.0	10	0.91	73.0	21	0.86	73.6	53	0.86	73.7	112	0.87	74.75	254	0.93
chr4	15004113	A	AGCG	0	80.0	5	1.59	80.0	9	1.46	80.0	12	1.29	78.75	16	1.29	76.0	18	1.25	72.0	28	1.13	76.2	70	1.0	76.2	126	0.87	74.45	236	0.86
chr4	15511380	GGAA	G	0	55.0	0	0.0	47.5	0	0.0	53.33	1	0.29	51.25	1	0.24	45.0	1	0.24	44.0	2	0.24	46.6	7	0.26	40.3	8	0.2	39.75	16	0.2
chr4	25030638	CCAG	C	0	80.0	3	0.95	72.5	4	0.76	75.0	9	1.07	77.5	12	1.04	77.0	15	1.05	75.5	25	0.92	76.8	64	0.87	73.4	102	0.76	66.65	136	0.61
chr4	37960986	CAT	C	0	45.0	0	0.0	50.0	1	0.42	46.67	1	0.31	48.75	1	0.21	46.0	1	0.19	44.0	1	0.1	41.4	4	0.19	41.1	8	0.19	40.2	15	0.19
chr4	49032651	CA	C	0	55.0	1	0.83	50.0	3	1.32	55.0	4	0.89	53.75	5	0.87	53.0	6	0.86	46.0	7	0.67	43.4	10	0.43	43.0	12	0.26	44.0	19	0.2
chr4	56410898	TAAAAAAAAA	T	0	30.0	0	0.0	32.5	0	0.0	31.67	0	0.0	33.75	1	0.44	35.0	1	0.33	37.5	1	0.14	32.6	1	0.08	33.4	4	0.14	33.25	8	0.15
chr4	56410898	TAAAAAAAAAA	T	0	30.0	0	0.0	32.5	0	0.0	31.67	0	0.0	33.75	1	0.44	35.0	1	0.33	37.5	1	0.14	32.6	1	0.08	33.4	4	0.14	33.25	8	0.15
chr4	56410898	TAAAAAAAAAAA	T	0	30.0	0	0.0	32.5	0	0.0	31.67	0	0.0	33.75	1	0.44	35.0	1	0.33	37.5	1	0.14	32.6	1	0.08	33.4	4	0.14	33.25	8	0.15
chr4	70602627	CAGG	C	0	50.0	0	0.0	37.5	0	0.0	33.33	0	0.0	33.75	0	0.0	32.0	0	0.0	27.0	0	0.0	28.8	0	0.0	30.9	0	0.0	31.6	8	0.16
chr4	73258353	TCCGCCTCCACCG	T	0	85.0	3	1.43	82.5	6	1.04	75.0	8	1.11	71.25	10	1.14	70.0	13	1.18	64.5	20	1.02	65.6	43	0.84	65.4	85	0.85	59.75	136	0.77
chr4	76144164	C	CTGT	0	50.0	0	0.0	42.5	0	0.0	41.67	0	0.0	42.5	0	0.0	42.0	0	0.0	40.5	2	0.27	36.0	3	0.19	34.2	3	0.1	38.05	25	0.35
chr4	77075483	TTCC	T	0	55.0	0	0.0	65.0	0	0.0	73.33	3	0.79	73.75	4	0.57	71.0	7	0.69	75.5	25	0.9	73.6	63	0.94	66.0	96	0.89	60.0	145	0.81
chr4	78870927	CCAG	C	0	60.0	1	0.74	55.0	1	0.36	55.0	1	0.25	52.5	1	0.19	54.0	1	0.14	57.5	2	0.13	43.6	2	0.08	37.5	7	0.2	35.5	9	0.14
chr4	78870981	ACAGCAGCAGCAG	A	0	55.0	0	0.0	60.0	0	0.0	60.0	0	0.0	61.25	0	0.0	63.0	0	0.0	51.0	1	0.08	43.4	3	0.13	38.2	7	0.19	35.15	9	0.15
chr4	80286531	G	GAGC	0	60.0	1	0.56	50.0	1	0.4	46.67	2	0.64	45.0	2	0.52	44.0	2	0.44	48.0	5	0.45	43.6	9	0.39	36.8	13	0.38	34.1	18	0.31
chr4	87313943	CG	C	0	45.0	1	1.0	50.0	1	0.4	45.0	1	0.33	43.75	1	0.27	41.0	1	0.24	43.5	2	0.21	35.0	3	0.2	35.6	6	0.19	37.75	15	0.21
chr4	87614860	TAGCAGTGACAGCAGCAAC	T	0	50.0	1	0.83	55.0	1	0.33	55.0	2	0.44	50.0	2	0.41	51.0	2	0.31	50.0	3	0.25	49.4	5	0.17	49.2	14	0.24	47.3	21	0.2
chr4	87615163	TAGC	T	0	55.0	1	0.67	45.0	1	0.52	50.0	2	0.56	50.0	3	0.62	53.0	5	0.73	49.0	6	0.54	50.0	10	0.33	49.7	14	0.24	49.6	31	0.27
chr4	87615389	AACAGCAGTG	A	0	50.0	0	0.0	52.5	0	0.0	50.0	0	0.0	48.75	0	0.0	49.0	0	0.0	48.5	1	0.09	49.6	9	0.31	50.5	16	0.26	51.25	43	0.34
chr4	87615715	TAGTGACAGCAGCAATAGC	T	0	40.0	0	0.0	45.0	0	0.0	46.67	0	0.0	48.75	0	0.0	50.0	0	0.0	51.5	3	0.24	52.0	9	0.28	51.9	22	0.34	50.15	45	0.37
chr4	87615729	ATAG	A	0	50.0	0	0.0	45.0	0	0.0	46.67	0	0.0	48.75	1	0.22	51.0	1	0.16	51.5	3	0.24	52.2	10	0.3	51.9	22	0.34	50.15	45	0.37
chr4	87615748	CAGCAGTGACAGCAGCGAT	C	0	55.0	0	0.0	52.5	1	0.36	53.33	1	0.24	50.0	2	0.42	51.0	2	0.32	51.5	3	0.24	52.4	11	0.33	52.3	23	0.35	50.2	45	0.37
chr4	87615919	TAGCAGTGAC	T	0	45.0	0	0.0	45.0	0	0.0	50.0	1	0.29	51.25	2	0.41	54.0	3	0.43	54.5	7	0.49	54.2	15	0.42	53.5	29	0.42	48.45	43	0.38
chr4	87615997	CGATAGCAGT	C	0	55.0	1	0.71	55.0	2	0.68	58.33	3	0.6	56.25	4	0.65	57.0	5	0.62	54.0	6	0.43	55.2	19	0.51	53.8	31	0.44	48.15	42	0.37
chr4	87616018	CAGCAGCAAT	C	0	55.0	0	0.0	52.5	1	0.37	53.33	1	0.24	55.0	3	0.51	56.0	4	0.52	55.0	7	0.48	55.6	20	0.53	53.7	31	0.44	48.2	42	0.37
chr4	87616076	A	AGTG	0	60.0	0	0.0	52.5	0	0.0	56.67	1	0.21	55.0	1	0.17	54.0	2	0.28	57.0	8	0.5	55.6	21	0.56	53.3	31	0.45	48.0	42	0.37
chr4	87616077	G	GTGA	0	55.0	0	0.0	55.0	0	0.0	55.0	1	0.23	56.25	2	0.32	54.0	2	0.28	56.5	8	0.51	55.4	21	0.56	53.4	31	0.45	48.0	42	0.37
chr4	87616285	TGACAGCAGTGACAGCAGC	T	0	50.0	0	0.0	52.5	1	0.38	56.67	3	0.66	56.25	5	0.82	58.0	6	0.73	55.5	9	0.6	54.8	19	0.52	50.4	29	0.47	46.1	35	0.34
chr4	87616294	TGACAGCAGC	T	0	55.0	0	0.0	52.5	1	0.38	56.67	3	0.66	56.25	4	0.66	58.0	6	0.73	55.5	10	0.67	54.8	19	0.52	50.1	29	0.47	46.05	35	0.34
chr4	88008020	CGAG	C	0	70.0	2	1.0	67.5	4	0.99	70.0	6	1.0	70.0	8	0.97	68.0	10	1.01	73.5	24	0.9	78.6	72	0.94	76.7	142	0.97	62.5	179	0.92
chr4	100187717	GT	G	0	30.0	0	0.0	32.5	1	0.95	35.0	1	0.55	38.75	1	0.33	39.0	1	0.27	38.0	2	0.28	40.2	8	0.4	38.0	10	0.28	35.85	14	0.22
chr4	100480003	TAAC	T	0	25.0	0	0.0	25.0	0	0.0	33.33	0	0.0	35.0	0	0.0	31.0	0	0.0	32.0	0	0.0	31.4	2	0.16	31.1	4	0.17	30.55	5	0.11
chr4	109869930	ATCT	A	0	45.0	0	0.0	47.5	0	0.0	43.33	0	0.0	46.25	1	0.43	45.0	1	0.34	47.0	2	0.22	46.4	4	0.15	46.6	8	0.15	40.95	12	0.14
chr4	110011232	G	GC	0	65.0	0	0.0	52.5	0	0.0	55.0	0	0.0	51.25	0	0.0	48.0	0	0.0	44.0	1	0.11	45.2	3	0.12	44.4	9	0.18	40.7	13	0.16
chr4	112432365	GTTC	G	0	40.0	0	0.0	50.0	0	0.0	55.0	0	0.0	50.0	0	0.0	53.0	0	0.0	50.5	1	0.08	51.4	10	0.3	51.0	15	0.23	47.85	22	0.19
chr4	112657325	G	GA	0	15.0	0	0.0	22.5	0	0.0	23.33	0	0.0	27.5	1	0.68	32.0	1	0.39	30.5	1	0.22	29.2	2	0.19	27.1	2	0.11	31.35	4	0.08
chr4	119026805	AAAG	A	0	45.0	0	0.0	52.5	1	0.36	55.0	1	0.22	55.0	2	0.33	53.0	2	0.29	55.5	7	0.46	50.4	11	0.35	45.4	16	0.31	42.0	27	0.31
chr4	121157143	CTCTCTGCCTGTCGTCCTT	C	0	65.0	1	0.67	65.0	4	1.0	65.0	5	0.86	65.0	7	0.85	67.0	9	0.87	63.5	18	0.94	56.2	28	0.73	49.5	34	0.56	43.65	43	0.45
chr4	139730429	TCTG	T	0	50.0	1	0.95	52.5	1	0.37	60.0	1	0.19	56.25	2	0.32	54.0	3	0.41	54.0	4	0.28	53.2	9	0.26	49.3	16	0.26	46.65	31	0.29
chr4	139889908	T	TTGC	0	50.0	0	0.0	52.5	0	0.0	51.67	0	0.0	55.0	0	0.0	56.0	0	0.0	51.0	0	0.0	50.6	4	0.13	53.7	15	0.22	50.0	30	0.25
chr4	139889908	TTGC	T	0	50.0	0	0.0	52.5	0	0.0	51.67	0	0.0	55.0	0	0.0	56.0	0	0.0	51.0	0	0.0	50.6	4	0.13	53.7	15	0.22	50.0	30	0.25
chr4	139889908	TTGCTGC	T	0	50.0	0	0.0	52.5	0	0.0	51.67	0	0.0	55.0	0	0.0	56.0	0	0.0	51.0	0	0.0	50.6	4	0.13	53.7	15	0.22	50.0	30	0.25
chr4	139889928	GC	G	0	65.0	0	0.0	65.0	0	0.0	61.67	0	0.0	58.75	0	0.0	56.0	0	0.0	52.5	0	0.0	51.6	4	0.13	53.9	16	0.24	50.1	30	0.24
chr4	139889930	TGCTGCTGCTGC	T	0	70.0	0	0.0	65.0	0	0.0	63.33	0	0.0	58.75	0	0.0	56.0	0	0.0	53.0	0	0.0	51.4	4	0.13	53.8	16	0.24	50.0	30	0.25
chr4	146639304	T	TGGC	0	75.0	3	1.36	80.0	7	1.17	83.33	11	1.08	83.75	14	1.02	81.0	17	1.04	76.5	26	0.89	65.8	44	0.82	62.1	82	0.85	63.65	160	0.79
chr4	146639304	TGGC	T	0	75.0	3	1.36	80.0	7	1.17	83.33	11	1.08	83.75	14	1.02	81.0	17	1.04	76.5	26	0.89	65.8	44	0.82	62.1	82	0.85	63.65	160	0.79
chr4	146639304	TGGCGGCGGC	T	0	75.0	3	1.36	80.0	7	1.17	83.33	11	1.08	83.75	14	1.02	81.0	17	1.04	76.5	26	0.89	65.8	44	0.82	62.1	82	0.85	63.65	160	0.79
chr4	146639304	TGGCGGCGGCGGC	T	0	75.0	3	1.36	80.0	7	1.17	83.33	11	1.08	83.75	14	1.02	81.0	17	1.04	76.5	26	0.89	65.8	44	0.82	62.1	82	0.85	63.65	160	0.79
chr4	151279865	G	GCAGGT	0	70.0	1	0.42	62.5	1	0.26	61.67	1	0.18	57.5	1	0.15	60.0	3	0.33	53.0	5	0.36	49.6	7	0.23	44.2	10	0.21	43.1	14	0.15
chr4	154323248	TTTTG	T	0	40.0	0	0.0	37.5	0	0.0	33.33	0	0.0	40.0	1	0.36	39.0	1	0.27	38.5	2	0.27	40.0	4	0.2	35.1	6	0.2	33.55	12	0.22
chr4	174977591	TTTA	T	0	15.0	0	0.0	20.0	0	0.0	23.33	1	1.5	22.5	1	1.11	23.0	1	0.83	33.0	1	0.19	43.2	5	0.22	46.3	11	0.21	42.35	18	0.2
chr4	176184857	TTCTC	T	0	30.0	0	0.0	42.5	0	0.0	41.67	0	0.0	41.25	0	0.0	38.0	0	0.0	35.0	0	0.0	33.2	1	0.07	33.6	3	0.11	32.75	6	0.11
chr4	176683929	CTCA	C	0	30.0	0	0.0	37.5	0	0.0	36.67	1	0.5	35.0	2	0.82	36.0	2	0.62	43.5	4	0.43	39.0	7	0.37	35.4	8	0.26	38.0	17	0.24
chr4	183446404	TCTG	T	0	40.0	1	1.33	42.5	1	0.57	41.67	1	0.39	43.75	1	0.26	45.0	2	0.4	45.5	4	0.39	47.8	10	0.35	43.7	15	0.32	40.2	19	0.24
chr4	184694536	ACAGATGAAG	A	0	30.0	0	0.0	32.5	0	0.0	38.33	0	0.0	40.0	0	0.0	40.0	0	0.0	40.5	0	0.0	38.6	3	0.16	34.2	7	0.24	35.35	17	0.27
chr4	185445022	TG	T	0	50.0	0	0.0	40.0	0	0.0	41.67	0	0.0	38.75	0	0.0	39.0	0	0.0	39.0	2	0.26	34.4	2	0.14	35.1	4	0.13	36.95	30	0.44
chr4	186191192	C	CGTT	0	60.0	1	0.74	60.0	2	0.62	58.33	3	0.61	63.75	5	0.63	63.0	5	0.53	63.0	13	0.67	68.8	44	0.76	67.7	94	0.82	62.0	154	0.8
chr5	220317	T	TG	0	30.0	0	0.0	35.0	0	0.0	31.67	0	0.0	33.75	0	0.0	33.0	0	0.0	34.5	1	0.17	33.2	2	0.15	38.1	12	0.33	41.15	34	0.4
chr5	271741	CCCGGCCCTGGGG	C	0	70.0	2	1.21	77.5	4	0.7	78.33	4	0.45	78.75	8	0.66	80.0	11	0.7	73.5	20	0.74	74.8	53	0.78	70.4	92	0.76	62.6	135	0.69
chr5	1038471	G	GCCCCCAC	0	80.0	0	0.0	75.0	0	0.0	71.67	2	0.29	68.75	2	0.22	68.0	2	0.18	67.5	8	0.36	63.8	23	0.46	65.3	49	0.46	65.1	93	0.44
chr5	2751180	CCGG	C	0	80.0	4	1.45	75.0	7	1.4	80.0	13	1.38	78.75	16	1.29	78.0	18	1.18	79.5	33	1.04	79.6	81	1.02	79.0	159	1.02	73.15	260	0.97
chr5	7867363	TATA	T	0	25.0	0	0.0	30.0	0	0.0	33.33	0	0.0	38.75	1	0.33	38.0	1	0.28	40.5	2	0.25	40.0	4	0.2	42.2	14	0.32	39.2	24	0.31
chr5	11385088	CGCG	C	0	70.0	3	1.5	77.5	8	1.62	81.67	13	1.53	83.75	18	1.45	83.0	20	1.3	84.0	39	1.16	79.0	78	1.04	70.3	115	0.95	55.15	131	0.87
chr5	40841468	CTT	C	0	40.0	0	0.0	35.0	1	1.0	40.0	2	0.86	38.75	2	0.67	38.0	2	0.57	41.0	4	0.49	39.8	6	0.31	37.3	10	0.29	33.35	14	0.25
chr5	45695883	GCCGCCGCCA	G	0	100.0	6	1.43	90.0	10	1.45	88.33	13	1.37	80.0	15	1.36	79.0	17	1.19	77.5	29	1.0	70.2	59	0.96	72.7	122	0.93	62.5	164	0.84
chr5	56882020	TCAA	T	0	40.0	0	0.0	35.0	0	0.0	41.67	0	0.0	42.5	0	0.0	44.0	0	0.0	41.5	0	0.0	46.0	3	0.12	43.3	6	0.13	40.75	11	0.13
chr5	61332325	G	GGGC	0	90.0	4	1.04	82.5	8	1.23	81.67	11	1.11	82.5	14	1.05	85.0	21	1.2	77.5	33	1.13	74.8	74	1.07	74.9	145	1.03	73.35	254	0.95
chr5	61332325	GGGCGGC	G	0	90.0	4	1.04	82.5	8	1.23	81.67	11	1.11	82.5	14	1.05	85.0	21	1.2	77.5	33	1.13	74.8	74	1.07	74.9	145	1.03	73.35	254	0.95
chr5	61332353	A	AGCG	0	90.0	3	0.83	95.0	10	1.28	95.0	15	1.28	85.0	16	1.19	83.0	19	1.16	83.0	38	1.16	75.2	77	1.11	76.0	148	1.03	73.65	253	0.93
chr5	64728112	C	CT	0	20.0	0	0.0	20.0	0	0.0	16.67	0	0.0	21.25	0	0.0	24.0	0	0.0	26.0	0	0.0	22.8	0	0.0	31.6	1	0.04	33.7	12	0.21
chr5	66596938	T	TGCC	0	75.0	3	1.11	77.5	7	1.17	73.33	8	1.0	77.5	12	1.0	80.0	16	1.0	78.5	28	0.91	73.0	53	0.8	67.9	88	0.77	65.15	163	0.77
chr5	73447201	GGCGGCGGCGGCCTGC	G	0	85.0	3	0.91	87.5	8	1.16	88.33	13	1.18	90.0	18	1.17	87.0	20	1.1	82.0	35	1.05	77.0	77	1.07	74.6	147	1.08	63.05	214	1.08
chr5	73447471	G	GGC	0	95.0	5	1.14	87.5	10	1.45	83.33	12	1.37	85.0	17	1.42	85.0	20	1.33	82.0	36	1.18	82.0	89	1.1	75.6	148	1.07	69.9	250	1.03
chr5	74726020	TACTCAA	T	0	35.0	0	0.0	37.5	0	0.0	38.33	0	0.0	40.0	0	0.0	42.0	0	0.0	41.5	1	0.12	36.8	1	0.06	36.2	3	0.09	35.55	7	0.11
chr5	75195889	TTCA	T	0	40.0	0	0.0	37.5	1	0.71	35.0	1	0.55	32.5	1	0.48	33.0	1	0.37	38.0	2	0.28	39.4	3	0.16	36.5	5	0.15	35.15	7	0.11
chr5	75590467	GTTT	G	0	35.0	0	0.0	20.0	0	0.0	25.0	0	0.0	26.25	0	0.0	29.0	0	0.0	32.5	2	0.39	33.4	3	0.22	31.2	3	0.12	33.35	17	0.31
chr5	77620509	G	GC	0	35.0	0	0.0	40.0	0	0.0	43.33	0	0.0	42.5	0	0.0	43.0	0	0.0	45.0	1	0.1	38.2	3	0.17	37.9	5	0.14	42.1	22	0.25
chr5	78101010	TTTC	T	0	30.0	0	0.0	32.5	0	0.0	30.0	0	0.0	27.5	0	0.0	30.0	1	0.45	27.5	1	0.28	26.8	1	0.11	29.1	3	0.14	30.45	5	0.11
chr5	78450028	C	CA	0	45.0	0	0.0	35.0	0	0.0	35.0	0	0.0	36.25	0	0.0	33.0	0	0.0	31.5	1	0.2	30.4	2	0.17	31.9	10	0.4	32.9	11	0.21
chr5	78450030	A	AG	0	45.0	0	0.0	32.5	0	0.0	35.0	0	0.0	33.75	0	0.0	34.0	0	0.0	31.5	1	0.2	30.0	2	0.18	31.8	10	0.41	32.9	11	0.21
chr5	80654879	TGCAGCGGCTGCAGCGGCC	T	0	80.0	2	0.62	77.5	4	0.67	78.33	7	0.76	77.5	8	0.68	75.0	9	0.67	69.0	17	0.74	72.0	47	0.73	64.9	78	0.74	55.95	108	0.69
chr5	80654904	G	GCCGCAGCGC	0	90.0	5	1.23	87.5	7	0.92	83.33	8	0.79	81.25	10	0.78	81.0	11	0.7	70.5	15	0.61	70.4	42	0.68	64.0	75	0.73	55.95	108	0.69
chr5	80654921	GCCCCCAGCT	G	0	90.0	2	0.62	82.5	5	0.87	85.0	8	0.86	83.75	11	0.85	79.0	12	0.82	73.5	15	0.56	69.4	41	0.68	63.1	74	0.74	56.05	108	0.69
chr5	98856459	AAGG	A	0	50.0	0	0.0	45.0	0	0.0	43.33	0	0.0	46.25	0	0.0	48.0	1	0.18	44.0	3	0.31	39.8	7	0.36	33.7	8	0.28	32.6	13	0.24
chr5	102234798	CTTTCCT	C	0	35.0	0	0.0	32.5	0	0.0	41.67	0	0.0	43.75	0	0.0	41.0	0	0.0	41.5	1	0.12	39.0	3	0.16	35.3	6	0.2	34.35	9	0.15
chr5	108381022	GCCGCCGCCGCAGCCC	G	0	100.0	6	1.43	92.5	9	1.33	91.67	12	1.15	88.75	14	1.01	87.0	16	0.87	83.5	27	0.78	77.0	57	0.77	75.0	111	0.8	65.6	175	0.82
chr5	109855233	TCTC	T	0	45.0	0	0.0	42.5	0	0.0	45.0	0	0.0	43.75	0	0.0	42.0	0	0.0	40.0	1	0.13	32.4	1	0.08	32.8	3	0.11	30.6	4	0.09
chr5	112419971	CG	C	0	80.0	4	1.45	82.5	7	1.11	81.67	10	1.08	82.5	13	1.01	83.0	15	0.94	75.5	28	1.03	71.8	51	0.81	71.9	114	0.88	64.1	183	0.89
chr5	113488338	T	TGCC	0	70.0	0	0.0	72.5	4	0.76	78.33	10	1.09	77.5	11	0.94	78.0	14	0.95	74.0	29	1.09	70.6	64	1.03	67.4	94	0.83	57.95	128	0.76
chr5	113488341	T	TGCTGCTGCC	0	75.0	1	0.36	75.0	5	0.9	80.0	10	1.05	77.5	11	0.93	77.0	13	0.91	73.5	27	1.02	70.6	63	1.01	67.1	93	0.83	57.95	128	0.76
chr5	113488350	T	TGCC	0	85.0	3	0.86	82.5	6	0.92	78.33	9	0.98	78.75	11	0.89	78.0	14	0.95	74.0	29	1.08	70.4	63	1.02	66.8	92	0.82	57.9	127	0.76
chr5	114362933	T	TGCC	0	80.0	3	1.0	77.5	6	1.09	76.67	10	1.17	75.0	12	1.08	74.0	15	1.11	69.5	23	0.97	68.2	53	0.92	68.5	106	0.91	64.75	176	0.85
chr5	114486759	T	TA	0	30.0	0	0.0	30.0	0	0.0	30.0	1	0.74	31.25	1	0.51	34.0	1	0.35	35.0	1	0.17	38.6	1	0.05	38.3	4	0.11	34.7	9	0.15
chr5	114486759	TA	T	0	30.0	0	0.0	30.0	0	0.0	30.0	1	0.74	31.25	1	0.51	34.0	1	0.35	35.0	1	0.17	38.6	1	0.05	38.3	4	0.11	34.7	9	0.15
chr5	115866719	TAAGA	T	0	35.0	0	0.0	35.0	0	0.0	33.33	0	0.0	37.5	0	0.0	36.0	0	0.0	30.5	0	0.0	29.0	0	0.0	28.1	1	0.05	33.2	13	0.24
chr5	122152939	AT	A	0	15.0	0	0.0	32.5	0	0.0	36.67	0	0.0	36.25	0	0.0	37.0	0	0.0	44.0	2	0.21	48.8	6	0.21	46.8	10	0.19	45.55	17	0.16
chr5	123090275	A	ACCTCCGCCT	0	65.0	1	1.67	70.0	4	1.39	73.33	7	1.33	72.5	8	1.09	77.0	14	1.19	78.5	30	1.06	77.0	70	0.97	73.5	120	0.9	68.7	195	0.83
chr5	128084238	TGCGGCG	T	0	90.0	4	1.0	90.0	10	1.3	83.33	13	1.32	82.5	15	1.17	80.0	17	1.13	80.0	28	0.9	75.8	66	0.94	73.4	119	0.88	68.1	207	0.9
chr5	128084244	GGCGGCGGCGGCGGCGGCA	G	0	90.0	4	1.04	92.5	10	1.24	90.0	15	1.3	82.5	15	1.17	81.0	16	1.05	78.5	27	0.9	75.4	65	0.93	73.7	119	0.88	68.05	207	0.9
chr5	129461621	T	TCCCGGC	0	75.0	2	0.8	75.0	5	0.93	75.0	8	0.96	76.25	11	0.98	76.0	14	0.99	71.5	21	0.84	69.0	44	0.76	65.4	86	0.81	55.6	118	0.76
chr5	131988556	C	CTG	0	60.0	0	0.0	55.0	0	0.0	55.0	0	0.0	56.25	0	0.0	59.0	0	0.0	55.5	1	0.06	55.0	5	0.13	55.9	13	0.17	55.75	23	0.15
chr5	132813629	G	GGCCGCCGCC	0	80.0	3	0.95	85.0	6	0.88	81.67	8	0.82	82.5	10	0.74	84.0	14	0.8	80.5	31	0.96	78.0	73	0.96	73.6	123	0.91	65.0	201	0.95
chr5	133583288	G	GAACCTT	0	70.0	0	0.0	60.0	1	0.28	51.67	1	0.25	53.75	2	0.35	56.0	2	0.26	53.0	6	0.43	58.2	18	0.43	57.7	36	0.43	55.15	44	0.29
chr5	135033030	CA	C	0	45.0	1	1.0	52.5	3	1.11	58.33	6	1.22	65.0	9	1.09	71.0	11	0.89	74.0	25	0.92	62.4	42	0.87	53.3	67	0.96	54.75	140	0.94
chr5	135936683	C	CA	0	45.0	0	0.0	45.0	0	0.0	45.0	1	0.39	50.0	2	0.4	50.0	2	0.32	41.0	3	0.36	36.8	3	0.18	36.2	6	0.18	36.0	13	0.2
chr5	135940511	AGTT	A	0	35.0	0	0.0	32.5	0	0.0	31.67	0	0.0	31.25	0	0.0	28.0	0	0.0	28.5	0	0.0	27.8	1	0.1	27.4	1	0.05	32.75	14	0.26
chr5	135941550	GCT	G	0	45.0	0	0.0	45.0	0	0.0	41.67	0	0.0	42.5	0	0.0	44.0	0	0.0	44.5	0	0.0	40.0	3	0.15	37.8	10	0.28	34.25	12	0.21
chr5	136177395	T	TC	0	35.0	0	0.0	47.5	0	0.0	50.0	0	0.0	51.25	1	0.19	48.0	1	0.17	44.5	1	0.1	34.2	1	0.07	32.0	2	0.08	30.8	4	0.08
chr5	137753255	C	CGCT	0	80.0	4	1.45	75.0	6	1.27	70.0	6	0.87	71.25	8	0.82	66.0	9	0.87	67.0	20	0.94	65.2	46	0.88	58.3	69	0.83	53.9	119	0.83
chr5	138560907	A	AT	0	25.0	0	0.0	27.5	0	0.0	31.67	0	0.0	37.5	0	0.0	34.0	0	0.0	38.5	3	0.41	42.4	11	0.5	43.2	25	0.54	43.55	38	0.41
chr5	138560907	AT	A	0	25.0	0	0.0	27.5	0	0.0	31.67	0	0.0	37.5	0	0.0	34.0	0	0.0	38.5	3	0.41	42.4	11	0.5	43.2	25	0.54	43.55	38	0.41
chr5	139848486	CCCGGGT	C	0	95.0	3	0.67	92.5	7	0.82	88.33	9	0.78	83.75	12	0.86	77.0	13	0.89	79.0	32	1.03	77.2	77	1.05	72.1	131	1.02	60.75	162	0.88
chr5	140042945	C	CGCTGCTGCT	0	75.0	2	0.74	67.5	2	0.45	66.67	2	0.31	66.25	3	0.35	64.0	4	0.39	70.0	16	0.65	70.4	50	0.81	69.8	94	0.77	66.45	137	0.62
chr5	140552042	A	AGT	0	55.0	0	0.0	57.5	1	0.36	51.67	1	0.27	55.0	2	0.36	58.0	3	0.37	58.5	3	0.18	51.4	5	0.15	47.1	7	0.13	46.2	14	0.13
chr5	140552043	C	CG	0	55.0	0	0.0	57.5	1	0.36	51.67	1	0.26	55.0	2	0.36	58.0	3	0.37	58.5	3	0.18	51.6	5	0.15	47.1	7	0.13	46.2	14	0.13
chr5	140807395	G	GACA	0	80.0	3	1.0	70.0	4	0.86	68.33	6	0.88	67.5	7	0.81	62.0	7	0.78	65.5	20	0.97	58.8	37	0.86	51.6	51	0.77	45.2	62	0.61
chr5	140807398	GC	G	0	80.0	2	0.63	72.5	4	0.81	68.33	6	0.87	63.75	6	0.77	61.0	7	0.82	65.5	19	0.93	59.0	37	0.86	51.6	51	0.77	45.1	62	0.61
chr5	140807402	AGG	A	0	70.0	2	0.83	65.0	3	0.78	63.33	4	0.7	61.25	6	0.83	60.0	7	0.82	65.0	19	0.93	59.0	37	0.86	51.4	50	0.76	45.1	62	0.61
chr5	140862865	GC	G	0	50.0	1	0.83	52.5	1	0.38	55.0	3	0.66	60.0	8	1.11	63.0	10	1.02	62.0	16	0.88	64.0	47	0.95	62.0	85	0.89	53.0	111	0.8
chr5	141096048	A	ACATCAC	0	40.0	1	2.86	52.5	2	0.82	60.0	5	0.97	60.0	6	0.87	57.0	7	0.9	52.0	12	0.95	55.0	30	0.84	56.6	72	0.91	57.7	132	0.79
chr5	141178731	T	TCC	0	40.0	1	1.33	40.0	1	0.63	45.0	1	0.33	50.0	2	0.4	49.0	2	0.33	51.0	4	0.31	46.0	13	0.49	46.0	25	0.47	51.6	79	0.59
chr5	141178733	GTC	G	0	40.0	1	1.33	40.0	1	0.67	43.33	1	0.36	50.0	2	0.4	50.0	2	0.32	51.0	4	0.31	45.8	13	0.5	45.9	25	0.48	51.65	79	0.59
chr5	141194595	CAGGCCG	C	0	85.0	2	0.56	82.5	4	0.59	76.67	6	0.7	73.75	6	0.56	73.0	7	0.54	71.0	19	0.77	68.4	41	0.7	60.8	73	0.79	50.75	104	0.81
chr5	141387923	CTGCCAG	C	0	70.0	0	0.0	65.0	1	0.24	70.0	4	0.55	66.25	4	0.48	66.0	6	0.57	61.5	11	0.6	58.8	32	0.74	50.8	45	0.7	45.5	59	0.58
chr5	141393330	GC	G	0	60.0	0	0.0	60.0	0	0.0	61.67	2	0.4	62.5	3	0.4	59.0	3	0.35	57.0	9	0.55	52.2	25	0.73	52.6	56	0.81	47.4	82	0.73
chr5	141573995	T	TGGAGGA	0	65.0	0	0.0	62.5	0	0.0	61.67	0	0.0	62.5	0	0.0	59.0	0	0.0	57.5	0	0.0	56.2	2	0.06	52.7	6	0.09	47.3	34	0.31
chr5	141573995	TGGA	T	0	65.0	0	0.0	62.5	0	0.0	61.67	0	0.0	62.5	0	0.0	59.0	0	0.0	57.5	0	0.0	56.2	2	0.06	52.7	6	0.09	47.3	34	0.31
chr5	141945400	T	TGCTGCTGCTGCTGCTGCC	0	70.0	0	0.0	60.0	0	0.0	60.0	0	0.0	61.25	2	0.28	60.0	2	0.23	55.5	2	0.13	59.6	16	0.36	58.8	28	0.32	53.8	41	0.28
chr5	148427797	ATGGGAG	A	0	50.0	0	0.0	57.5	0	0.0	56.67	0	0.0	60.0	0	0.0	62.0	0	0.0	58.5	5	0.3	55.2	8	0.21	49.8	15	0.24	44.15	23	0.24
chr5	149995315	CT	C	0	50.0	0	0.0	50.0	0	0.0	51.67	1	0.25	50.0	1	0.2	51.0	2	0.31	50.0	3	0.24	48.8	6	0.2	47.1	10	0.18	43.55	19	0.2
chr5	149996156	TC	T	0	70.0	2	0.82	67.5	3	0.74	58.33	4	0.87	51.25	4	0.82	50.0	5	0.87	43.5	5	0.54	46.0	12	0.47	43.0	14	0.31	44.05	23	0.24
chr5	150903147	TTCA	T	0	45.0	0	0.0	37.5	0	0.0	35.0	0	0.0	33.75	0	0.0	31.0	0	0.0	34.0	0	0.0	36.8	2	0.12	37.0	3	0.09	35.55	7	0.11
chr5	153492227	T	TC	0	55.0	0	0.0	60.0	1	0.31	58.33	1	0.2	56.25	2	0.32	50.0	2	0.32	49.0	3	0.26	51.0	10	0.31	45.8	11	0.21	43.65	21	0.22
chr5	157052431	CTTG	C	0	40.0	0	0.0	42.5	0	0.0	43.33	2	0.83	46.25	3	0.8	48.0	5	1.01	46.5	8	0.77	48.6	19	0.66	45.9	22	0.42	46.25	34	0.32
chr5	157052545	GTTGGAACAGTCGTCA	G	0	45.0	1	1.11	42.5	2	1.33	45.0	3	1.11	46.25	6	1.6	48.0	6	1.17	48.0	16	1.52	47.8	18	0.65	47.8	23	0.4	45.95	34	0.32
chr5	157294853	T	TC	0	70.0	1	0.44	67.5	2	0.44	60.0	2	0.37	60.0	3	0.42	58.0	3	0.36	52.5	3	0.22	49.4	7	0.23	43.3	8	0.17	42.55	13	0.14
chr5	159203620	G	GT	0	35.0	0	0.0	27.5	0	0.0	35.0	0	0.0	33.75	0	0.0	37.0	0	0.0	38.5	1	0.14	35.6	3	0.19	32.3	4	0.16	33.6	12	0.22
chr5	159203632	C	CT	0	5.0	0	0.0	25.0	0	0.0	30.0	0	0.0	33.75	0	0.0	31.0	0	0.0	37.0	2	0.32	35.4	3	0.2	32.3	4	0.16	33.8	12	0.21
chr5	159203632	CT	C	0	5.0	0	0.0	25.0	0	0.0	30.0	0	0.0	33.75	0	0.0	31.0	0	0.0	37.0	2	0.32	35.4	3	0.2	32.3	4	0.16	33.8	12	0.21
chr5	168454023	TGGA	T	0	70.0	0	0.0	65.0	1	0.83	60.0	1	0.61	56.25	2	0.6	56.0	2	0.36	54.5	3	0.26	52.2	6	0.19	49.5	13	0.21	47.9	23	0.2
chr5	172914889	TC	T	0	65.0	1	0.67	62.5	1	0.35	60.0	1	0.21	61.25	1	0.16	61.0	2	0.24	61.5	7	0.38	59.4	12	0.27	56.9	22	0.27	53.9	39	0.27
chr5	172915025	G	GT	0	60.0	0	0.0	65.0	0	0.0	58.33	0	0.0	57.5	0	0.0	59.0	1	0.12	60.0	4	0.22	56.0	10	0.26	55.6	22	0.28	53.2	39	0.28
chr5	176384090	C	CAT	0	60.0	1	1.0	60.0	2	0.57	55.0	2	0.44	57.5	2	0.3	55.0	2	0.27	55.5	3	0.2	51.2	12	0.37	54.6	21	0.28	52.45	35	0.25
chr5	176599119	TCAAAGACCCAGGA	T	0	45.0	0	0.0	52.5	0	0.0	51.67	1	0.27	51.25	1	0.2	50.0	2	0.33	48.5	2	0.18	52.0	9	0.27	55.3	18	0.24	56.55	35	0.22
chr5	176599133	TCCTCCTTCCTC	T	0	55.0	0	0.0	52.5	1	0.44	51.67	2	0.57	52.5	2	0.37	52.0	2	0.3	49.5	2	0.17	51.6	9	0.28	55.4	18	0.24	56.45	35	0.22
chr5	177503169	AGAG	A	0	70.0	0	0.0	65.0	2	0.56	61.67	2	0.38	61.25	4	0.57	61.0	5	0.55	62.5	9	0.48	57.6	19	0.48	58.2	33	0.4	57.75	57	0.35
chr5	179345257	G	GGCA	0	85.0	3	0.91	80.0	5	0.83	83.33	9	0.92	81.25	13	1.06	82.0	17	1.09	82.0	30	0.92	80.6	71	0.91	79.5	141	0.9	73.35	199	0.74
chr5	179345257	GGCA	G	0	85.0	3	0.91	80.0	5	0.83	83.33	9	0.92	81.25	13	1.06	82.0	17	1.09	82.0	30	0.92	80.6	71	0.91	79.5	141	0.9	73.35	199	0.74
chr5	179644807	GTCC	G	0	55.0	1	1.11	60.0	1	0.29	61.67	2	0.35	63.75	2	0.25	58.0	2	0.24	52.5	5	0.38	55.6	9	0.23	60.0	21	0.23	55.55	43	0.28
chr5	179860621	G	GTA	0	55.0	0	0.0	47.5	0	0.0	50.0	1	0.27	51.25	2	0.38	52.0	3	0.45	51.5	6	0.47	44.8	10	0.41	38.0	17	0.47	41.3	38	0.45
chr5	181155255	TTGTC	T	0	45.0	0	0.0	47.5	0	0.0	51.67	0	0.0	53.75	0	0.0	53.0	0	0.0	52.0	1	0.07	51.6	4	0.12	51.6	9	0.14	50.8	36	0.28
chr5	181242561	C	CT	0	25.0	0	0.0	30.0	0	0.0	41.67	3	1.15	43.75	4	1.05	46.0	4	0.76	49.5	6	0.49	48.4	13	0.45	50.6	23	0.36	51.0	51	0.39
chr5	181260426	CTCT	C	0	45.0	0	0.0	42.5	0	0.0	48.33	1	0.43	47.5	1	0.27	46.0	2	0.47	45.5	7	0.77	53.0	21	0.63	54.7	35	0.48	56.1	82	0.53
chr6	1390040	C	CCCG	0	90.0	4	1.11	90.0	9	1.2	90.0	14	1.26	88.75	17	1.16	85.0	18	1.09	80.5	34	1.16	80.0	82	1.04	76.5	146	1.0	74.1	250	0.91
chr6	1390040	CCCG	C	0	90.0	4	1.11	90.0	9	1.2	90.0	14	1.26	88.75	17	1.16	85.0	18	1.09	80.5	34	1.16	80.0	82	1.04	76.5	146	1.0	74.1	250	0.91
chr6	1390849	G	GGGC	0	95.0	4	1.14	92.5	10	1.33	90.0	14	1.24	85.0	15	1.08	82.0	16	0.97	75.0	26	0.94	74.0	61	0.92	69.6	100	0.83	67.9	186	0.81
chr6	1611566	G	GGGC	0	90.0	4	1.11	87.5	8	1.07	86.67	11	0.99	85.0	13	0.91	85.0	16	0.89	79.5	31	0.98	79.2	80	1.02	75.4	136	0.96	64.85	203	0.98
chr6	1611584	CGCGGGGGCCGCGGGG	C	0	100.0	5	1.19	97.5	10	1.18	96.67	16	1.3	88.75	17	1.13	85.0	17	0.95	79.0	29	0.93	78.6	75	0.97	75.2	135	0.96	64.35	201	0.98
chr6	1611781	A	ACGG	0	75.0	3	1.07	80.0	8	1.27	78.33	10	1.11	77.5	11	0.93	76.0	13	0.9	78.0	26	0.86	75.2	65	0.92	68.2	117	1.01	60.95	185	1.0
chr6	1611781	ACGG	A	0	75.0	3	1.07	80.0	8	1.27	78.33	10	1.11	77.5	11	0.93	76.0	13	0.9	78.0	26	0.86	75.2	65	0.92	68.2	117	1.01	60.95	185	1.0
chr6	2766128	GGGCGACGGCGAT	G	0	80.0	3	1.25	75.0	5	1.14	78.33	10	1.43	77.5	14	1.46	77.0	18	1.38	79.5	36	1.22	75.6	74	1.05	72.7	121	0.92	63.85	210	1.03
chr6	3289980	C	CT	0	35.0	0	0.0	30.0	0	0.0	38.33	1	0.5	43.75	1	0.27	46.0	1	0.19	53.0	4	0.29	52.6	12	0.35	53.9	24	0.33	55.95	42	0.27
chr6	3289980	CT	C	0	35.0	0	0.0	30.0	0	0.0	38.33	1	0.5	43.75	1	0.27	46.0	1	0.19	53.0	4	0.29	52.6	12	0.35	53.9	24	0.33	55.95	42	0.27
chr6	3289980	CTT	C	0	35.0	0	0.0	30.0	0	0.0	38.33	1	0.5	43.75	1	0.27	46.0	1	0.19	53.0	4	0.29	52.6	12	0.35	53.9	24	0.33	55.95	42	0.27
chr6	3289980	CTTT	C	0	35.0	0	0.0	30.0	0	0.0	38.33	1	0.5	43.75	1	0.27	46.0	1	0.19	53.0	4	0.29	52.6	12	0.35	53.9	24	0.33	55.95	42	0.27
chr6	3289980	CTTTT	C	0	35.0	0	0.0	30.0	0	0.0	38.33	1	0.5	43.75	1	0.27	46.0	1	0.19	53.0	4	0.29	52.6	12	0.35	53.9	24	0.33	55.95	42	0.27
chr6	7727288	G	GAGC	0	70.0	0	0.0	75.0	3	0.54	76.67	5	0.57	75.0	6	0.54	77.0	8	0.56	70.5	16	0.65	74.8	58	0.83	73.4	113	0.84	69.95	204	0.83
chr6	7910636	T	TCCG	0	95.0	4	0.89	92.5	10	1.19	86.67	12	1.11	87.5	15	1.0	84.0	17	0.98	78.0	29	0.96	80.4	83	1.04	79.0	149	0.98	69.6	202	0.84
chr6	7910636	TCCG	T	0	95.0	4	0.89	92.5	10	1.19	86.67	12	1.11	87.5	15	1.0	84.0	17	0.98	78.0	29	0.96	80.4	83	1.04	79.0	149	0.98	69.6	202	0.84
chr6	7910697	CCAG	C	0	75.0	1	0.37	77.5	4	0.68	80.0	7	0.74	82.5	9	0.68	84.0	13	0.75	84.5	33	0.92	80.4	83	1.03	77.8	143	0.97	69.2	203	0.86
chr6	8427903	A	AAGT	0	20.0	0	0.0	15.0	0	0.0	21.67	0	0.0	26.25	0	0.0	27.0	0	0.0	30.5	1	0.22	29.2	1	0.1	30.5	1	0.04	32.75	4	0.07
chr6	9900365	T	TGAG	0	25.0	0	0.0	37.5	0	0.0	41.67	0	0.0	43.75	0	0.0	44.0	1	0.21	40.0	2	0.25	38.6	7	0.38	35.5	9	0.29	37.15	12	0.18
chr6	12749482	CTTT	C	0	30.0	0	0.0	40.0	0	0.0	41.67	0	0.0	46.25	0	0.0	49.0	0	0.0	55.5	4	0.53	62.4	23	0.53	65.2	65	0.63	58.4	102	0.6
chr6	12749543	TC	T	0	65.0	0	0.0	70.0	0	0.0	75.0	2	0.95	70.0	3	0.94	67.0	3	0.97	60.5	5	1.11	62.8	24	0.55	66.4	71	0.66	58.85	103	0.59
chr6	15546062	C	CTT	0	35.0	0	0.0	30.0	1	1.14	33.33	1	0.61	40.0	1	0.32	47.0	2	0.38	55.0	6	0.4	51.6	14	0.42	44.0	17	0.35	38.65	24	0.32
chr6	15546062	CT	C	0	35.0	0	0.0	30.0	1	1.14	33.33	1	0.61	40.0	1	0.32	47.0	2	0.38	55.0	6	0.4	51.6	14	0.42	44.0	17	0.35	38.65	24	0.32
chr6	15546062	CTT	C	0	35.0	0	0.0	30.0	1	1.14	33.33	1	0.61	40.0	1	0.32	47.0	2	0.38	55.0	6	0.4	51.6	14	0.42	44.0	17	0.35	38.65	24	0.32
chr6	16327671	C	CTGA	0	60.0	0	0.0	62.5	0	0.0	63.33	0	0.0	63.75	0	0.0	65.0	0	0.0	66.5	4	0.18	66.0	22	0.44	66.7	56	0.52	62.85	101	0.53
chr6	22570116	G	GGGC	0	80.0	3	1.54	85.0	8	1.42	86.67	13	1.41	81.25	16	1.57	78.0	18	1.33	76.5	30	1.07	72.0	61	0.98	67.3	87	0.77	62.0	131	0.68
chr6	24798730	CCTT	C	0	25.0	0	0.0	30.0	0	0.0	31.67	0	0.0	37.5	1	0.38	35.0	1	0.35	40.0	4	0.55	40.6	7	0.34	41.8	15	0.35	42.7	26	0.29
chr6	27255284	AAAGGAGAGCCAGATT	A	0	55.0	0	0.0	52.5	0	0.0	53.33	0	0.0	48.75	0	0.0	52.0	0	0.0	49.5	0	0.0	46.8	5	0.19	47.6	8	0.15	46.55	12	0.12
chr6	29417830	G	GCTGGCCTGTGGGAACA	0	45.0	0	0.0	45.0	0	0.0	45.0	0	0.0	46.25	1	0.23	46.0	2	0.38	46.0	3	0.31	47.8	8	0.3	43.5	10	0.22	39.2	14	0.18
chr6	29657254	TTCC	T	0	65.0	0	0.0	67.5	0	0.0	61.67	0	0.0	56.25	0	0.0	55.0	0	0.0	55.5	1	0.07	53.0	5	0.14	52.4	12	0.18	47.9	20	0.17
chr6	29670737	CTGTTA	C	0	30.0	0	0.0	37.5	1	0.71	40.0	1	0.42	42.5	1	0.28	40.0	1	0.25	43.5	2	0.22	50.2	2	0.06	49.7	5	0.08	48.8	11	0.09
chr6	29828656	AC	A	0	65.0	2	0.95	65.0	4	1.0	63.33	5	0.83	62.5	7	0.9	60.0	8	0.89	62.0	15	0.78	65.2	35	0.66	63.0	58	0.59	63.05	113	0.57
chr6	29942992	ACCC	A	0	75.0	1	0.36	65.0	3	0.71	63.33	4	0.67	63.75	5	0.62	65.0	7	0.67	69.5	17	0.71	68.6	49	0.83	69.0	99	0.83	62.7	131	0.67
chr6	29942996	TG	T	0	80.0	2	0.62	65.0	3	0.71	65.0	4	0.63	65.0	5	0.6	67.0	8	0.72	69.0	16	0.68	68.8	49	0.83	68.9	98	0.83	62.75	131	0.67
chr6	29943001	G	GCTCC	0	70.0	2	0.83	67.5	3	0.66	66.67	5	0.76	67.5	6	0.66	68.0	8	0.7	68.0	15	0.65	68.6	48	0.82	68.9	97	0.82	62.85	131	0.66
chr6	29943333	ACC	A	0	80.0	3	0.94	72.5	7	1.33	71.67	9	1.2	70.0	12	1.23	63.0	13	1.34	66.5	23	1.05	67.2	48	0.86	64.6	81	0.78	63.6	131	0.65
chr6	29943337	G	GAA	0	80.0	4	1.27	75.0	7	1.25	68.33	9	1.29	67.5	12	1.32	65.0	13	1.25	66.0	22	1.02	66.8	48	0.87	64.5	80	0.77	63.7	131	0.65
chr6	29944250	AG	A	0	70.0	1	0.41	67.5	2	0.49	68.33	3	0.44	66.25	3	0.36	65.0	4	0.38	64.0	5	0.25	60.0	8	0.18	58.3	18	0.21	57.7	57	0.34
chr6	30578075	CA	C	0	40.0	0	0.0	37.5	1	0.71	40.0	2	0.86	47.5	3	0.66	49.0	3	0.51	49.0	4	0.34	50.4	4	0.13	50.5	12	0.19	47.1	28	0.26
chr6	30590699	G	GA	0	65.0	1	0.48	62.5	2	0.51	60.0	3	0.56	58.75	3	0.44	59.0	3	0.36	56.5	5	0.32	51.6	8	0.24	51.1	10	0.15	50.6	27	0.21
chr6	31026244	ACCACAGGCT	A	0	65.0	0	0.0	55.0	0	0.0	56.67	1	0.27	57.5	1	0.18	56.0	1	0.15	58.5	2	0.14	57.0	5	0.14	56.1	10	0.14	52.9	16	0.13
chr6	31027336	AC	A	0	60.0	0	0.0	52.5	0	0.0	58.33	0	0.0	57.5	0	0.0	57.0	0	0.0	56.0	0	0.0	54.0	1	0.03	53.5	4	0.06	54.2	10	0.07
chr6	31028709	GACC	G	0	65.0	0	0.0	60.0	0	0.0	58.33	0	0.0	60.0	0	0.0	58.0	0	0.0	56.0	0	0.0	54.2	0	0.0	54.2	3	0.05	54.45	7	0.05
chr6	31029825	CAACACAGCCTGT	C	0	60.0	0	0.0	55.0	0	0.0	56.67	0	0.0	58.75	0	0.0	59.0	0	0.0	59.0	0	0.0	56.8	2	0.06	54.9	11	0.16	52.9	24	0.18
chr6	31029835	TGTA	T	0	55.0	0	0.0	55.0	0	0.0	56.67	0	0.0	58.75	0	0.0	59.0	0	0.0	58.5	0	0.0	57.2	2	0.06	55.1	12	0.17	52.9	24	0.18
chr6	31029841	A	ACTG	0	55.0	0	0.0	55.0	0	0.0	56.67	0	0.0	58.75	0	0.0	58.0	0	0.0	58.0	0	0.0	56.8	2	0.06	54.9	12	0.18	52.85	24	0.19
chr6	31029844	GGTTCTGAGA	G	0	55.0	0	0.0	55.0	0	0.0	58.33	0	0.0	58.75	0	0.0	58.0	0	0.0	58.0	0	0.0	56.8	2	0.06	54.9	12	0.18	52.8	24	0.19
chr6	31029860	CACCCTCCAG	C	0	60.0	0	0.0	62.5	0	0.0	58.33	0	0.0	56.25	0	0.0	56.0	0	0.0	57.5	0	0.0	56.2	2	0.06	54.5	12	0.18	52.65	24	0.19
chr6	31117164	GCTT	G	0	60.0	1	0.56	62.5	3	0.78	61.67	4	0.7	57.5	4	0.61	61.0	4	0.43	57.5	7	0.43	57.8	15	0.36	58.0	26	0.31	55.85	43	0.28
chr6	31138079	AG	A	0	70.0	1	0.61	65.0	3	0.83	66.67	5	0.82	70.0	5	0.58	66.0	5	0.52	66.0	9	0.44	62.8	17	0.38	58.8	35	0.42	56.3	68	0.43
chr6	31138722	T	TC	0	65.0	1	0.56	60.0	3	1.11	53.33	4	1.16	57.5	4	0.75	55.0	4	0.62	56.5	4	0.29	54.4	9	0.28	56.8	16	0.2	57.6	43	0.26
chr6	31138722	TC	T	0	65.0	1	0.56	60.0	3	1.11	53.33	4	1.16	57.5	4	0.75	55.0	4	0.62	56.5	4	0.29	54.4	9	0.28	56.8	16	0.2	57.6	43	0.26
chr6	31166340	C	CGAG	0	65.0	1	0.5	55.0	1	0.33	50.0	2	0.56	47.5	2	0.46	52.0	4	0.62	52.5	6	0.44	51.6	13	0.39	49.1	18	0.3	48.0	27	0.23
chr6	31197792	G	GGTGTTTCAA	0	50.0	2	1.67	52.5	4	1.45	48.33	4	1.18	53.75	6	1.07	58.0	7	0.83	60.0	15	0.84	59.6	31	0.7	59.4	61	0.69	55.85	101	0.65
chr6	31197819	AT	A	0	60.0	2	1.25	60.0	3	0.84	55.0	5	1.1	60.0	9	1.25	58.0	9	1.08	61.0	15	0.81	59.8	34	0.76	59.2	59	0.68	55.95	100	0.64
chr6	31271150	TCA	T	0	60.0	0	0.0	70.0	4	0.86	73.33	6	0.83	70.0	8	0.87	67.0	8	0.73	69.5	20	0.84	66.4	39	0.71	62.8	64	0.65	63.85	123	0.6
chr6	31271153	G	GTC	0	65.0	1	0.48	72.5	3	0.59	71.67	6	0.86	72.5	8	0.78	68.0	8	0.71	69.0	20	0.85	66.8	39	0.7	62.9	64	0.65	63.8	123	0.6
chr6	31356244	TCC	T	0	65.0	1	0.48	70.0	4	0.94	73.33	6	0.89	71.25	8	0.89	68.0	8	0.73	69.5	19	0.81	66.2	43	0.8	63.4	76	0.76	63.7	131	0.65
chr6	31356247	G	GTC	0	70.0	2	0.83	75.0	4	0.77	73.33	6	0.89	73.75	8	0.79	69.0	8	0.71	69.0	19	0.83	66.6	43	0.79	63.5	76	0.75	63.65	131	0.65
chr6	31356427	G	GCC	0	55.0	0	0.0	65.0	3	0.73	73.33	5	0.63	76.25	9	0.78	78.0	12	0.8	70.0	22	0.91	71.2	58	0.92	66.3	94	0.86	63.95	141	0.69
chr6	31356429	AGG	A	0	55.0	0	0.0	65.0	2	0.48	75.0	6	0.72	76.25	9	0.78	77.0	12	0.82	69.5	22	0.92	71.4	58	0.91	66.4	94	0.86	64.0	141	0.69
chr6	31356710	C	CGG	0	65.0	2	1.11	67.5	4	0.88	65.0	6	0.96	68.75	8	0.85	69.0	9	0.76	68.0	18	0.78	68.8	54	0.91	70.3	106	0.86	63.8	141	0.69
chr6	31356714	GC	G	0	65.0	2	0.95	65.0	4	0.95	65.0	6	0.95	67.5	7	0.77	68.0	9	0.78	68.0	19	0.82	69.2	54	0.9	70.2	106	0.86	63.7	141	0.7
chr6	31356715	CA	C	0	65.0	3	1.43	62.5	3	0.77	65.0	6	0.95	67.5	7	0.77	68.0	9	0.78	68.0	19	0.82	69.2	54	0.9	70.2	106	0.86	63.7	141	0.7
chr6	31356716	AGGT	A	0	70.0	3	1.22	62.5	3	0.77	65.0	6	0.95	67.5	6	0.66	67.0	8	0.71	68.5	19	0.81	69.0	54	0.91	70.3	106	0.86	63.7	141	0.7
chr6	31356718	GT	G	0	70.0	3	1.22	65.0	4	0.95	65.0	6	0.95	65.0	6	0.71	66.0	8	0.73	69.0	20	0.84	68.8	54	0.91	70.3	106	0.86	63.65	141	0.7
chr6	31356746	GCC	G	0	70.0	0	0.0	57.5	1	0.3	60.0	3	0.56	60.0	5	0.69	61.0	6	0.65	68.0	21	0.91	68.4	52	0.89	70.1	108	0.88	63.35	140	0.7
chr6	31356747	CCT	C	0	65.0	0	0.0	60.0	1	0.28	60.0	3	0.56	60.0	5	0.69	61.0	6	0.65	68.0	21	0.92	68.2	52	0.9	70.0	108	0.88	63.35	140	0.7
chr6	31356750	G	GGA	0	60.0	0	0.0	55.0	1	0.33	60.0	3	0.56	62.5	6	0.77	62.0	6	0.62	68.0	21	0.92	68.6	52	0.89	69.8	107	0.88	63.45	141	0.7
chr6	31356755	T	TTCA	0	60.0	0	0.0	57.5	1	0.31	56.67	2	0.42	62.5	4	0.52	61.0	6	0.65	67.5	22	0.98	68.6	52	0.89	69.6	107	0.88	63.45	141	0.7
chr6	31356758	TAGA	T	0	55.0	0	0.0	55.0	1	0.34	56.67	2	0.42	62.5	4	0.52	62.0	6	0.64	67.5	21	0.94	68.6	53	0.9	69.6	106	0.88	63.5	141	0.7
chr6	31356823	C	CG	0	80.0	3	1.0	75.0	8	1.48	71.67	10	1.39	68.75	12	1.4	69.0	14	1.25	67.5	22	0.97	70.8	52	0.83	68.5	101	0.86	62.95	139	0.7
chr6	31356825	CT	C	0	75.0	3	1.2	77.5	8	1.4	70.0	10	1.44	70.0	12	1.37	68.0	13	1.19	67.0	21	0.95	70.6	53	0.85	68.4	101	0.86	62.95	139	0.7
chr6	31356961	GGGT	G	0	70.0	0	0.0	67.5	0	0.0	63.33	2	0.37	66.25	4	0.47	72.0	8	0.63	72.0	18	0.69	69.0	48	0.81	67.5	93	0.82	61.5	138	0.73
chr6	31356965	G	GCA	0	75.0	0	0.0	70.0	1	0.3	66.67	2	0.31	68.75	5	0.54	70.0	7	0.58	72.0	18	0.69	68.8	46	0.78	67.6	93	0.81	61.55	138	0.73
chr6	31412223	TG	T	0	70.0	0	0.0	65.0	0	0.0	65.0	1	0.16	62.5	1	0.13	62.0	1	0.1	58.5	2	0.12	54.0	9	0.25	56.9	14	0.17	57.05	35	0.22
chr6	31412379	TGCTG	T	0	60.0	0	0.0	45.0	0	0.0	40.0	0	0.0	38.75	0	0.0	42.0	1	0.23	45.5	2	0.2	52.8	4	0.12	56.3	17	0.22	57.35	28	0.17
chr6	31412382	TG	T	0	65.0	0	0.0	47.5	0	0.0	40.0	0	0.0	40.0	0	0.0	41.0	1	0.24	45.0	2	0.2	52.4	4	0.12	56.4	17	0.22	57.3	28	0.17
chr6	31627994	GCCTGCTGCCCCA	G	0	60.0	0	0.0	62.5	1	0.27	63.33	1	0.17	61.25	1	0.14	61.0	3	0.35	62.5	7	0.38	61.6	19	0.4	53.7	23	0.32	52.55	41	0.3
chr6	31736287	GTTC	G	0	55.0	1	0.67	52.5	3	1.09	55.0	5	1.11	53.75	5	0.88	57.0	6	0.76	60.0	9	0.56	56.6	14	0.35	55.7	26	0.34	55.4	49	0.32
chr6	31772982	T	TGGACAGGCTCCATG	0	60.0	0	0.0	57.5	0	0.0	60.0	1	0.19	58.75	1	0.15	60.0	2	0.22	58.0	5	0.31	58.2	14	0.33	56.0	26	0.33	52.75	46	0.33
chr6	31772985	A	ACAGGCTCCATGGGG	0	60.0	0	0.0	60.0	0	0.0	60.0	1	0.19	58.75	1	0.15	60.0	2	0.22	58.0	5	0.31	58.4	14	0.33	56.0	26	0.33	52.75	46	0.33
chr6	31954624	TCGATCC	T	0	65.0	4	2.0	65.0	6	1.67	66.67	8	1.5	65.0	10	1.5	64.0	12	1.4	62.0	20	1.21	57.8	31	0.77	55.0	36	0.48	51.6	48	0.36
chr6	32007071	CGAG	C	0	55.0	1	0.71	55.0	1	0.38	56.67	1	0.23	60.0	2	0.3	60.0	3	0.37	60.5	6	0.33	58.6	10	0.23	59.9	23	0.26	60.65	56	0.31
chr6	32038436	CCTG	C	0	70.0	0	0.0	70.0	1	0.21	71.67	3	0.39	75.0	5	0.45	70.0	5	0.41	67.0	8	0.36	61.4	17	0.36	55.3	23	0.3	55.15	43	0.28
chr6	32403191	TG	T	0	55.0	0	0.0	65.0	0	0.0	65.0	0	0.0	62.5	0	0.0	63.0	0	0.0	60.5	1	0.06	56.2	10	0.25	48.5	16	0.27	40.75	24	0.29
chr6	32522148	A	ACCCGTAGAG	0	30.0	0	0.0	45.0	1	0.52	51.67	4	1.05	55.0	6	1.0	56.0	7	0.89	58.5	16	0.94	62.2	36	0.75	59.8	49	0.58	51.2	55	0.43
chr6	32522154	ATCCT	A	0	45.0	0	0.0	40.0	1	0.63	50.0	3	0.8	53.75	6	1.04	56.0	7	0.89	59.5	16	0.91	62.0	36	0.76	59.8	49	0.58	51.2	55	0.43
chr6	32522159	G	GAGTA	0	40.0	0	0.0	42.5	1	0.57	48.33	3	0.86	53.75	6	1.04	58.0	8	0.95	59.5	15	0.85	62.0	35	0.74	59.8	49	0.59	51.35	55	0.43
chr6	32530179	C	CAG	0	50.0	0	0.0	50.0	0	0.0	56.67	0	0.0	56.25	0	0.0	58.0	0	0.0	57.5	2	0.12	49.8	3	0.1	44.9	6	0.12	42.45	13	0.14
chr6	32530180	A	AAC	0	55.0	0	0.0	50.0	0	0.0	56.67	0	0.0	56.25	0	0.0	58.0	0	0.0	58.0	2	0.12	49.6	3	0.1	44.9	6	0.12	42.5	13	0.14
chr6	32530181	G	GAA	0	50.0	0	0.0	52.5	0	0.0	58.33	0	0.0	55.0	0	0.0	57.0	0	0.0	58.0	2	0.12	49.6	3	0.1	45.0	6	0.12	42.45	13	0.14
chr6	32530181	GCT	G	0	50.0	0	0.0	52.5	0	0.0	58.33	0	0.0	55.0	0	0.0	57.0	0	0.0	58.0	2	0.12	49.6	3	0.1	45.0	6	0.12	42.45	13	0.14
chr6	32530182	CTT	C	0	50.0	0	0.0	50.0	0	0.0	56.67	0	0.0	55.0	0	0.0	58.0	0	0.0	58.5	2	0.12	49.8	3	0.1	45.0	6	0.12	42.45	13	0.14
chr6	32530184	T	TGC	0	50.0	0	0.0	52.5	0	0.0	55.0	0	0.0	56.25	0	0.0	57.0	0	0.0	58.5	2	0.12	49.8	3	0.1	44.9	6	0.12	42.4	13	0.15
chr6	32581567	G	GCA	0	55.0	0	0.0	57.5	1	0.31	55.0	1	0.22	51.25	1	0.19	50.0	1	0.16	53.5	3	0.21	53.8	6	0.17	50.5	7	0.11	45.95	16	0.15
chr6	32584169	CG	C	0	75.0	3	1.07	72.5	4	0.77	66.67	5	0.76	62.5	5	0.66	60.0	5	0.57	68.0	18	0.82	60.2	30	0.72	60.7	46	0.55	49.75	63	0.54
chr6	32584175	CCG	C	0	85.0	4	1.21	72.5	4	0.76	65.0	4	0.63	61.25	5	0.67	61.0	6	0.66	68.0	19	0.86	60.0	30	0.72	60.8	46	0.55	49.7	63	0.54
chr6	32584177	G	GCT	0	85.0	4	1.21	70.0	4	0.82	65.0	4	0.63	61.25	5	0.67	62.0	6	0.63	68.0	18	0.82	60.0	30	0.72	60.9	46	0.55	49.75	63	0.54
chr6	32584180	C	CTT	0	85.0	4	1.21	70.0	4	0.83	65.0	4	0.63	62.5	5	0.64	63.0	7	0.72	67.5	19	0.89	60.2	31	0.73	60.9	47	0.56	49.65	63	0.54
chr6	32584182	T	TCC	0	85.0	3	0.86	70.0	4	0.86	65.0	4	0.64	62.5	6	0.77	64.0	7	0.7	68.0	20	0.92	60.2	31	0.73	61.1	47	0.56	49.65	63	0.54
chr6	32584182	TGC	T	0	85.0	3	0.86	70.0	4	0.86	65.0	4	0.64	62.5	6	0.77	64.0	7	0.7	68.0	20	0.92	60.2	31	0.73	61.1	47	0.56	49.65	63	0.54
chr6	32584315	ACCGCAC	A	0	65.0	1	0.56	57.5	3	1.0	51.67	3	0.79	56.25	5	0.84	56.0	7	0.92	63.0	17	0.89	66.0	41	0.77	61.6	53	0.6	50.45	62	0.52
chr6	32584359	G	GA	0	60.0	0	0.0	50.0	1	0.4	55.0	2	0.44	57.5	4	0.62	59.0	6	0.71	61.0	16	0.88	64.6	38	0.75	61.4	55	0.63	50.4	61	0.51
chr6	32584360	G	GTA	0	60.0	0	0.0	52.5	1	0.37	53.33	1	0.23	57.5	4	0.63	60.0	6	0.68	61.0	16	0.87	64.6	38	0.75	61.4	55	0.63	50.4	61	0.51
chr6	32584362	TG	T	0	65.0	0	0.0	52.5	1	0.37	55.0	2	0.44	58.75	5	0.74	60.0	7	0.79	61.0	16	0.87	64.8	37	0.72	61.4	55	0.63	50.4	61	0.51
chr6	32584366	AC	A	0	55.0	0	0.0	60.0	1	0.28	53.33	2	0.47	56.25	4	0.65	61.0	7	0.77	61.5	15	0.8	64.6	36	0.71	61.3	55	0.63	50.45	61	0.51
chr6	32584368	AG	A	0	55.0	1	0.67	60.0	1	0.28	53.33	2	0.47	56.25	4	0.64	62.0	7	0.75	61.0	15	0.81	64.6	36	0.71	61.2	55	0.63	50.5	62	0.52
chr6	32638950	AG	A	0	45.0	0	0.0	37.5	0	0.0	40.0	0	0.0	40.0	0	0.0	41.0	0	0.0	43.0	2	0.22	44.8	5	0.2	44.6	11	0.22	43.3	16	0.17
chr6	32641442	TGA	T	0	65.0	1	0.56	57.5	1	0.33	55.0	1	0.26	58.75	3	0.48	56.0	3	0.42	50.0	5	0.4	45.2	9	0.36	43.8	12	0.25	41.4	13	0.15
chr6	32641446	T	TTC	0	55.0	0	0.0	55.0	1	0.36	56.67	2	0.45	58.75	2	0.32	56.0	3	0.42	50.0	5	0.4	45.2	9	0.36	43.7	12	0.25	41.4	13	0.15
chr6	32641460	AGGT	A	0	35.0	0	0.0	52.5	1	0.38	56.67	2	0.44	55.0	2	0.36	56.0	2	0.27	50.5	5	0.4	45.2	9	0.36	44.0	12	0.25	41.55	13	0.15
chr6	32666521	A	ACC	0	65.0	0	0.0	62.5	1	0.26	60.0	2	0.38	60.0	2	0.28	60.0	3	0.33	60.0	7	0.39	51.4	10	0.3	45.8	18	0.34	41.65	22	0.25
chr6	32666522	GTA	G	0	70.0	0	0.0	62.5	1	0.26	60.0	2	0.38	60.0	2	0.28	60.0	3	0.33	60.0	7	0.39	51.4	10	0.3	45.8	18	0.34	41.65	22	0.25
chr6	32977920	TGAG	T	0	55.0	0	0.0	55.0	1	1.9	55.0	1	0.43	52.5	1	0.29	52.0	1	0.22	52.0	3	0.23	45.0	5	0.2	47.6	17	0.31	46.95	22	0.2
chr6	33086235	TA	T	0	45.0	0	0.0	40.0	1	0.62	36.67	1	0.5	38.75	2	0.67	42.0	2	0.46	42.0	2	0.24	46.8	7	0.26	48.5	13	0.22	45.4	16	0.16
chr6	34757877	G	GTCA	0	45.0	1	1.0	47.5	1	0.44	50.0	3	0.81	46.25	3	0.71	42.0	3	0.69	41.5	6	0.7	42.8	13	0.57	48.0	37	0.66	49.2	87	0.72
chr6	34889524	G	GGGCGGC	0	85.0	2	0.77	90.0	8	1.11	88.33	12	1.22	85.0	14	1.04	83.0	17	1.04	79.0	25	0.81	75.2	49	0.72	68.5	87	0.75	56.6	122	0.76
chr6	35141211	TC	T	0	75.0	1	1.43	75.0	4	0.91	76.67	7	0.94	78.75	9	0.78	79.0	14	0.97	78.5	29	0.95	73.2	58	0.87	69.3	86	0.73	59.75	119	0.67
chr6	36721184	C	CAGGCTGCCTCCCCTGAGG	0	75.0	0	0.0	67.5	0	0.0	70.0	1	0.14	65.0	1	0.12	63.0	1	0.1	61.5	5	0.27	61.0	9	0.19	58.2	17	0.2	61.2	34	0.18
chr6	36986142	AG	A	0	85.0	3	0.83	82.5	7	1.05	80.0	9	1.02	78.75	12	1.03	79.0	15	1.0	79.0	32	1.06	77.6	67	0.89	72.1	103	0.8	61.75	135	0.74
chr6	41200974	ACAG	A	0	65.0	0	0.0	65.0	1	0.24	66.67	1	0.15	65.0	1	0.12	64.0	1	0.1	62.0	2	0.11	58.4	7	0.16	56.1	12	0.15	53.8	20	0.14
chr6	41753943	G	GT	0	55.0	0	0.0	50.0	0	0.0	50.0	1	0.32	53.75	1	0.19	53.0	1	0.15	46.5	1	0.1	43.4	2	0.09	42.0	2	0.05	41.65	8	0.09
chr6	41786834	C	CCTT	0	65.0	2	1.33	67.5	4	0.99	66.67	5	0.82	61.25	5	0.74	62.0	5	0.53	64.5	13	0.63	66.8	36	0.65	66.7	76	0.68	63.75	136	0.67
chr6	41798693	C	CCCCCA	0	70.0	1	0.83	55.0	1	0.56	53.33	3	0.82	52.5	3	0.64	48.0	3	0.56	46.5	4	0.38	49.2	15	0.5	43.7	19	0.4	44.25	26	0.27
chr6	42104970	ACTCCTC	A	0	50.0	1	0.95	57.5	1	0.33	60.0	3	0.58	56.25	4	0.63	59.0	4	0.46	66.5	9	0.44	67.0	35	0.63	69.6	81	0.67	65.95	105	0.48
chr6	43021674	CGCCGGG	C	0	75.0	3	1.07	80.0	6	0.97	80.0	7	0.73	78.75	12	0.97	78.0	15	0.99	79.5	32	1.03	70.4	49	0.8	59.7	63	0.73	57.95	96	0.57
chr6	43021694	CCGGGGCCCGACGTCCCCG	C	0	100.0	3	0.62	95.0	8	0.9	88.33	11	0.94	85.0	14	0.98	82.0	16	0.97	78.0	28	0.94	70.0	48	0.8	60.0	65	0.74	58.05	96	0.57
chr6	43198672	TGGG	T	0	75.0	1	0.36	57.5	1	0.3	60.0	1	0.19	60.0	2	0.28	59.0	2	0.23	61.5	6	0.32	53.8	9	0.25	48.1	15	0.26	49.55	31	0.25
chr6	43282986	GGAA	G	0	45.0	0	0.0	47.5	0	0.0	48.33	0	0.0	51.25	0	0.0	53.0	0	0.0	58.5	1	0.08	62.6	17	0.38	62.8	33	0.34	61.95	68	0.36
chr6	44002765	C	CGCG	0	85.0	5	1.43	87.5	11	1.54	86.67	16	1.57	83.75	18	1.4	81.0	20	1.31	77.5	31	1.03	69.8	55	0.91	69.0	103	0.89	61.85	133	0.7
chr6	44002765	CGCG	C	0	85.0	5	1.43	87.5	11	1.54	86.67	16	1.57	83.75	18	1.4	81.0	20	1.31	77.5	31	1.03	69.8	55	0.91	69.0	103	0.89	61.85	133	0.7
chr6	44002765	CGCGGCG	C	0	85.0	5	1.43	87.5	11	1.54	86.67	16	1.57	83.75	18	1.4	81.0	20	1.31	77.5	31	1.03	69.8	55	0.91	69.0	103	0.89	61.85	133	0.7
chr6	44172316	T	TGGCTGCC	0	70.0	0	0.0	67.5	1	0.22	65.0	1	0.16	63.75	1	0.13	63.0	3	0.31	58.5	3	0.18	51.6	7	0.21	51.4	16	0.24	52.45	26	0.19
chr6	45422748	AGGCGGCGGCGGCGGCTGC	A	0	80.0	2	0.73	75.0	4	0.74	78.33	8	0.9	77.5	10	0.86	77.0	12	0.83	72.0	21	0.82	69.4	45	0.77	68.6	81	0.74	69.85	187	0.78
chr6	46690238	GAGA	G	0	55.0	0	0.0	45.0	0	0.0	45.0	0	0.0	41.25	1	0.3	40.0	1	0.25	40.0	1	0.12	38.8	2	0.11	40.5	6	0.15	40.5	15	0.19
chr6	60430440	G	GA	0	50.0	1	0.8	42.5	1	0.57	45.0	2	0.66	45.0	2	0.51	43.0	2	0.46	39.5	2	0.26	33.2	4	0.29	29.8	4	0.18	34.2	8	0.14
chr6	70798665	G	GA	0	20.0	0	0.0	30.0	0	0.0	30.0	0	0.0	31.25	0	0.0	32.0	1	0.52	29.0	1	0.25	28.6	3	0.29	30.3	5	0.22	31.8	7	0.14
chr6	70798665	GA	G	0	20.0	0	0.0	30.0	0	0.0	30.0	0	0.0	31.25	0	0.0	32.0	1	0.52	29.0	1	0.25	28.6	3	0.29	30.3	5	0.22	31.8	7	0.14
chr6	70859362	C	CCAT	0	55.0	0	0.0	50.0	0	0.0	50.0	0	0.0	47.5	0	0.0	46.0	0	0.0	45.5	1	0.1	38.2	2	0.11	35.2	3	0.1	35.15	7	0.11
chr6	71301875	GAGA	G	0	40.0	0	0.0	47.5	0	0.0	43.33	0	0.0	47.5	0	0.0	49.0	0	0.0	45.0	1	0.1	42.8	5	0.22	37.3	9	0.26	37.55	20	0.28
chr6	78903026	CA	C	0	40.0	0	0.0	45.0	0	0.0	46.67	0	0.0	42.5	0	0.0	42.0	0	0.0	36.0	0	0.0	37.0	2	0.12	42.6	16	0.35	41.25	23	0.27
chr6	84186594	TTTC	T	0	20.0	0	0.0	35.0	1	0.83	38.33	1	0.45	36.25	1	0.38	36.0	1	0.31	34.5	2	0.34	31.0	4	0.33	29.7	6	0.27	29.2	10	0.23
chr6	87398329	AGAT	A	0	45.0	0	0.0	45.0	0	0.0	48.33	0	0.0	52.5	1	0.19	52.0	1	0.15	46.5	1	0.09	49.2	3	0.1	49.6	10	0.16	46.3	16	0.15
chr6	95586992	G	GTATA	0	15.0	0	0.0	25.0	0	0.0	31.67	1	0.71	31.25	1	0.53	29.0	1	0.49	30.0	2	0.45	32.0	2	0.16	32.9	4	0.15	30.55	12	0.26
chr6	95587018	CTG	C	0	30.0	0	0.0	22.5	0	0.0	20.0	0	0.0	21.25	0	0.0	25.0	1	0.69	28.5	2	0.49	31.6	2	0.16	32.8	4	0.15	30.75	12	0.26
chr6	98835295	A	ACAG	0	55.0	0	0.0	60.0	0	0.0	60.0	1	0.19	61.25	3	0.41	63.0	3	0.31	71.0	17	0.67	74.8	57	0.82	71.7	113	0.88	68.2	184	0.8
chr6	99558418	T	TA	0	20.0	0	0.0	17.5	0	0.0	28.33	0	0.0	26.25	0	0.0	28.0	0	0.0	29.5	0	0.0	29.0	1	0.1	33.6	5	0.18	35.15	16	0.26
chr6	99558418	TA	T	0	20.0	0	0.0	17.5	0	0.0	28.33	0	0.0	26.25	0	0.0	28.0	0	0.0	29.5	0	0.0	29.0	1	0.1	33.6	5	0.18	35.15	16	0.26
chr6	99613747	C	CCCG	0	85.0	3	0.86	82.5	7	1.05	78.33	7	0.82	77.5	8	0.73	77.0	10	0.75	76.0	24	0.86	76.2	65	0.9	72.2	109	0.84	67.85	201	0.88
chr6	99613747	CCCG	C	0	85.0	3	0.86	82.5	7	1.05	78.33	7	0.82	77.5	8	0.73	77.0	10	0.75	76.0	24	0.86	76.2	65	0.9	72.2	109	0.84	67.85	201	0.88
chr6	109442743	TC	T	0	65.0	0	0.0	65.0	1	0.45	58.33	1	0.22	57.5	2	0.31	57.0	2	0.25	59.0	2	0.12	55.4	6	0.16	53.4	11	0.15	54.75	23	0.15
chr6	109443670	TGGA	T	0	75.0	1	0.45	70.0	2	0.5	66.67	2	0.31	67.5	2	0.23	65.0	2	0.19	64.0	5	0.25	61.4	9	0.19	57.9	16	0.19	55.45	30	0.2
chr6	109528606	C	CTGCAGT	0	50.0	0	0.0	52.5	1	0.36	53.33	1	0.24	47.5	1	0.22	46.0	1	0.19	43.0	2	0.22	40.2	3	0.15	40.9	7	0.17	38.05	16	0.22
chr6	109528995	AAC	A	0	15.0	0	0.0	32.5	0	0.0	35.0	0	0.0	41.25	0	0.0	40.0	0	0.0	42.5	2	0.23	41.8	4	0.19	41.4	9	0.21	41.8	16	0.18
chr6	109528996	AC	A	0	15.0	0	0.0	35.0	0	0.0	33.33	0	0.0	40.0	0	0.0	39.0	0	0.0	42.0	2	0.23	42.0	4	0.19	41.3	9	0.21	41.75	16	0.18
chr6	109585125	GCTT	G	0	35.0	0	0.0	32.5	0	0.0	30.0	0	0.0	27.5	0	0.0	27.0	0	0.0	23.0	0	0.0	26.0	1	0.12	27.8	2	0.1	31.05	7	0.15
chr6	113860032	G	GA	0	40.0	2	2.67	52.5	4	1.54	55.0	5	1.19	55.0	7	1.18	56.0	8	1.04	61.5	19	1.0	74.4	68	0.99	75.4	129	0.91	63.4	170	0.85
chr6	113860032	GA	G	0	40.0	2	2.67	52.5	4	1.54	55.0	5	1.19	55.0	7	1.18	56.0	8	1.04	61.5	19	1.0	74.4	68	0.99	75.4	129	0.91	63.4	170	0.85
chr6	113970944	C	CCTG	0	70.0	0	0.0	75.0	3	0.57	78.33	5	0.6	78.75	8	0.67	74.0	10	0.74	68.5	19	0.81	70.4	52	0.84	69.7	102	0.84	61.75	155	0.81
chr6	113970944	CCTG	C	0	70.0	0	0.0	75.0	3	0.57	78.33	5	0.6	78.75	8	0.67	74.0	10	0.74	68.5	19	0.81	70.4	52	0.84	69.7	102	0.84	61.75	155	0.81
chr6	116792597	A	AGG	0	30.0	0	0.0	32.5	0	0.0	30.0	0	0.0	33.75	0	0.0	36.0	0	0.0	40.5	0	0.0	40.0	2	0.1	41.7	7	0.16	39.4	12	0.16
chr6	116792598	T	TA	0	30.0	0	0.0	32.5	0	0.0	30.0	0	0.0	35.0	0	0.0	35.0	0	0.0	41.0	0	0.0	40.2	2	0.1	41.6	7	0.16	39.4	12	0.16
chr6	116792601	T	TTCC	0	30.0	0	0.0	30.0	0	0.0	28.33	0	0.0	35.0	0	0.0	35.0	0	0.0	42.0	0	0.0	40.0	2	0.1	41.5	7	0.16	39.45	12	0.16
chr6	118491646	ATGT	A	0	40.0	0	0.0	27.5	0	0.0	28.33	0	0.0	31.25	0	0.0	34.0	0	0.0	32.5	0	0.0	34.6	0	0.0	34.2	0	0.0	32.9	7	0.13
chr6	136278775	A	ATGAGAT	0	35.0	1	1.67	30.0	1	1.14	31.67	1	0.67	31.25	2	1.03	33.0	3	1.11	32.0	7	1.4	37.6	11	0.69	36.8	20	0.59	36.05	30	0.46
chr6	136592527	T	TGTC	0	55.0	2	1.33	57.5	2	0.61	51.67	3	0.76	53.75	3	0.53	55.0	4	0.53	50.5	6	0.47	43.0	7	0.3	44.1	10	0.21	42.1	13	0.15
chr6	138218045	A	AG	0	50.0	0	0.0	47.5	0	0.0	43.33	0	0.0	37.5	0	0.0	39.0	0	0.0	39.0	0	0.0	37.4	1	0.06	36.2	5	0.15	34.65	8	0.13
chr6	143443149	A	AT	0	40.0	0	0.0	35.0	0	0.0	33.33	0	0.0	37.5	1	0.36	39.0	1	0.26	36.5	1	0.15	39.0	3	0.16	39.6	4	0.1	40.9	15	0.18
chr6	148343105	T	TGAGCCC	0	80.0	2	0.63	82.5	5	0.74	81.67	8	0.8	81.25	11	0.84	81.0	15	0.92	79.5	31	0.99	75.4	64	0.91	62.4	84	0.87	53.35	111	0.79
chr6	151349193	AAGG	A	0	45.0	0	0.0	45.0	0	0.0	45.0	0	0.0	48.75	1	0.22	47.0	1	0.18	47.5	6	0.53	50.2	13	0.42	49.6	31	0.51	50.95	52	0.41
chr6	151352980	T	TGAG	0	35.0	0	0.0	42.5	0	0.0	43.33	0	0.0	45.0	0	0.0	45.0	1	0.24	45.5	4	0.4	47.2	12	0.44	47.7	18	0.32	45.55	32	0.31
chr6	152697963	GAGAT	G	0	30.0	0	0.0	35.0	0	0.0	28.33	1	0.86	32.5	1	0.48	31.0	1	0.43	31.0	2	0.42	33.6	3	0.22	32.2	6	0.23	34.75	17	0.29
chr6	156778870	CGGA	C	0	90.0	4	1.43	87.5	8	1.28	86.67	12	1.35	82.5	13	1.2	78.0	14	1.14	75.5	23	0.86	75.4	61	0.88	77.1	131	0.89	75.05	250	0.89
chr6	156778888	CGGA	C	0	75.0	1	0.77	72.5	3	1.2	76.67	6	1.18	78.75	9	1.18	80.0	13	1.12	76.5	25	0.96	77.2	63	0.87	77.0	132	0.9	74.85	249	0.89
chr6	156779261	G	GCGC	0	90.0	4	1.04	82.5	8	1.27	80.0	10	1.14	78.75	12	1.0	79.0	16	1.04	78.5	27	0.88	78.0	66	0.87	78.0	135	0.89	70.65	229	0.92
chr6	159239746	GCCACCACCCGCCGCACGA	G	0	75.0	0	0.0	72.5	4	1.04	71.67	5	0.98	73.75	9	1.2	70.0	10	1.16	64.0	13	0.95	58.4	21	0.53	49.3	26	0.44	45.0	37	0.37
chr6	159790612	GGTT	G	0	55.0	1	1.11	60.0	5	1.56	60.0	6	1.2	55.0	8	1.39	57.0	8	0.99	58.0	16	0.96	56.6	37	0.94	56.7	68	0.85	55.25	111	0.75
chr6	160139847	CATG	C	0	50.0	1	0.83	57.5	2	0.61	50.0	2	0.54	47.5	2	0.45	48.0	2	0.35	51.5	7	0.53	49.8	13	0.42	47.6	21	0.37	48.4	38	0.33
chr6	160646218	T	TAAAAA	0	50.0	1	0.8	57.5	1	0.31	55.0	2	0.44	55.0	4	0.67	58.0	7	0.84	56.0	12	0.77	54.0	21	0.58	48.7	30	0.51	47.65	44	0.39
chr6	160992011	A	ACCG	0	90.0	4	1.11	82.5	7	1.11	85.0	11	1.11	77.5	13	1.18	75.0	15	1.18	74.0	28	1.03	74.6	65	0.93	72.0	119	0.92	59.6	157	0.89
chr6	161098317	CCTG	C	0	70.0	0	0.0	72.5	3	0.57	70.0	4	0.55	67.5	5	0.55	65.0	6	0.57	58.5	7	0.42	49.0	13	0.44	48.9	22	0.37	42.65	31	0.34
chr6	161098317	CCTGCTG	C	0	70.0	0	0.0	72.5	3	0.57	70.0	4	0.55	67.5	5	0.55	65.0	6	0.57	58.5	7	0.42	49.0	13	0.44	48.9	22	0.37	42.65	31	0.34
chr6	167328089	C	CTG	0	60.0	0	0.0	50.0	0	0.0	51.67	1	0.26	47.5	1	0.22	44.0	1	0.21	43.0	2	0.22	46.4	8	0.3	44.4	11	0.22	44.8	19	0.19
chr6	167381094	CA	C	0	35.0	1	2.0	37.5	3	2.4	43.33	4	1.43	42.5	5	1.38	47.0	7	1.3	56.0	14	0.92	53.2	22	0.62	49.6	32	0.52	49.65	47	0.38
chr6	168308553	G	GCCCCTGCCGGCA	0	85.0	1	0.29	77.5	2	0.35	71.67	2	0.26	72.5	2	0.2	72.0	3	0.24	68.0	6	0.27	64.6	15	0.29	65.6	35	0.33	65.2	106	0.5
chr6	170561948	GCAA	G	0	60.0	0	0.0	62.5	0	0.0	58.33	0	0.0	60.0	0	0.0	60.0	0	0.0	57.0	1	0.06	56.2	5	0.14	47.0	12	0.22	40.85	19	0.23
chr6	170561957	A	ACAG	0	55.0	0	0.0	62.5	0	0.0	63.33	0	0.0	60.0	0	0.0	62.0	0	0.0	56.5	2	0.13	56.4	6	0.16	47.1	12	0.22	40.85	19	0.23
chr6	170561962	AGC	A	0	60.0	0	0.0	60.0	0	0.0	63.33	0	0.0	62.5	0	0.0	61.0	0	0.0	56.5	2	0.13	56.2	6	0.16	46.9	12	0.22	40.85	19	0.23
chr6	170561965	AG	A	0	65.0	0	0.0	60.0	0	0.0	63.33	0	0.0	63.75	0	0.0	61.0	0	0.0	57.5	2	0.12	56.2	6	0.16	46.8	12	0.22	40.7	19	0.23
chr6	170561965	AGCAG	A	0	65.0	0	0.0	60.0	0	0.0	63.33	0	0.0	63.75	0	0.0	61.0	0	0.0	57.5	2	0.12	56.2	6	0.16	46.8	12	0.22	40.7	19	0.23
chr7	887153	G	GCGTC	0	80.0	3	0.95	75.0	4	0.85	73.33	5	0.71	71.25	6	0.66	71.0	7	0.6	70.0	12	0.49	63.4	22	0.44	64.8	46	0.44	62.1	85	0.44
chr7	997745	GC	G	0	80.0	2	0.67	72.5	3	0.63	73.33	4	0.52	72.5	5	0.49	68.0	5	0.44	69.0	12	0.5	68.6	27	0.46	62.0	46	0.48	59.35	86	0.49
chr7	1547016	A	AGCC	0	90.0	4	1.04	77.5	4	0.67	78.33	6	0.65	76.25	9	0.78	75.0	10	0.71	71.0	14	0.56	69.6	19	0.32	69.4	40	0.33	68.45	95	0.41
chr7	4791164	CCAGCTCCACGCA	C	0	65.0	0	0.0	67.5	2	0.53	66.67	4	0.6	62.5	4	0.52	64.0	6	0.59	62.5	8	0.41	65.0	21	0.4	65.1	44	0.42	63.45	82	0.41
chr7	4803581	C	CCTGCCAGGG	0	75.0	0	0.0	80.0	1	0.16	76.67	1	0.11	75.0	3	0.27	74.0	4	0.3	73.0	10	0.38	73.0	30	0.45	72.5	53	0.4	70.95	103	0.41
chr7	5313003	T	TGAG	0	55.0	0	0.0	62.5	0	0.0	61.67	0	0.0	60.0	0	0.0	60.0	1	1.69	64.0	7	0.65	67.2	28	0.53	68.9	62	0.54	65.45	107	0.51
chr7	5313003	TGAG	T	0	55.0	0	0.0	62.5	0	0.0	61.67	0	0.0	60.0	0	0.0	60.0	1	1.69	64.0	7	0.65	67.2	28	0.53	68.9	62	0.54	65.45	107	0.51
chr7	5313033	T	TGAGGAG	0	60.0	0	0.0	65.0	0	0.0	65.0	1	0.81	66.25	2	0.5	68.0	3	0.52	66.5	10	0.58	66.2	25	0.49	69.1	63	0.54	65.45	106	0.5
chr7	5390357	CA	C	0	35.0	0	0.0	27.5	0	0.0	40.0	0	0.0	45.0	0	0.0	48.0	1	0.17	54.0	1	0.07	56.2	4	0.1	56.4	11	0.14	55.75	40	0.26
chr7	5390357	CAA	C	0	35.0	0	0.0	27.5	0	0.0	40.0	0	0.0	45.0	0	0.0	48.0	1	0.17	54.0	1	0.07	56.2	4	0.1	56.4	11	0.14	55.75	40	0.26
chr7	5390357	CAAA	C	0	35.0	0	0.0	27.5	0	0.0	40.0	0	0.0	45.0	0	0.0	48.0	1	0.17	54.0	1	0.07	56.2	4	0.1	56.4	11	0.14	55.75	40	0.26
chr7	5390357	CAAAA	C	0	35.0	0	0.0	27.5	0	0.0	40.0	0	0.0	45.0	0	0.0	48.0	1	0.17	54.0	1	0.07	56.2	4	0.1	56.4	11	0.14	55.75	40	0.26
chr7	5390357	CAAAAA	C	0	35.0	0	0.0	27.5	0	0.0	40.0	0	0.0	45.0	0	0.0	48.0	1	0.17	54.0	1	0.07	56.2	4	0.1	56.4	11	0.14	55.75	40	0.26
chr7	6674308	CAG	C	0	55.0	0	0.0	45.0	0	0.0	40.0	0	0.0	37.5	0	0.0	39.0	0	0.0	40.0	0	0.0	41.8	6	0.27	43.6	13	0.27	41.0	19	0.23
chr7	6675156	CCTT	C	0	40.0	0	0.0	42.5	0	0.0	43.33	0	0.0	45.0	0	0.0	47.0	1	0.18	41.0	2	0.24	39.2	5	0.26	43.7	11	0.23	42.4	20	0.22
chr7	8156928	TAAAAAAAAAAAAAAAAAA	T	0	30.0	0	0.0	20.0	0	0.0	20.0	0	0.0	25.0	0	0.0	27.0	2	1.23	36.5	2	0.3	36.2	2	0.12	36.7	3	0.09	40.5	18	0.22
chr7	8156936	AAAAAAAAAAAAAAAAAAG	A	0	10.0	0	0.0	17.5	0	0.0	20.0	0	0.0	21.25	0	0.0	26.0	0	0.0	36.0	2	0.31	36.2	2	0.12	37.1	3	0.09	40.75	19	0.23
chr7	8156937	AAAAAAAAAAAAAAAAAG	A	0	5.0	0	0.0	17.5	0	0.0	18.33	0	0.0	21.25	0	0.0	27.0	0	0.0	36.0	2	0.31	36.4	2	0.12	37.1	3	0.09	40.75	19	0.23
chr7	12351641	T	TA	0	30.0	0	0.0	25.0	0	0.0	35.0	0	0.0	36.25	0	0.0	36.0	0	0.0	34.0	0	0.0	32.4	2	0.15	35.6	6	0.19	35.85	12	0.19
chr7	15686171	ATGG	A	0	55.0	0	0.0	62.5	0	0.0	63.33	0	0.0	62.5	0	0.0	63.0	0	0.0	61.5	7	0.42	63.8	29	0.61	59.8	55	0.62	54.7	97	0.65
chr7	18027343	CATACA	C	0	45.0	0	0.0	47.5	0	0.0	43.33	0	0.0	43.75	0	0.0	44.0	0	0.0	45.5	2	0.19	45.8	8	0.31	47.7	24	0.42	42.25	35	0.39
chr7	19145122	C	CTCT	0	65.0	2	1.82	60.0	2	0.84	61.67	3	0.71	62.5	4	0.61	61.0	5	0.69	62.0	13	0.75	62.2	37	0.77	59.2	60	0.69	56.25	97	0.62
chr7	20785320	AGCC	A	0	85.0	4	1.14	85.0	8	1.12	85.0	12	1.11	83.75	14	1.01	78.0	15	1.0	72.5	23	0.88	75.6	69	0.97	71.2	114	0.91	67.35	193	0.85
chr7	20785423	TGCG	T	0	90.0	4	1.11	90.0	9	1.31	85.0	13	1.35	76.25	13	1.3	73.0	13	1.19	77.5	30	1.01	73.0	64	0.97	69.9	104	0.86	65.2	186	0.88
chr7	22817410	C	CT	0	5.0	0	0.0	20.0	0	0.0	28.33	0	0.0	30.0	2	1.12	34.0	2	0.7	38.0	2	0.29	35.6	4	0.25	36.8	11	0.32	37.8	15	0.21
chr7	22817410	CT	C	0	5.0	0	0.0	20.0	0	0.0	28.33	0	0.0	30.0	2	1.12	34.0	2	0.7	38.0	2	0.29	35.6	4	0.25	36.8	11	0.32	37.8	15	0.21
chr7	23182177	A	ACGGCAGCAACCG	0	70.0	1	0.5	67.5	2	0.49	65.0	3	0.48	63.75	4	0.5	61.0	5	0.54	65.0	19	0.9	61.8	45	0.94	56.2	72	0.91	51.5	114	0.86
chr7	25226949	TTAA	T	0	30.0	0	0.0	35.0	0	0.0	35.0	0	0.0	37.5	1	0.36	40.0	1	0.25	40.0	2	0.26	38.8	4	0.21	36.2	5	0.15	34.95	9	0.15
chr7	27095693	GCGA	G	0	75.0	1	0.77	70.0	2	0.83	68.33	3	0.86	67.5	5	0.71	68.0	5	0.47	65.0	13	0.63	60.4	28	0.63	58.3	53	0.64	57.9	110	0.66
chr7	29884048	CTTA	C	0	75.0	1	1.43	77.5	2	1.38	75.0	2	1.4	72.5	3	1.11	71.0	5	0.9	70.5	12	0.65	68.2	29	0.62	66.4	52	0.51	57.8	68	0.41
chr7	30285548	CGCCGCGGCG	C	0	95.0	5	1.11	92.5	10	1.18	90.0	13	1.08	88.75	15	0.96	87.0	18	0.96	88.0	39	1.01	81.4	84	1.01	76.7	148	1.01	66.85	223	1.0
chr7	31658298	C	CTT	0	40.0	0	0.0	35.0	0	0.0	33.33	0	0.0	32.5	0	0.0	29.0	0	0.0	32.5	0	0.0	35.8	4	0.25	34.9	8	0.26	34.55	13	0.22
chr7	35888822	C	CA	0	30.0	0	0.0	30.0	1	1.14	38.33	2	0.91	35.0	2	0.82	34.0	3	1.07	37.5	3	0.44	41.6	7	0.33	38.9	13	0.35	38.9	23	0.31
chr7	35888822	CA	C	0	30.0	0	0.0	30.0	1	1.14	38.33	2	0.91	35.0	2	0.82	34.0	3	1.07	37.5	3	0.44	41.6	7	0.33	38.9	13	0.35	38.9	23	0.31
chr7	35888822	CAA	C	0	30.0	0	0.0	30.0	1	1.14	38.33	2	0.91	35.0	2	0.82	34.0	3	1.07	37.5	3	0.44	41.6	7	0.33	38.9	13	0.35	38.9	23	0.31
chr7	35888822	CAAA	C	0	30.0	0	0.0	30.0	1	1.14	38.33	2	0.91	35.0	2	0.82	34.0	3	1.07	37.5	3	0.44	41.6	7	0.33	38.9	13	0.35	38.9	23	0.31
chr7	36084620	G	GT	0	55.0	0	0.0	62.5	0	0.0	63.33	1	0.2	62.5	1	0.15	63.0	2	0.22	60.0	7	0.4	58.2	18	0.43	55.7	33	0.43	54.0	56	0.38
chr7	36407739	A	ACTT	0	40.0	0	0.0	35.0	0	0.0	35.0	0	0.0	36.25	0	0.0	34.0	0	0.0	34.0	0	0.0	32.2	4	0.31	29.9	5	0.22	30.9	9	0.19
chr7	36513120	A	AT	0	35.0	0	0.0	40.0	0	0.0	40.0	0	0.0	45.0	1	0.25	48.0	2	0.35	49.5	4	0.33	50.6	8	0.25	49.0	18	0.3	46.2	25	0.23
chr7	36513179	A	AG	0	60.0	0	0.0	55.0	1	0.36	56.67	1	0.21	56.25	1	0.16	57.0	1	0.12	54.0	3	0.21	49.4	9	0.3	50.9	19	0.29	46.45	25	0.23
chr7	36513182	G	GT	0	60.0	0	0.0	52.5	1	0.38	55.0	1	0.22	56.25	1	0.16	58.0	1	0.12	55.0	3	0.2	49.2	8	0.26	50.9	19	0.29	46.55	25	0.23
chr7	37920659	AAGGCAGTGGCAGC	A	0	65.0	2	1.11	60.0	2	0.59	61.67	2	0.38	62.5	2	0.27	60.0	2	0.23	62.0	8	0.42	60.6	25	0.55	61.5	55	0.58	56.8	92	0.57
chr7	39339687	CCAG	C	0	65.0	0	0.0	67.5	0	0.0	66.67	0	0.0	66.25	0	0.0	63.0	1	0.12	61.0	5	0.33	58.2	9	0.26	51.8	14	0.23	45.05	17	0.17
chr7	39950850	AGCC	A	0	95.0	5	1.19	92.5	10	1.24	81.67	10	1.1	77.5	10	0.95	81.0	13	0.91	77.5	25	0.86	74.6	61	0.88	74.8	124	0.89	73.1	229	0.86
chr7	43647474	TGGA	T	0	50.0	0	0.0	52.5	0	0.0	50.0	0	0.0	48.75	1	0.21	54.0	2	0.27	48.5	4	0.34	46.6	9	0.33	50.8	17	0.27	49.9	28	0.23
chr7	44078723	GC	G	0	75.0	1	0.36	65.0	2	0.48	66.67	2	0.3	61.25	2	0.27	61.0	4	0.43	63.5	5	0.25	56.8	9	0.22	53.1	16	0.23	54.4	28	0.19
chr7	44140479	A	AG	0	70.0	0	0.0	77.5	1	0.18	71.67	1	0.14	72.5	1	0.1	72.0	1	0.08	67.5	4	0.18	66.6	10	0.19	62.7	14	0.15	62.0	32	0.17
chr7	45866137	T	TTGC	0	65.0	1	0.5	65.0	1	0.24	65.0	2	0.32	65.0	4	0.47	64.0	4	0.39	63.0	8	0.4	60.4	11	0.24	57.7	14	0.17	52.85	17	0.12
chr7	48279103	AAAT	A	0	30.0	0	0.0	25.0	0	0.0	28.33	0	0.0	28.75	0	0.0	31.0	0	0.0	32.5	1	0.19	33.2	2	0.15	34.7	4	0.13	34.35	9	0.15
chr7	51030869	GTCT	G	0	35.0	0	0.0	37.5	0	0.0	43.33	1	0.36	41.25	1	0.29	42.0	1	0.23	41.0	2	0.24	44.6	6	0.24	43.4	13	0.28	44.7	23	0.23
chr7	65954365	T	TTTA	0	30.0	0	0.0	20.0	0	0.0	21.67	0	0.0	30.0	0	0.0	33.0	0	0.0	42.5	5	0.58	42.4	14	0.64	39.6	19	0.49	41.95	32	0.36
chr7	70790589	G	GCCACCA	0	60.0	1	1.0	65.0	2	0.67	66.67	3	0.6	67.5	5	0.64	68.0	8	0.76	68.5	18	0.79	66.8	39	0.75	65.9	73	0.69	58.6	113	0.67
chr7	72744550	CA	C	0	50.0	1	0.83	45.0	1	0.49	48.33	2	0.59	52.5	3	0.55	50.0	4	0.64	42.0	7	0.83	39.6	10	0.51	36.8	13	0.39	41.05	22	0.26
chr7	72925631	GCGCCGCGCTCCCCAC	G	0	95.0	5	1.19	90.0	8	1.23	86.67	10	1.04	85.0	14	1.08	85.0	15	0.91	79.5	27	0.95	65.8	49	0.95	62.5	82	0.85	56.4	147	0.92
chr7	72925660	ACCGCCGCGCTCCCCC	A	0	90.0	5	1.54	87.5	7	1.43	90.0	12	1.35	87.5	15	1.33	86.0	18	1.36	78.5	26	1.01	65.2	46	0.91	61.4	78	0.84	56.25	147	0.93
chr7	76285615	G	GC	0	75.0	3	1.11	60.0	4	1.25	56.67	5	1.14	62.5	5	0.68	63.0	6	0.63	66.5	11	0.5	60.4	23	0.51	60.4	40	0.44	60.05	59	0.33
chr7	76285617	C	CT	0	85.0	4	1.14	60.0	4	1.25	56.67	5	1.19	61.25	5	0.74	64.0	6	0.62	66.0	11	0.51	60.4	23	0.51	60.4	40	0.44	60.0	58	0.32
chr7	76611467	CA	C	0	65.0	1	0.5	57.5	2	0.62	55.0	2	0.44	57.5	4	0.61	57.0	4	0.49	52.0	4	0.3	51.0	8	0.25	50.8	14	0.22	50.7	26	0.2
chr7	82952171	T	TTCA	0	40.0	1	1.33	32.5	2	1.9	40.0	2	0.94	41.25	2	0.62	41.0	2	0.55	44.0	3	0.32	43.6	6	0.26	42.0	7	0.16	42.55	12	0.13
chr7	83155514	T	TGTG	0	60.0	0	0.0	55.0	0	0.0	60.0	1	0.19	60.0	1	0.14	59.0	1	0.12	58.5	1	0.06	57.2	2	0.05	55.6	5	0.07	47.4	12	0.11
chr7	87166563	TTGA	T	0	30.0	0	0.0	42.5	0	0.0	38.33	0	0.0	38.75	0	0.0	41.0	1	0.24	37.0	3	0.44	33.8	4	0.28	36.4	8	0.25	36.2	10	0.15
chr7	91265143	A	ACCG	0	85.0	3	0.86	87.5	6	0.78	80.0	6	0.63	81.25	8	0.61	80.0	10	0.63	74.0	17	0.62	71.2	48	0.76	71.3	109	0.86	68.5	199	0.85
chr7	92022863	A	AAAC	0	20.0	0	0.0	32.5	0	0.0	30.0	0	0.0	30.0	0	0.0	33.0	0	0.0	32.0	0	0.0	31.4	2	0.16	30.8	4	0.17	33.2	7	0.13
chr7	97006107	A	AGCC	0	70.0	2	0.89	75.0	5	0.96	78.33	9	1.03	75.0	10	0.94	73.0	11	0.85	69.5	18	0.77	65.8	42	0.78	64.3	75	0.76	63.15	142	0.72
chr7	97006107	AGCCGCCGCC	A	0	70.0	2	0.89	75.0	5	0.96	78.33	9	1.03	75.0	10	0.94	73.0	11	0.85	69.5	18	0.77	65.8	42	0.78	64.3	75	0.76	63.15	142	0.72
chr7	98107205	GGCT	G	0	75.0	2	0.8	77.5	5	0.85	75.0	6	0.73	76.25	11	0.96	78.0	13	0.87	76.5	31	1.08	74.6	64	1.01	69.4	105	0.89	54.75	122	0.83
chr7	98910221	CA	C	0	70.0	0	0.0	82.5	1	0.34	78.33	1	0.29	77.5	1	0.15	78.0	2	0.21	69.0	5	0.24	51.8	10	0.31	47.8	15	0.27	47.1	30	0.27
chr7	98910221	CACCT	C	0	70.0	0	0.0	82.5	1	0.34	78.33	1	0.29	77.5	1	0.15	78.0	2	0.21	69.0	5	0.24	51.8	10	0.31	47.8	15	0.27	47.1	30	0.27
chr7	98910221	CACCTCCA	C	0	70.0	0	0.0	82.5	1	0.34	78.33	1	0.29	77.5	1	0.15	78.0	2	0.21	69.0	5	0.24	51.8	10	0.31	47.8	15	0.27	47.1	30	0.27
chr7	98910224	CT	C	0	80.0	0	0.0	80.0	1	0.36	80.0	1	0.24	76.25	1	0.16	79.0	2	0.22	68.0	5	0.24	51.6	10	0.31	47.6	15	0.27	47.0	30	0.27
chr7	98910248	CTG	C	0	80.0	0	0.0	80.0	1	0.36	81.67	3	0.5	78.75	4	0.56	76.0	4	0.42	67.0	5	0.26	50.8	10	0.32	47.2	15	0.27	46.95	30	0.27
chr7	98910257	CTGTGA	C	0	70.0	0	0.0	80.0	2	0.51	80.0	3	0.56	75.0	4	0.52	72.0	4	0.41	66.5	5	0.26	50.4	10	0.33	47.0	15	0.27	46.75	30	0.27
chr7	99836453	TA	T	0	30.0	0	0.0	30.0	0	0.0	30.0	0	0.0	32.5	0	0.0	34.0	0	0.0	41.0	0	0.0	40.2	1	0.05	43.7	9	0.19	43.85	33	0.34
chr7	100064887	GTAGT	G	0	30.0	1	2.22	42.5	2	1.11	46.67	2	0.62	45.0	2	0.49	45.0	3	0.6	40.0	4	0.5	39.0	8	0.42	46.6	25	0.46	47.25	40	0.36
chr7	100221191	A	ACT	0	60.0	1	0.74	62.5	1	0.4	68.33	2	0.3	67.5	2	0.22	66.0	3	0.28	63.0	5	0.25	62.2	14	0.29	62.9	23	0.23	63.4	49	0.24
chr7	100359504	GCCT	G	0	70.0	0	0.0	57.5	0	0.0	55.0	0	0.0	53.75	1	0.18	55.0	2	0.28	55.0	2	0.13	59.0	9	0.21	57.1	16	0.2	55.6	28	0.18
chr7	100755389	TACA	T	0	40.0	0	0.0	45.0	1	0.62	50.0	1	0.3	53.75	2	0.37	51.0	2	0.32	57.5	3	0.18	53.2	11	0.31	52.1	19	0.28	48.5	39	0.33
chr7	100779515	A	AGGGC	0	70.0	1	0.44	67.5	4	0.88	70.0	6	0.85	65.0	8	0.98	66.0	9	0.85	63.0	13	0.66	59.6	18	0.41	55.8	30	0.39	51.7	55	0.41
chr7	100952391	C	CCCT	0	55.0	0	0.0	55.0	0	0.0	53.33	0	0.0	53.75	0	0.0	52.0	1	0.2	50.5	2	0.19	51.0	12	0.47	52.5	18	0.33	53.3	30	0.23
chr7	100959507	C	CCAA	0	50.0	0	0.0	47.5	0	0.0	46.67	1	0.35	48.75	1	0.23	48.0	1	0.21	50.5	3	0.28	48.0	7	0.32	47.3	12	0.29	49.5	28	0.31
chr7	100960580	ATC	A	0	55.0	1	1.11	57.5	2	0.89	55.0	2	0.66	55.0	2	0.42	54.0	3	0.49	56.0	3	0.25	55.8	9	0.25	54.2	11	0.16	51.35	26	0.22
chr7	100960584	C	CGT	0	55.0	1	0.83	52.5	2	1.18	51.67	2	0.8	55.0	2	0.44	53.0	3	0.53	56.5	3	0.25	55.6	9	0.26	54.2	12	0.18	51.4	26	0.22
chr7	101239737	A	AACAGGGAAAGG	0	65.0	0	0.0	65.0	2	0.76	61.67	2	0.52	63.75	2	0.3	60.0	3	0.38	58.0	8	0.49	63.4	24	0.48	62.5	37	0.38	62.45	78	0.4
chr7	101557387	A	AG	0	70.0	0	0.0	67.5	0	0.0	66.67	0	0.0	66.25	0	0.0	61.0	1	0.11	61.5	5	0.27	58.6	9	0.21	55.3	14	0.19	54.05	26	0.19
chr7	102496608	TGCCCTGG	T	0	70.0	0	0.0	67.5	1	0.22	66.67	2	0.31	66.25	4	0.47	65.0	6	0.57	63.5	7	0.35	64.0	10	0.2	62.7	20	0.21	58.35	36	0.21
chr7	102934551	TGAA	T	0	35.0	0	0.0	30.0	0	0.0	40.0	2	0.94	37.5	2	0.72	38.0	2	0.58	43.5	4	0.42	42.2	8	0.37	42.2	15	0.34	42.5	34	0.38
chr7	105112806	CTGGT	C	0	75.0	0	0.0	70.0	0	0.0	66.67	0	0.0	62.5	0	0.0	58.0	0	0.0	56.5	2	0.16	56.0	10	0.34	53.0	13	0.23	45.4	20	0.22
chr7	105112806	CTGGTCCTG	C	0	75.0	0	0.0	70.0	0	0.0	66.67	0	0.0	62.5	0	0.0	58.0	0	0.0	56.5	2	0.16	56.0	10	0.34	53.0	13	0.23	45.4	20	0.22
chr7	105306483	C	CA	0	35.0	0	0.0	35.0	0	0.0	35.0	0	0.0	37.5	0	0.0	39.0	0	0.0	39.0	1	0.13	36.2	4	0.25	35.1	4	0.13	36.1	11	0.17
chr7	105306483	CA	C	0	35.0	0	0.0	35.0	0	0.0	35.0	0	0.0	37.5	0	0.0	39.0	0	0.0	39.0	1	0.13	36.2	4	0.25	35.1	4	0.13	36.1	11	0.17
chr7	116525182	G	GCC	0	80.0	0	0.0	65.0	1	0.33	63.33	2	0.43	61.25	3	0.49	63.0	5	0.57	64.0	13	0.64	61.2	24	0.51	61.8	59	0.62	58.8	112	0.65
chr7	122013319	GTGA	G	0	40.0	0	0.0	40.0	0	0.0	45.0	0	0.0	43.75	0	0.0	45.0	1	0.29	43.0	1	0.12	41.0	2	0.1	40.8	4	0.1	38.0	9	0.12
chr7	123627130	CG	C	0	55.0	1	0.83	60.0	3	1.26	56.67	3	0.8	57.5	4	0.71	53.0	4	0.63	50.0	6	0.49	46.6	13	0.48	41.3	14	0.33	39.55	23	0.29
chr7	124032401	CGCT	C	0	85.0	3	0.91	77.5	4	0.67	78.33	6	0.66	75.0	7	0.63	77.0	11	0.74	76.0	23	0.8	69.0	48	0.81	65.3	83	0.78	60.9	164	0.88
chr7	124032401	CGCTGCT	C	0	85.0	3	0.91	77.5	4	0.67	78.33	6	0.66	75.0	7	0.63	77.0	11	0.74	76.0	23	0.8	69.0	48	0.81	65.3	83	0.78	60.9	164	0.88
chr7	129189197	G	GGCT	0	80.0	1	0.32	75.0	2	0.36	78.33	4	0.44	82.5	8	0.59	82.0	9	0.54	80.0	25	0.81	78.0	63	0.84	73.2	102	0.8	65.05	149	0.72
chr7	131556269	G	GGGCGAC	0	70.0	2	0.89	72.5	6	1.14	73.33	10	1.24	75.0	13	1.16	75.0	16	1.15	74.5	31	1.13	74.6	65	0.95	73.6	116	0.86	66.05	168	0.77
chr7	131556269	GGGCGAC	G	0	70.0	2	0.89	72.5	6	1.14	73.33	10	1.24	75.0	13	1.16	75.0	16	1.15	74.5	31	1.13	74.6	65	0.95	73.6	116	0.86	66.05	168	0.77
chr7	137928166	CTGG	C	0	50.0	0	0.0	47.5	1	0.51	51.67	2	0.55	57.5	3	0.46	57.0	4	0.49	56.5	9	0.57	51.2	11	0.34	49.2	16	0.27	48.05	25	0.22
chr7	139409617	AAG	A	0	45.0	1	2.5	47.5	2	1.67	45.0	2	1.09	48.75	2	0.71	47.0	3	0.88	39.5	3	0.49	33.8	7	0.56	39.3	23	0.63	41.25	34	0.41
chr7	143443836	GTCT	G	0	55.0	0	0.0	50.0	0	0.0	45.0	0	0.0	46.25	0	0.0	49.0	0	0.0	48.0	0	0.0	45.8	5	0.19	47.9	10	0.18	46.05	22	0.21
chr7	143511643	GC	G	0	90.0	3	0.75	75.0	3	0.54	70.0	4	0.56	71.25	6	0.61	69.0	7	0.59	66.5	11	0.5	67.0	33	0.59	66.2	63	0.58	59.9	96	0.54
chr7	143720309	GCT	G	0	60.0	2	1.25	55.0	2	0.76	51.67	2	0.53	53.75	3	0.54	54.0	4	0.58	52.5	4	0.3	58.8	9	0.21	57.0	18	0.22	52.5	33	0.24
chr7	143757192	CTTCTT	C	0	20.0	0	0.0	27.5	0	0.0	30.0	0	0.0	33.75	1	0.45	32.0	1	0.4	36.5	2	0.3	37.6	6	0.35	41.5	17	0.41	41.1	35	0.42
chr7	144129635	ACTT	A	0	35.0	0	0.0	47.5	1	0.48	51.67	1	0.29	52.5	1	0.2	51.0	1	0.16	55.5	2	0.13	54.6	12	0.32	52.0	18	0.27	42.75	24	0.27
chr7	144667783	C	CT	0	50.0	1	1.25	50.0	1	0.42	51.67	1	0.26	56.25	1	0.17	54.0	3	0.44	46.5	4	0.39	46.2	6	0.22	44.6	8	0.16	43.15	11	0.12
chr7	149765305	G	GCGGGGGCATCCA	0	85.0	2	0.77	80.0	4	0.69	80.0	7	0.74	78.75	11	0.89	76.0	11	0.76	72.5	23	0.88	72.2	59	0.93	70.0	110	0.92	66.4	186	0.85
chr7	150331067	GC	G	0	60.0	1	0.57	52.5	1	0.36	58.33	1	0.2	60.0	1	0.14	58.0	2	0.24	54.5	2	0.14	59.8	7	0.16	56.6	20	0.25	56.65	41	0.26
chr7	150372305	GCCGCCAGGGGCC	G	0	85.0	2	0.56	77.5	4	0.68	78.33	7	0.78	76.25	8	0.71	78.0	12	0.82	78.0	21	0.71	71.4	55	0.88	71.5	110	0.87	68.35	162	0.7
chr7	151016813	G	GC	0	70.0	0	0.0	62.5	1	0.29	63.33	1	0.23	61.25	2	0.34	60.0	2	0.26	61.5	5	0.33	63.6	10	0.2	61.5	26	0.28	60.3	44	0.24
chr7	151066527	AGGAGGC	A	0	70.0	1	0.5	70.0	2	0.47	70.0	5	0.77	70.0	6	0.65	70.0	6	0.53	73.5	13	0.5	68.6	28	0.49	64.8	45	0.43	60.75	72	0.39
chr7	151086812	C	CG	0	95.0	4	0.95	87.5	7	0.93	81.67	10	1.02	80.0	12	0.95	82.0	15	0.93	83.0	29	0.85	78.0	73	0.97	76.6	138	0.94	74.2	227	0.83
chr7	151086820	C	CG	0	85.0	4	1.11	85.0	8	1.14	81.67	10	1.02	82.5	14	1.06	84.0	16	0.93	83.0	28	0.82	77.8	74	0.99	76.6	138	0.94	74.25	227	0.83
chr7	151086828	CTCGTCT	C	0	75.0	3	1.11	80.0	7	1.11	83.33	12	1.18	86.25	15	1.05	85.0	17	0.98	81.5	29	0.88	77.4	73	0.99	76.6	136	0.93	74.25	226	0.83
chr7	151086831	GTCT	G	0	75.0	3	1.07	77.5	7	1.18	85.0	12	1.18	86.25	15	1.05	86.0	18	1.02	81.5	28	0.85	77.6	74	0.99	76.7	136	0.93	74.15	226	0.83
chr7	151086834	T	TGGGG	0	75.0	3	1.11	77.5	7	1.18	85.0	12	1.14	87.5	16	1.09	87.0	19	1.05	81.5	28	0.85	77.4	73	0.98	76.7	136	0.93	74.25	227	0.83
chr7	151087179	GC	G	0	75.0	3	1.11	70.0	3	0.61	66.67	4	0.6	66.25	6	0.68	66.0	7	0.64	71.0	19	0.77	67.2	47	0.85	74.2	121	0.88	73.75	218	0.81
chr7	151187178	C	CAG	0	50.0	0	0.0	50.0	0	0.0	55.0	0	0.0	55.0	0	0.0	56.0	0	0.0	60.0	4	0.23	61.6	11	0.23	64.2	32	0.31	63.25	60	0.3
chr7	151187178	CAG	C	0	50.0	0	0.0	50.0	0	0.0	55.0	0	0.0	55.0	0	0.0	56.0	0	0.0	60.0	4	0.23	61.6	11	0.23	64.2	32	0.31	63.25	60	0.3
chr7	152247985	G	GT	0	40.0	0	0.0	37.5	0	0.0	43.33	0	0.0	42.5	0	0.0	43.0	0	0.0	43.5	2	0.22	38.6	2	0.11	35.8	3	0.09	32.35	6	0.12
chr7	155070322	C	CGT	0	75.0	3	1.11	72.5	5	0.96	65.0	5	0.79	63.75	6	0.74	64.0	8	0.8	63.0	11	0.57	67.0	35	0.63	60.4	51	0.56	55.8	88	0.57
chr7	157010034	TGCC	T	0	95.0	5	1.28	95.0	9	1.15	90.0	11	0.93	86.25	15	1.02	85.0	17	0.95	86.5	40	1.07	83.4	93	1.07	76.2	150	1.04	73.6	247	0.91
chr7	158871382	TGAA	T	0	40.0	0	0.0	45.0	2	1.23	46.67	3	1.12	48.75	3	0.74	49.0	3	0.61	54.0	8	0.63	58.2	23	0.57	54.5	30	0.41	50.0	46	0.37
chr8	544657	GGGCGGC	G	0	85.0	3	0.83	87.5	7	0.92	85.0	9	0.84	80.0	10	0.82	82.0	13	0.82	78.5	23	0.83	77.2	60	0.83	74.2	105	0.8	65.55	155	0.75
chr8	1678293	T	TCAC	0	70.0	1	0.5	62.5	1	0.26	61.67	1	0.18	61.25	3	0.4	64.0	6	0.59	60.5	14	0.79	57.8	24	0.58	49.3	30	0.49	48.3	44	0.38
chr8	7541826	AG	A	0	50.0	0	0.0	60.0	0	0.0	60.0	0	0.0	60.0	1	0.15	58.0	1	0.13	55.5	2	0.13	54.6	6	0.17	51.6	10	0.15	50.3	14	0.11
chr8	8318864	C	CGGGGCG	0	95.0	3	1.0	97.5	8	1.19	95.0	11	1.05	90.0	12	0.92	88.0	14	0.91	80.0	20	0.68	70.8	44	0.72	68.1	79	0.7	56.1	103	0.66
chr8	8377351	C	CGCCGCT	0	80.0	2	0.63	77.5	5	0.85	75.0	7	0.83	68.75	7	0.75	66.0	9	0.85	65.5	10	0.48	66.0	20	0.37	64.7	35	0.33	62.5	73	0.37
chr8	10554001	TG	T	0	60.0	1	0.57	50.0	1	0.48	50.0	2	0.6	46.25	2	0.5	44.0	2	0.48	37.0	2	0.3	34.8	3	0.2	35.8	5	0.16	40.35	11	0.14
chr8	10610113	T	TATTACTTTAGTCCCC	0	45.0	0	0.0	47.5	0	0.0	50.0	1	0.37	47.5	1	0.31	47.0	1	0.25	45.5	2	0.27	50.6	9	0.33	56.5	24	0.31	61.45	64	0.34
chr8	10610140	C	CCTCTCTTCTT	0	55.0	1	1.11	50.0	1	0.53	48.33	1	0.39	47.5	1	0.31	49.0	1	0.26	46.0	2	0.25	50.0	7	0.26	56.2	24	0.32	61.55	64	0.34
chr8	11801865	AT	A	0	25.0	0	0.0	42.5	2	1.11	48.33	3	0.87	50.0	3	0.6	52.0	5	0.74	54.5	10	0.69	50.8	16	0.5	55.9	40	0.51	57.15	93	0.57
chr8	12185354	CG	C	0	75.0	1	0.37	72.5	3	0.63	70.0	4	0.56	66.25	4	0.48	64.0	5	0.5	62.0	11	0.58	62.6	22	0.45	57.6	36	0.43	58.2	56	0.33
chr8	12427635	CG	C	0	75.0	1	0.37	72.5	3	0.63	70.0	4	0.56	66.25	4	0.48	63.0	4	0.41	61.5	10	0.53	62.4	21	0.43	57.4	35	0.43	58.25	57	0.34
chr8	17081789	C	CA	0	20.0	1	5.0	32.5	1	1.0	31.67	1	0.68	32.5	1	0.47	29.0	1	0.48	29.5	1	0.23	26.0	2	0.24	28.8	4	0.19	31.55	11	0.22
chr8	17279810	TTA	T	0	15.0	0	0.0	32.5	0	0.0	28.33	1	0.86	28.75	1	0.62	28.0	1	0.51	32.5	2	0.38	30.0	3	0.27	32.5	5	0.19	32.85	14	0.26
chr8	22109188	GC	G	0	70.0	3	1.25	75.0	8	1.43	76.67	9	1.07	75.0	13	1.17	74.0	15	1.11	78.5	27	0.88	73.2	61	0.91	70.7	107	0.86	65.75	155	0.72
chr8	22109194	CG	C	0	90.0	5	1.25	77.5	7	1.23	78.33	11	1.24	77.5	14	1.2	74.0	16	1.18	78.5	28	0.92	73.6	63	0.93	70.7	106	0.85	65.75	155	0.72
chr8	22404714	AGCTGCT	A	0	55.0	0	0.0	52.5	0	0.0	53.33	1	0.25	56.25	1	0.18	57.0	1	0.14	61.0	6	0.32	52.0	12	0.36	52.4	24	0.35	51.35	47	0.36
chr8	22713393	GT	G	0	50.0	1	0.8	60.0	2	0.56	58.33	3	0.59	58.75	3	0.43	60.0	4	0.45	59.0	6	0.35	54.6	11	0.3	56.2	26	0.33	56.0	36	0.23
chr8	27536816	A	AGTC	0	50.0	1	0.8	50.0	1	0.4	51.67	1	0.25	50.0	2	0.43	50.0	2	0.36	51.0	3	0.29	45.8	5	0.21	42.8	6	0.13	41.25	11	0.13
chr8	33496716	A	AGAT	0	35.0	0	0.0	35.0	0	0.0	38.33	0	0.0	40.0	0	0.0	42.0	0	0.0	40.0	2	0.25	35.0	3	0.2	31.4	3	0.12	37.55	16	0.23
chr8	37735967	G	GA	0	25.0	0	0.0	45.0	2	1.0	48.33	3	0.87	46.25	3	0.7	48.0	3	0.52	46.5	4	0.38	45.4	13	0.51	50.3	39	0.62	53.85	99	0.68
chr8	37735967	GA	G	0	25.0	0	0.0	45.0	2	1.0	48.33	3	0.87	46.25	3	0.7	48.0	3	0.52	46.5	4	0.38	45.4	13	0.51	50.3	39	0.62	53.85	99	0.68
chr8	38969665	CG	C	0	80.0	1	0.36	77.5	2	0.34	71.67	4	0.52	66.25	4	0.46	65.0	5	0.47	60.5	6	0.33	56.4	10	0.25	51.1	15	0.23	48.05	31	0.27
chr8	38969666	GC	G	0	80.0	1	0.36	75.0	2	0.36	70.0	4	0.54	66.25	4	0.46	66.0	5	0.46	60.5	6	0.33	56.6	10	0.25	51.1	15	0.23	48.05	31	0.27
chr8	41309117	GGCT	G	0	80.0	1	0.33	85.0	5	0.71	86.67	9	0.84	82.5	12	0.92	82.0	14	0.87	76.0	29	1.03	73.2	59	0.89	71.9	121	0.94	63.7	180	0.89
chr8	47893254	A	AG	0	60.0	1	0.56	62.5	1	0.28	65.0	2	0.34	68.75	3	0.33	68.0	3	0.27	60.0	7	0.39	50.0	12	0.38	40.7	13	0.31	41.5	33	0.38
chr8	47954348	A	AT	0	25.0	0	0.0	32.5	0	0.0	31.67	0	0.0	27.5	0	0.0	27.0	0	0.0	27.5	0	0.0	29.8	3	0.27	32.2	4	0.15	39.55	33	0.42
chr8	47954348	AT	A	0	25.0	0	0.0	32.5	0	0.0	31.67	0	0.0	27.5	0	0.0	27.0	0	0.0	27.5	0	0.0	29.8	3	0.27	32.2	4	0.15	39.55	33	0.42
chr8	55164147	TTGC	T	0	50.0	0	0.0	62.5	1	0.27	66.67	1	0.16	61.25	1	0.14	62.0	3	0.35	57.5	5	0.34	48.4	8	0.29	46.5	12	0.22	43.55	18	0.19
chr8	64581059	T	TGGC	0	80.0	4	1.67	90.0	10	1.39	85.0	11	1.34	83.75	14	1.11	79.0	14	1.02	77.5	24	0.82	75.6	68	0.95	74.1	132	0.97	66.35	201	0.91
chr8	64581449	T	TAGCGGC	0	75.0	3	1.36	80.0	7	1.27	75.0	8	1.07	72.5	8	0.84	72.0	11	0.94	72.5	23	0.89	71.2	63	1.0	72.2	117	0.9	66.05	190	0.88
chr8	64581462	G	GGCA	0	85.0	3	0.86	72.5	4	0.81	75.0	7	0.88	68.75	7	0.78	65.0	8	0.8	72.0	24	0.96	71.4	63	0.99	71.6	115	0.9	65.9	188	0.87
chr8	68331067	TCCGGCTCTCAGCGC	T	0	75.0	2	0.74	77.5	5	0.85	73.33	9	1.12	76.25	12	1.03	74.0	12	0.9	75.5	28	0.98	71.0	57	0.91	65.7	92	0.85	57.0	120	0.74
chr8	71843411	C	CT	0	55.0	0	0.0	42.5	0	0.0	43.33	1	0.39	43.75	2	0.54	45.0	2	0.42	48.0	3	0.27	52.4	18	0.53	55.3	45	0.59	57.7	123	0.74
chr8	73669054	A	AG	0	40.0	0	0.0	45.0	0	0.0	41.67	0	0.0	41.25	0	0.0	43.0	0	0.0	37.5	0	0.0	35.4	2	0.13	33.9	5	0.17	35.15	6	0.1
chr8	74752458	CA	C	0	55.0	0	0.0	55.0	2	0.76	50.0	2	0.68	46.25	2	0.51	46.0	2	0.41	38.5	2	0.27	36.4	3	0.18	38.5	4	0.11	35.8	10	0.16
chr8	76853061	ACCT	A	0	70.0	0	0.0	67.5	0	0.0	71.67	0	0.0	70.0	0	0.0	65.0	0	0.0	61.5	4	0.36	55.4	12	0.41	47.9	21	0.4	46.15	33	0.32
chr8	80171362	AAAGCCCGAGTCC	A	0	75.0	4	1.48	75.0	5	1.0	76.67	9	1.07	75.0	11	1.03	77.0	13	0.9	74.0	25	0.94	74.0	59	0.95	66.6	92	0.86	52.55	110	0.81
chr8	80486811	TGTC	T	0	70.0	4	1.63	67.5	8	1.82	73.33	12	1.52	75.0	15	1.36	76.0	19	1.38	76.5	36	1.3	77.4	77	1.06	74.8	142	1.03	70.8	226	0.9
chr8	85214591	C	CAACATT	0	30.0	0	0.0	35.0	0	0.0	38.33	1	0.48	38.75	1	0.34	39.0	1	0.26	31.0	1	0.21	30.6	1	0.09	31.4	4	0.16	32.3	10	0.19
chr8	87351756	GTAT	G	0	20.0	0	0.0	27.5	0	0.0	30.0	1	0.78	31.25	1	0.63	28.0	1	0.58	28.5	1	0.26	24.2	2	0.29	30.9	6	0.25	32.65	16	0.3
chr8	96231295	G	GT	0	40.0	0	0.0	35.0	0	0.0	33.33	0	0.0	35.0	0	0.0	36.0	0	0.0	34.0	1	0.18	38.4	4	0.22	35.8	6	0.19	35.05	16	0.26
chr8	97775936	C	CGGCGGGCTCCAGGCGA	0	85.0	4	1.14	82.5	6	0.95	83.33	12	1.22	78.75	13	1.09	80.0	19	1.24	76.5	35	1.23	72.6	68	1.03	67.3	111	0.98	59.25	161	0.92
chr8	99832373	TCG	T	0	30.0	1	2.22	27.5	1	1.33	23.33	1	1.22	31.25	1	0.52	35.0	1	0.33	36.5	1	0.15	47.6	5	0.18	45.3	14	0.27	38.6	22	0.3
chr8	99832375	G	GTTTTT	0	35.0	1	1.67	30.0	1	1.11	23.33	1	1.22	31.25	1	0.51	36.0	1	0.31	37.0	1	0.15	47.6	5	0.18	45.3	15	0.29	38.6	22	0.3
chr8	100194230	A	AGAC	0	45.0	1	2.5	40.0	2	1.45	40.0	3	1.67	40.0	3	1.37	36.0	3	1.48	36.0	3	0.55	33.2	6	0.44	31.4	9	0.37	38.75	24	0.32
chr8	100709703	CT	C	0	45.0	0	0.0	47.5	1	0.67	50.0	1	0.3	43.75	1	0.28	39.0	1	0.28	37.5	4	0.57	41.0	7	0.33	37.4	11	0.32	37.6	26	0.37
chr8	100717807	T	TC	0	30.0	0	0.0	35.0	0	0.0	41.67	2	0.8	40.0	2	0.67	36.0	2	0.67	33.0	2	0.38	30.0	2	0.18	32.2	8	0.31	35.6	26	0.42
chr8	102238610	C	CG	0	75.0	2	0.91	75.0	4	0.71	68.33	5	0.71	68.75	7	0.75	72.0	9	0.71	70.5	21	0.85	63.4	37	0.74	60.3	69	0.77	57.05	114	0.72
chr8	102560794	AGCCCCTGC	A	0	75.0	0	0.0	70.0	1	0.25	68.33	1	0.17	66.25	1	0.14	63.0	2	0.25	56.5	6	0.4	50.6	13	0.41	46.7	17	0.31	42.85	30	0.33
chr8	102560803	AACCCGTGCAG	A	0	75.0	1	0.4	65.0	1	0.28	63.33	1	0.2	63.75	2	0.3	64.0	2	0.23	57.0	6	0.39	50.8	13	0.4	46.7	17	0.31	42.95	31	0.34
chr8	116771752	GCTT	G	0	40.0	0	0.0	42.5	1	0.57	35.0	1	0.55	35.0	2	0.83	36.0	2	0.62	37.5	3	0.43	34.2	3	0.21	35.7	6	0.19	34.05	10	0.17
chr8	119208535	CG	C	0	85.0	3	1.0	82.5	6	0.99	80.0	9	1.13	81.25	12	1.1	79.0	15	1.05	77.0	32	1.08	79.0	77	0.99	72.7	119	0.91	60.1	145	0.81
chr8	124518784	A	AT	0	10.0	0	0.0	17.5	0	0.0	23.33	0	0.0	26.25	0	0.0	28.0	0	0.0	32.0	0	0.0	33.6	0	0.0	40.7	13	0.31	40.15	31	0.38
chr8	124518784	AT	A	0	10.0	0	0.0	17.5	0	0.0	23.33	0	0.0	26.25	0	0.0	28.0	0	0.0	32.0	0	0.0	33.6	0	0.0	40.7	13	0.31	40.15	31	0.38
chr8	140662689	AGTCAAT	A	0	45.0	1	1.0	50.0	1	0.4	48.33	1	0.29	50.0	1	0.2	49.0	2	0.34	42.5	2	0.22	42.2	3	0.13	42.7	10	0.22	44.9	17	0.17
chr8	141449676	C	CA	0	60.0	0	0.0	67.5	1	0.22	70.0	3	0.42	71.25	4	0.4	73.0	4	0.3	67.5	5	0.23	66.4	11	0.21	63.5	20	0.2	62.85	31	0.16
chr8	142464251	ACTG	A	0	70.0	1	0.44	67.5	2	0.45	75.0	7	0.84	81.25	12	0.92	81.0	14	0.85	79.5	28	0.89	75.0	59	0.86	71.7	89	0.7	69.25	136	0.57
chr8	143327767	A	AG	0	55.0	0	0.0	60.0	1	0.34	61.67	2	0.38	58.75	2	0.32	60.0	2	0.24	60.5	5	0.28	55.8	14	0.36	51.5	28	0.42	51.3	60	0.46
chr8	143429782	ATGG	A	0	80.0	3	0.94	75.0	5	0.93	76.67	7	0.83	77.5	11	0.98	75.0	11	0.84	74.0	27	1.01	72.6	69	1.06	75.2	139	0.98	72.5	261	0.99
chr8	143429782	ATGGTGG	A	0	80.0	3	0.94	75.0	5	0.93	76.67	7	0.83	77.5	11	0.98	75.0	11	0.84	74.0	27	1.01	72.6	69	1.06	75.2	139	0.98	72.5	261	0.99
chr8	143440215	T	TGAG	0	70.0	1	1.54	65.0	1	0.58	65.0	2	0.48	61.25	3	0.67	64.0	3	0.41	65.0	6	0.33	68.0	19	0.35	69.0	30	0.26	65.1	79	0.38
chr8	143440215	TGAG	T	0	70.0	1	1.54	65.0	1	0.58	65.0	2	0.48	61.25	3	0.67	64.0	3	0.41	65.0	6	0.33	68.0	19	0.35	69.0	30	0.26	65.1	79	0.38
chr8	143567370	G	GC	0	95.0	3	0.67	87.5	5	0.67	80.0	8	0.84	81.25	11	0.87	82.0	15	0.93	78.5	28	0.93	76.0	49	0.68	71.9	62	0.48	67.4	90	0.4
chr8	143866607	CG	C	0	65.0	4	2.0	65.0	4	0.95	63.33	5	0.83	67.5	10	1.1	68.0	12	1.05	63.0	15	0.76	62.6	38	0.78	63.0	83	0.84	66.05	163	0.75
chr8	143866610	G	GA	0	70.0	4	1.63	65.0	4	0.97	65.0	6	0.95	68.75	10	1.07	67.0	11	0.99	63.5	15	0.74	62.8	38	0.78	63.1	83	0.84	66.0	162	0.74
chr8	143866612	T	TCCATCTC	0	70.0	3	1.25	60.0	4	1.12	65.0	6	0.95	66.25	10	1.15	66.0	11	1.03	63.0	15	0.76	62.8	38	0.78	63.0	82	0.83	66.0	162	0.74
chr8	143866615	T	TCA	0	65.0	3	1.43	62.5	5	1.28	66.67	7	1.05	65.0	9	1.08	66.0	11	1.01	62.5	15	0.77	62.8	39	0.8	62.9	81	0.82	65.9	162	0.75
chr8	143866620	CA	C	0	65.0	2	1.0	65.0	6	1.42	66.67	8	1.23	65.0	8	0.96	65.0	10	0.95	62.5	16	0.82	62.4	39	0.81	62.9	82	0.83	66.0	162	0.74
chr8	143866623	G	GC	0	55.0	1	0.71	62.5	5	1.3	63.33	8	1.34	65.0	8	0.96	64.0	10	0.99	62.5	16	0.82	62.4	39	0.81	62.8	81	0.82	65.95	161	0.74
chr8	143866629	T	TTAG	0	55.0	2	1.33	67.5	5	1.14	63.33	8	1.34	63.75	8	1.0	64.0	9	0.89	62.0	16	0.83	61.6	38	0.81	62.6	81	0.83	66.0	160	0.74
chr8	144052035	AGC	A	0	85.0	2	0.77	77.5	5	0.88	80.0	10	1.07	77.5	13	1.09	77.0	16	1.08	73.5	27	1.0	74.4	64	0.93	73.0	107	0.8	71.5	197	0.77
chr8	144052036	GCC	G	0	90.0	3	0.92	77.5	5	0.88	80.0	10	1.07	76.25	13	1.13	77.0	16	1.08	73.5	28	1.04	74.6	64	0.92	73.1	107	0.8	71.45	197	0.77
chr8	144462366	GGCC	G	0	85.0	4	1.21	82.5	7	1.22	80.0	11	1.22	80.0	14	1.19	79.0	16	1.09	76.5	28	0.97	81.2	71	0.87	74.9	129	0.92	69.65	180	0.74
chr8	144513383	CG	C	0	70.0	1	0.61	70.0	2	0.47	66.67	3	0.49	70.0	5	0.57	70.0	8	0.72	68.5	15	0.65	68.6	29	0.49	67.1	60	0.55	66.2	94	0.43
chr8	144547956	TCTG	T	0	60.0	1	0.56	60.0	2	0.56	61.67	2	0.35	67.5	4	0.46	67.0	5	0.45	70.0	15	0.62	69.8	40	0.67	70.0	74	0.61	69.6	132	0.55
chr8	144774230	CTTT	C	0	25.0	0	0.0	32.5	0	0.0	30.0	0	0.0	35.0	0	0.0	36.0	1	0.32	39.0	3	0.39	47.4	9	0.32	48.3	16	0.28	50.3	31	0.25
chr8	144838055	GC	G	0	80.0	1	0.32	67.5	1	0.22	63.33	2	0.35	63.75	3	0.38	65.0	4	0.38	55.0	5	0.33	53.2	11	0.31	54.1	21	0.29	55.55	52	0.34
chr9	117365	C	CCG	0	85.0	3	0.86	70.0	4	0.94	75.0	6	0.78	73.75	8	0.82	73.0	9	0.78	73.0	18	0.74	68.8	36	0.63	67.9	83	0.73	61.85	139	0.73
chr9	117369	GCC	G	0	75.0	3	1.07	72.5	4	0.84	73.33	5	0.67	75.0	8	0.8	74.0	9	0.75	73.0	17	0.7	69.0	36	0.62	67.9	84	0.74	61.95	139	0.73
chr9	4859137	A	AC	0	55.0	1	0.67	57.5	2	0.61	61.67	2	0.35	60.0	3	0.42	56.0	3	0.39	51.5	4	0.3	46.8	6	0.22	43.0	10	0.22	40.05	16	0.2
chr9	6329009	TG	T	0	55.0	0	0.0	55.0	0	0.0	55.0	1	0.22	55.0	1	0.18	54.0	1	0.14	54.0	4	0.3	52.8	6	0.17	47.6	13	0.23	45.85	31	0.3
chr9	15249987	TACC	T	0	45.0	0	0.0	32.5	0	0.0	35.0	0	0.0	33.75	0	0.0	35.0	0	0.0	35.0	0	0.0	39.6	3	0.15	40.9	9	0.22	38.3	15	0.2
chr9	18826262	GT	G	0	25.0	0	0.0	32.5	0	0.0	36.67	0	0.0	42.5	0	0.0	42.0	0	0.0	48.5	2	0.17	48.0	5	0.17	45.0	8	0.16	42.85	12	0.13
chr9	21228002	A	AT	0	45.0	0	0.0	55.0	0	0.0	51.67	0	0.0	50.0	0	0.0	50.0	0	0.0	51.0	0	0.0	48.8	1	0.03	41.6	3	0.07	33.15	8	0.15
chr9	25678178	A	ACGC	0	85.0	4	1.33	90.0	10	1.39	88.33	13	1.14	83.75	14	1.05	83.0	17	1.04	79.0	31	1.04	77.0	76	1.03	72.6	112	0.85	60.15	142	0.79
chr9	27524365	G	GTGTT	0	30.0	0	0.0	37.5	0	0.0	38.33	0	0.0	36.25	0	0.0	37.0	0	0.0	40.0	1	0.13	40.0	6	0.3	40.6	7	0.17	38.9	11	0.15
chr9	33796691	TGAG	T	0	55.0	0	0.0	55.0	0	0.0	50.0	0	0.0	51.25	1	0.19	53.0	1	0.14	54.0	3	0.21	56.4	8	0.2	52.2	9	0.13	51.4	21	0.16
chr9	35562395	A	ATAGT	0	55.0	1	0.67	55.0	1	0.36	56.67	1	0.21	56.25	2	0.32	59.0	2	0.23	57.0	2	0.13	55.6	7	0.18	55.5	9	0.12	56.45	27	0.17
chr9	35674192	CGGAGAGGAGGATCTACCT	C	0	65.0	1	0.5	60.0	1	0.28	58.33	1	0.22	58.75	1	0.15	58.0	2	0.26	55.5	2	0.14	57.8	5	0.12	56.6	12	0.15	53.3	25	0.18
chr9	35682766	A	AG	0	70.0	1	0.44	60.0	1	0.31	58.33	1	0.22	61.25	3	0.42	60.0	3	0.37	61.0	4	0.24	55.6	6	0.16	55.5	14	0.19	54.45	21	0.15
chr9	35811487	ACCAGGACCAGAG	A	0	65.0	0	0.0	60.0	0	0.0	63.33	0	0.0	66.25	0	0.0	64.0	0	0.0	63.5	0	0.0	57.0	4	0.1	56.6	18	0.23	55.6	55	0.36
chr9	35906349	CCTG	C	0	70.0	1	0.42	67.5	1	0.22	65.0	1	0.16	63.75	2	0.25	67.0	4	0.36	66.0	9	0.42	64.6	21	0.4	61.5	32	0.34	58.9	47	0.27
chr9	35906602	C	CA	0	75.0	1	1.43	72.5	1	1.43	73.33	4	1.5	73.75	5	0.89	73.0	7	0.9	67.0	10	0.57	63.6	21	0.42	62.3	34	0.35	58.85	53	0.31
chr9	35906612	A	ACCC	0	80.0	1	1.33	75.0	4	1.54	73.33	4	0.83	72.5	6	0.87	73.0	7	0.74	68.0	9	0.48	63.6	21	0.42	62.0	33	0.34	59.0	52	0.3
chr9	36003430	CTT	C	0	70.0	1	0.42	62.5	1	0.26	60.0	1	0.19	60.0	1	0.14	59.0	1	0.12	55.5	4	0.26	53.2	5	0.14	52.4	9	0.13	47.1	15	0.14
chr9	40265389	TGA	T	0	40.0	0	0.0	32.5	0	0.0	33.33	0	0.0	32.5	0	0.0	30.0	0	0.0	32.0	1	0.24	35.4	4	0.28	33.9	8	0.3	31.8	13	0.27
chr9	41644425	C	CAG	0	50.0	0	0.0	52.5	1	0.5	50.0	1	0.34	48.75	1	0.26	50.0	1	0.21	52.5	5	0.37	58.6	22	0.52	58.5	55	0.64	56.35	96	0.6
chr9	41644444	ACT	A	0	50.0	0	0.0	50.0	0	0.0	50.0	0	0.0	50.0	1	0.24	50.0	1	0.16	52.0	2	0.15	57.0	21	0.52	58.3	55	0.65	56.8	96	0.6
chr9	41644444	T	TCA	0	50.0	0	0.0	50.0	0	0.0	50.0	0	0.0	50.0	1	0.24	50.0	1	0.16	52.0	2	0.15	57.0	21	0.52	58.3	55	0.65	56.8	96	0.6
chr9	41644459	G	GAC	0	50.0	0	0.0	50.0	0	0.0	48.33	0	0.0	48.75	0	0.0	50.0	0	0.0	52.0	2	0.15	57.0	21	0.52	57.8	52	0.63	56.9	96	0.59
chr9	64373273	CAAAG	C	0	35.0	0	0.0	42.5	1	0.56	38.33	1	0.46	38.75	1	0.34	41.0	1	0.24	38.5	1	0.13	37.2	4	0.23	36.8	9	0.27	35.8	13	0.21
chr9	64373282	CAG	C	0	45.0	1	1.0	40.0	1	0.63	36.67	1	0.51	37.5	1	0.36	40.0	1	0.25	38.0	1	0.14	36.4	4	0.24	36.9	9	0.26	35.8	12	0.19
chr9	66989705	TC	T	0	60.0	0	0.0	57.5	0	0.0	55.0	0	0.0	51.25	0	0.0	55.0	1	0.14	55.0	4	0.28	55.4	8	0.22	54.9	17	0.24	55.4	33	0.22
chr9	67293453	C	CA	0	30.0	0	0.0	30.0	0	0.0	36.67	1	0.51	37.5	1	0.37	40.0	3	0.76	41.0	4	0.48	47.0	8	0.29	42.5	12	0.27	38.7	22	0.29
chr9	67867343	AAAAG	A	0	15.0	0	0.0	27.5	0	0.0	31.67	1	0.86	33.75	1	0.53	34.0	2	0.83	31.5	2	0.42	31.2	2	0.17	35.5	6	0.2	36.95	11	0.16
chr9	68285994	G	GA	0	25.0	0	0.0	32.5	0	0.0	35.0	0	0.0	36.25	0	0.0	37.0	0	0.0	31.5	1	0.2	27.4	2	0.21	29.2	2	0.09	32.85	7	0.13
chr9	69387994	T	TGTTATA	0	30.0	0	0.0	45.0	0	0.0	41.67	0	0.0	45.0	0	0.0	46.0	2	0.38	46.5	3	0.28	47.4	4	0.14	45.3	12	0.23	46.35	23	0.21
chr9	70140211	TAAA	T	0	30.0	0	0.0	42.5	0	0.0	45.0	1	0.33	42.5	1	0.28	43.0	2	0.43	45.0	3	0.3	40.6	6	0.29	39.4	11	0.29	40.45	19	0.23
chr9	72700516	GAGA	G	0	25.0	0	0.0	22.5	0	0.0	25.0	0	0.0	26.25	0	0.0	30.0	0	0.0	31.5	0	0.0	31.6	0	0.0	35.1	5	0.16	38.8	18	0.24
chr9	76175211	GAATGGAATGA	G	0	35.0	0	0.0	37.5	0	0.0	40.0	0	0.0	41.25	0	0.0	42.0	0	0.0	43.5	4	0.5	40.2	11	0.55	38.0	17	0.47	37.95	31	0.43
chr9	76175226	GAATGGAATGA	G	0	35.0	0	0.0	35.0	0	0.0	35.0	0	0.0	38.75	0	0.0	41.0	0	0.0	42.5	4	0.52	40.4	12	0.59	37.8	17	0.48	38.0	31	0.43
chr9	76175231	GAATGA	G	0	30.0	0	0.0	35.0	0	0.0	35.0	0	0.0	37.5	0	0.0	40.0	1	0.39	41.0	4	0.56	40.4	12	0.59	37.7	17	0.48	38.05	31	0.43
chr9	76175234	T	TG	0	35.0	0	0.0	35.0	0	0.0	36.67	0	0.0	38.75	0	0.0	41.0	2	0.76	41.0	4	0.56	40.2	12	0.6	37.7	17	0.48	38.05	31	0.43
chr9	76175284	TCG	T	0	40.0	4	5.0	35.0	4	4.0	33.33	4	3.75	35.0	4	2.42	33.0	4	2.47	35.5	4	0.68	38.2	11	0.61	36.9	17	0.5	37.85	30	0.42
chr9	76175287	AATC	A	0	35.0	3	5.0	32.5	4	4.44	33.33	4	3.2	33.75	4	2.54	33.0	4	2.2	34.5	4	0.74	38.4	11	0.6	37.0	17	0.5	37.9	30	0.42
chr9	76703458	GGTGACAGCCTGCAAC	G	0	50.0	0	0.0	47.5	1	0.45	50.0	2	0.53	53.75	2	0.35	54.0	3	0.41	53.0	5	0.36	48.4	7	0.25	44.5	10	0.2	43.05	19	0.21
chr9	77384630	G	GTGA	0	45.0	0	0.0	37.5	0	0.0	40.0	0	0.0	40.0	0	0.0	37.0	0	0.0	33.0	0	0.0	30.4	0	0.0	27.6	0	0.0	27.35	3	0.08
chr9	77384630	GTGA	G	0	45.0	0	0.0	37.5	0	0.0	40.0	0	0.0	40.0	0	0.0	37.0	0	0.0	33.0	0	0.0	30.4	0	0.0	27.6	0	0.0	27.35	3	0.08
chr9	85741904	AGGC	A	0	85.0	4	1.54	87.5	7	0.98	76.67	10	1.19	76.25	12	1.1	79.0	17	1.11	77.0	32	1.08	77.6	74	0.98	71.8	124	0.96	59.9	162	0.9
chr9	86322935	ATTT	A	0	35.0	0	0.0	35.0	0	0.0	30.0	0	0.0	28.75	0	0.0	27.0	0	0.0	35.0	1	0.17	38.8	4	0.22	40.3	9	0.23	39.55	14	0.18
chr9	94318661	GAGA	G	0	60.0	0	0.0	57.5	0	0.0	55.0	1	0.25	55.0	1	0.18	56.0	1	0.15	61.0	3	0.17	61.2	8	0.17	61.5	18	0.19	61.55	38	0.2
chr9	97854411	TGCCGCAGCCGCC	T	0	85.0	4	1.11	77.5	8	1.37	81.67	13	1.37	81.25	16	1.33	77.0	18	1.36	76.5	34	1.21	72.4	72	1.15	74.8	146	1.06	70.65	233	0.94
chr9	97854417	AGCCGCC	A	0	90.0	4	1.0	90.0	10	1.27	85.0	15	1.43	78.75	16	1.42	79.0	19	1.33	76.0	34	1.24	72.6	71	1.12	74.7	146	1.06	70.5	232	0.94
chr9	97904744	A	AGACACCAAG	0	45.0	0	0.0	57.5	0	0.0	56.67	0	0.0	52.5	0	0.0	51.0	0	0.0	49.0	2	0.18	43.0	11	0.49	38.8	14	0.38	40.1	26	0.33
chr9	99105254	TGGCGGCGGC	T	0	80.0	3	0.94	85.0	7	0.97	86.67	13	1.16	85.0	16	1.11	84.0	19	1.09	86.5	40	1.1	81.8	85	1.06	79.2	142	0.93	68.6	190	0.85
chr9	104598486	GT	G	0	40.0	0	0.0	35.0	0	0.0	33.33	0	0.0	33.75	0	0.0	32.0	0	0.0	32.0	0	0.0	36.6	5	0.3	36.3	6	0.18	36.9	12	0.18
chr9	104605110	TGTTA	T	0	30.0	0	0.0	40.0	0	0.0	40.0	0	0.0	38.75	0	0.0	42.0	0	0.0	45.0	0	0.0	45.8	4	0.15	43.4	7	0.15	38.25	11	0.15
chr9	104605382	AGC	A	0	60.0	1	0.62	50.0	1	0.48	46.67	1	0.41	48.75	1	0.26	49.0	1	0.2	52.0	2	0.16	47.0	3	0.11	42.5	5	0.11	38.2	12	0.16
chr9	107331688	C	CA	0	20.0	0	0.0	30.0	0	0.0	33.33	0	0.0	36.25	0	0.0	35.0	0	0.0	37.0	1	0.15	37.0	5	0.29	38.6	15	0.41	37.75	19	0.27
chr9	107331688	CA	C	0	20.0	0	0.0	30.0	0	0.0	33.33	0	0.0	36.25	0	0.0	35.0	0	0.0	37.0	1	0.15	37.0	5	0.29	38.6	15	0.41	37.75	19	0.27
chr9	107331688	CAAA	C	0	20.0	0	0.0	30.0	0	0.0	33.33	0	0.0	36.25	0	0.0	35.0	0	0.0	37.0	1	0.15	37.0	5	0.29	38.6	15	0.41	37.75	19	0.27
chr9	110048734	TCCCCCGGAGTCTCCTGGA	T	0	80.0	3	1.09	77.5	4	0.68	78.33	5	0.56	75.0	6	0.56	75.0	8	0.6	78.0	20	0.66	70.6	39	0.65	62.3	60	0.62	60.7	107	0.58
chr9	110138060	G	GGAAGCT	0	55.0	1	0.83	60.0	2	0.62	58.33	3	0.61	56.25	3	0.5	54.0	3	0.43	51.5	4	0.31	55.6	12	0.31	53.7	19	0.26	52.55	34	0.25
chr9	110207463	AT	A	0	55.0	0	0.0	62.5	1	0.28	63.33	1	0.17	62.5	1	0.13	63.0	1	0.1	62.0	2	0.1	63.2	6	0.12	59.4	12	0.15	57.4	24	0.15
chr9	113169869	T	TTTC	0	35.0	0	0.0	45.0	2	1.23	50.0	2	0.56	50.0	2	0.44	53.0	2	0.29	53.0	2	0.14	50.0	5	0.16	51.0	10	0.15	49.45	20	0.16
chr9	113425364	G	GGCA	0	70.0	1	0.41	60.0	1	0.28	58.33	1	0.2	56.25	1	0.16	52.0	1	0.15	55.0	1	0.07	46.0	2	0.08	45.4	8	0.16	47.15	13	0.12
chr9	116398478	T	TAA	0	20.0	0	0.0	17.5	0	0.0	26.67	0	0.0	31.25	0	0.0	34.0	0	0.0	38.0	1	0.14	41.0	3	0.14	41.1	4	0.1	41.3	7	0.08
chr9	116398478	TA	T	0	20.0	0	0.0	17.5	0	0.0	26.67	0	0.0	31.25	0	0.0	34.0	0	0.0	38.0	1	0.14	41.0	3	0.14	41.1	4	0.1	41.3	7	0.08
chr9	116398478	TAA	T	0	20.0	0	0.0	17.5	0	0.0	26.67	0	0.0	31.25	0	0.0	34.0	0	0.0	38.0	1	0.14	41.0	3	0.14	41.1	4	0.1	41.3	7	0.08
chr9	120714263	ACGGCGG	A	0	85.0	5	1.52	90.0	10	1.3	83.33	13	1.3	81.25	16	1.22	84.0	20	1.13	79.0	32	1.03	75.2	63	0.89	74.1	124	0.92	67.9	180	0.79
chr9	122093050	G	GTGGCCT	0	75.0	3	1.11	67.5	4	0.94	73.33	8	1.05	73.75	12	1.16	76.0	15	1.12	76.5	24	0.87	75.8	60	0.85	73.0	109	0.82	62.05	128	0.67
chr9	122093179	ACCG	A	0	80.0	2	0.67	87.5	7	0.93	85.0	9	0.85	83.75	12	0.9	79.0	13	0.87	78.0	27	0.96	74.6	60	0.88	71.2	99	0.78	63.1	134	0.67
chr9	122511105	A	AT	0	20.0	0	0.0	22.5	0	0.0	31.67	0	0.0	33.75	1	0.44	34.0	2	0.7	40.5	3	0.39	50.0	7	0.24	48.4	12	0.21	42.4	17	0.19
chr9	122629490	C	CA	0	40.0	0	0.0	50.0	2	0.81	46.67	2	0.67	48.75	2	0.49	48.0	2	0.4	47.5	2	0.19	45.6	8	0.31	45.8	14	0.27	44.15	26	0.27
chr9	123065472	C	CA	0	20.0	0	0.0	27.5	0	0.0	28.33	0	0.0	32.5	0	0.0	32.0	0	0.0	35.0	2	0.33	35.6	2	0.13	38.0	7	0.19	37.1	14	0.2
chr9	123065472	CA	C	0	20.0	0	0.0	27.5	0	0.0	28.33	0	0.0	32.5	0	0.0	32.0	0	0.0	35.0	2	0.33	35.6	2	0.13	38.0	7	0.19	37.1	14	0.2
chr9	128258515	GCCT	G	0	70.0	1	0.61	65.0	1	0.28	63.33	1	0.19	66.25	2	0.27	67.0	4	0.41	64.0	4	0.2	59.6	8	0.18	58.6	18	0.21	59.75	42	0.24
chr9	128258515	GCCTCCT	G	0	70.0	1	0.61	65.0	1	0.28	63.33	1	0.19	66.25	2	0.27	67.0	4	0.41	64.0	4	0.2	59.6	8	0.18	58.6	18	0.21	59.75	42	0.24
chr9	128840617	A	AT	0	20.0	0	0.0	20.0	0	0.0	25.0	0	0.0	26.25	0	0.0	28.0	0	0.0	37.0	1	0.15	43.0	2	0.09	44.1	11	0.23	46.6	42	0.39
chr9	128840617	AT	A	0	20.0	0	0.0	20.0	0	0.0	25.0	0	0.0	26.25	0	0.0	28.0	0	0.0	37.0	1	0.15	43.0	2	0.09	44.1	11	0.23	46.6	42	0.39
chr9	128840617	ATT	A	0	20.0	0	0.0	20.0	0	0.0	25.0	0	0.0	26.25	0	0.0	28.0	0	0.0	37.0	1	0.15	43.0	2	0.09	44.1	11	0.23	46.6	42	0.39
chr9	129868384	TGAC	T	0	60.0	1	0.57	70.0	3	0.62	70.0	4	0.56	70.0	7	0.72	69.0	8	0.68	67.0	15	0.67	66.0	33	0.61	64.7	51	0.49	63.15	85	0.43
chr9	130681604	TCGCCGCCGC	T	0	95.0	7	1.67	92.5	13	1.67	93.33	17	1.49	93.75	24	1.54	88.0	24	1.4	86.0	43	1.24	79.0	80	1.07	76.3	128	0.9	65.3	169	0.8
chr9	130681604	TCGCCGCCGCCGCCGCCGC	T	0	95.0	7	1.67	92.5	13	1.67	93.33	17	1.49	93.75	24	1.54	88.0	24	1.4	86.0	43	1.24	79.0	80	1.07	76.3	128	0.9	65.3	169	0.8
chr9	134642251	CGCT	C	0	80.0	1	0.33	80.0	4	0.65	83.33	8	0.78	82.5	12	0.9	79.0	15	0.97	82.5	33	0.97	75.2	67	0.96	72.4	113	0.86	68.25	168	0.72
chr9	135077072	G	GAA	0	45.0	0	0.0	55.0	0	0.0	60.0	0	0.0	62.5	0	0.0	60.0	1	0.12	57.5	3	0.18	56.4	7	0.18	55.3	13	0.17	56.6	36	0.22
chr9	135077149	G	GCA	0	40.0	0	0.0	45.0	0	0.0	46.67	0	0.0	51.25	0	0.0	53.0	0	0.0	55.0	0	0.0	56.8	5	0.12	55.7	13	0.17	56.35	37	0.23
chr9	135077149	GCA	G	0	40.0	0	0.0	45.0	0	0.0	46.67	0	0.0	51.25	0	0.0	53.0	0	0.0	55.0	0	0.0	56.8	5	0.12	55.7	13	0.17	56.35	37	0.23
chr9	135259188	C	CAA	0	70.0	2	1.21	60.0	2	0.62	58.33	2	0.43	60.0	4	0.65	60.0	5	0.62	59.5	12	0.79	62.4	40	0.96	62.0	57	0.63	57.25	86	0.53
chr9	135259269	C	CGG	0	55.0	1	1.11	57.5	2	0.63	60.0	4	0.83	62.5	6	0.91	60.0	7	0.85	61.0	14	0.88	61.6	35	0.83	61.2	54	0.61	57.1	85	0.53
chr9	135259270	TTC	T	0	50.0	1	1.25	55.0	2	0.68	61.67	5	1.0	62.5	6	0.91	60.0	7	0.85	61.0	14	0.88	61.6	35	0.83	61.2	54	0.61	57.15	85	0.53
chr9	135549838	G	GC	0	80.0	1	0.33	70.0	1	0.25	68.33	1	0.18	67.5	1	0.15	67.0	1	0.12	68.0	3	0.14	66.6	10	0.19	66.1	31	0.29	66.15	80	0.37
chr9	135624499	CA	C	0	70.0	1	0.5	70.0	2	0.43	60.0	2	0.4	56.25	3	0.5	57.0	5	0.62	56.0	7	0.45	50.4	15	0.47	48.4	23	0.39	45.6	45	0.43
chr9	135945094	GCCT	G	0	60.0	0	0.0	60.0	3	0.89	60.0	4	0.78	62.5	7	0.93	61.0	7	0.78	62.5	12	0.62	60.8	21	0.47	58.9	38	0.44	56.6	73	0.46
chr9	136341023	TC	T	0	70.0	0	0.0	70.0	2	0.43	66.67	2	0.31	68.75	3	0.34	68.0	5	0.47	68.5	11	0.48	68.4	25	0.43	68.0	42	0.36	64.2	67	0.33
chr9	136383541	CGCT	C	0	70.0	2	1.0	67.5	2	0.47	71.67	4	0.54	71.25	4	0.44	70.0	5	0.45	68.5	10	0.44	68.6	23	0.39	66.0	44	0.41	62.2	66	0.34
chr9	136687305	C	CCAG	0	65.0	0	0.0	72.5	4	0.77	71.67	8	1.04	71.25	10	0.99	70.0	11	0.9	74.5	28	1.02	76.2	68	0.94	75.8	110	0.78	72.25	172	0.66
chr9	137878216	C	CTCCATTCGAGT	0	60.0	1	0.57	70.0	5	1.03	71.67	9	1.18	73.75	13	1.21	73.0	15	1.16	72.0	26	1.01	76.4	69	0.96	76.6	142	0.99	76.3	246	0.86
chr9	138023717	TGGAGAAGGAGACCAC	T	0	60.0	1	0.74	65.0	3	0.73	66.67	4	0.62	68.75	6	0.66	70.0	10	0.86	72.5	21	0.83	77.2	64	0.88	72.3	107	0.84	68.25	167	0.73
